Date,Open,High,Low,Close,Volume,Adj Close,,2023-04-06
2023-04-06,14.310,14.360,14.310,14.360,1000.000,14.360
2023-04-05,14.390,14.390,14.390,14.390,200.000,14.390
2023-04-04,14.550,14.550,14.380,14.380,200.000,14.380
2023-04-03,14.540,14.540,14.530,14.540,1800.000,14.540
2023-03-31,14.490,14.590,14.490,14.588,1000.000,14.588
2023-03-30,14.410,14.441,14.410,14.417,4800.000,14.417
2023-03-29,14.337,14.337,14.337,14.337,100.000,14.337
2023-03-28,14.185,14.210,14.185,14.190,900.000,14.190
2023-03-27,14.100,14.100,14.070,14.070,500.000,14.070
2023-03-24,13.770,14.016,13.760,14.016,500.000,14.016
2023-03-23,14.019,14.019,13.860,13.860,200.000,13.860
2023-03-22,14.030,14.119,13.910,13.910,1600.000,13.910
2023-03-21,14.170,14.190,14.011,14.040,2100.000,14.040
2023-03-20,13.970,14.060,13.970,14.060,800.000,14.060
2023-03-17,14.030,14.030,13.830,13.880,1400.000,13.880
2023-03-16,13.970,14.180,13.970,14.180,3300.000,14.180
2023-03-15,13.925,14.040,13.925,14.040,400.000,14.040
2023-03-14,14.140,14.230,14.140,14.150,1800.000,14.150
2023-03-13,14.020,14.090,13.970,14.050,800.000,14.050
2023-03-10,14.210,14.210,14.000,14.030,1500.000,14.030
2023-03-09,14.391,14.391,14.200,14.200,800.000,14.200
2023-03-08,14.420,14.420,14.420,14.420,211.000,14.420
2023-03-07,14.440,14.440,14.260,14.260,1000.000,14.260
2023-03-06,14.600,14.689,14.535,14.535,3500.000,14.535
2023-03-03,14.520,14.615,14.470,14.615,1500.000,14.615
2023-03-02,14.290,14.470,14.290,14.470,700.000,14.470
2023-03-01,14.390,14.420,14.370,14.370,600.000,14.370
2023-02-28,14.630,14.630,14.470,14.470,1500.000,14.470
2023-02-27,14.570,14.570,14.550,14.550,300.000,14.550
2023-02-24,14.430,14.490,14.270,14.450,1600.000,14.450
2023-02-23,14.645,14.645,14.645,14.645,200.000,14.645
2023-02-22,14.720,14.720,14.610,14.610,500.000,14.610
2023-02-21,14.870,14.870,14.670,14.710,10600.000,14.710
2023-02-17,14.870,14.945,14.850,14.945,700.000,14.945
2023-02-16,14.900,14.900,14.770,14.860,1400.000,14.860
2023-02-15,14.941,15.020,14.941,15.014,1000.000,15.014
2023-02-14,14.919,14.958,14.910,14.910,1200.000,14.910
2023-02-13,14.780,14.950,14.780,14.950,1800.000,14.950
2023-02-10,14.670,14.740,14.670,14.740,2200.000,14.740
2023-02-09,14.950,14.950,14.730,14.730,1500.000,14.730
2023-02-08,14.950,14.952,14.840,14.850,1900.000,14.850
2023-02-07,14.910,15.000,14.830,15.000,2000.000,15.000
2023-02-06,14.877,14.890,14.877,14.890,900.000,14.890
2023-02-03,15.070,15.090,14.990,14.990,1400.000,14.990
2023-02-02,15.124,15.250,15.124,15.240,3200.000,15.240
2023-02-01,14.765,15.030,14.765,15.030,2400.000,15.030
2023-01-31,14.540,14.838,14.540,14.838,2100.000,14.838
2023-01-30,14.460,14.460,14.460,14.460,300.000,14.460
2023-01-27,14.590,14.660,14.590,14.660,1600.000,14.660
2023-01-26,14.540,14.540,14.510,14.510,700.000,14.510
2023-01-25,14.410,14.570,14.410,14.540,500.000,14.540
2023-01-24,14.440,14.520,14.440,14.520,677.000,14.520
2023-01-23,14.320,14.400,14.245,14.370,3744.000,14.370
2023-01-20,14.170,14.353,14.170,14.353,2800.000,14.353
2023-01-19,14.290,14.290,14.200,14.200,1100.000,14.200
2023-01-18,14.680,14.680,14.460,14.460,1200.000,14.460
2023-01-17,14.700,14.750,14.600,14.600,2800.000,14.600
2023-01-13,14.700,14.720,14.700,14.720,300.000,14.720
2023-01-12,14.540,14.630,14.540,14.610,600.000,14.610
2023-01-11,14.500,14.550,14.500,14.550,600.000,14.550
2023-01-10,14.275,14.400,14.240,14.400,1400.000,14.400
2023-01-09,14.320,14.320,14.240,14.240,600.000,14.240
2023-01-06,14.250,14.330,14.240,14.330,1300.000,14.330
2023-01-05,14.060,14.146,13.890,13.960,2900.000,13.960
2023-01-04,13.980,14.163,13.980,14.150,2400.000,14.150
2023-01-03,13.870,13.870,13.600,13.830,46400.000,13.830
2022-12-30,13.910,13.930,13.830,13.830,5000.000,13.830
2022-12-29,13.940,14.050,13.940,14.050,3500.000,14.050
2022-12-28,14.110,14.110,13.880,13.880,2900.000,13.743
2022-12-27,14.080,14.080,13.930,14.080,4300.000,13.941
2022-12-23,13.980,13.990,13.980,13.980,900.000,13.842
2022-12-22,13.870,13.903,13.790,13.903,1800.000,13.766
2022-12-21,13.990,14.109,13.990,14.020,900.000,13.882
2022-12-20,13.880,13.910,13.880,13.910,9100.000,13.773
2022-12-19,13.936,13.960,13.840,13.840,500.000,13.704
2022-12-16,13.959,13.975,13.919,13.975,400.000,13.837
2022-12-15,14.360,14.360,13.821,14.110,3300.000,13.971
2022-12-14,14.659,14.660,14.330,14.530,2700.000,14.387
2022-12-13,14.760,14.760,14.528,14.585,700.000,14.441
2022-12-12,14.410,14.410,14.410,14.410,200.000,14.268
2022-12-09,14.350,14.400,14.350,14.380,1400.000,14.238
2022-12-08,14.320,14.320,14.320,14.320,300.000,14.179
2022-12-07,14.250,14.300,14.250,14.300,1900.000,14.159
2022-12-06,14.200,14.240,14.200,14.240,700.000,14.100
2022-12-05,14.300,14.310,14.290,14.290,48600.000,14.149
2022-12-02,14.350,14.456,14.300,14.456,3200.000,14.314
2022-12-01,14.444,14.500,14.444,14.500,300.000,14.357
2022-11-30,14.030,14.340,13.990,14.340,1200.000,14.199
2022-11-29,14.099,14.099,14.055,14.090,1400.000,13.951
2022-11-28,14.420,14.420,14.140,14.152,1600.000,14.013
2022-11-25,14.540,14.540,14.460,14.460,500.000,14.318
2022-11-23,14.290,14.460,14.290,14.460,2400.000,14.318
2022-11-22,14.160,14.250,14.160,14.250,1600.000,14.110
2022-11-21,14.170,14.170,14.170,14.170,100.000,14.030
2022-11-18,14.140,14.140,14.140,14.140,200.000,14.001
2022-11-17,14.020,14.020,13.818,13.931,2000.000,13.794
2022-11-16,14.190,14.320,14.100,14.145,5100.000,14.006
2022-11-15,14.240,14.240,14.130,14.240,2600.000,14.100
2022-11-14,14.020,14.059,14.010,14.010,700.000,13.872
2022-11-11,14.060,14.080,14.030,14.048,1300.000,13.910
2022-11-10,13.900,14.020,13.890,14.020,1600.000,13.882
2022-11-09,13.340,13.340,13.170,13.170,900.000,13.040
2022-11-08,13.420,13.420,13.390,13.396,900.000,13.264
2022-11-07,13.290,13.290,13.171,13.290,1900.000,13.159
2022-11-04,13.170,13.230,13.080,13.230,1000.000,13.100
2022-11-03,13.000,13.010,12.879,12.930,4600.000,12.803
2022-11-02,13.416,13.416,13.168,13.168,500.000,13.038
2022-11-01,13.650,13.651,13.458,13.458,1200.000,13.325
2022-10-31,13.440,13.550,13.440,13.520,2300.000,13.387
2022-10-28,13.482,13.538,13.482,13.538,500.000,13.405
2022-10-27,13.429,13.429,13.312,13.312,600.000,13.181
2022-10-26,13.325,13.325,13.220,13.220,900.000,13.090
2022-10-25,13.210,13.212,13.192,13.212,400.000,13.082
2022-10-24,12.760,12.910,12.760,12.871,2400.000,12.744
2022-10-21,12.442,12.720,12.423,12.720,1400.000,12.595
2022-10-20,12.454,12.454,12.440,12.449,1500.000,12.326
2022-10-19,12.677,12.790,12.677,12.790,600.000,12.664
2022-10-18,12.990,12.990,12.870,12.941,900.000,12.814
2022-10-17,12.810,12.810,12.740,12.800,900.000,12.674
2022-10-14,12.605,12.605,12.280,12.302,2800.000,12.181
2022-10-13,12.525,12.525,12.525,12.525,500.000,12.402
2022-10-12,12.390,12.390,12.340,12.340,1600.000,12.218
2022-10-11,12.500,12.600,12.500,12.530,1600.000,12.407
2022-10-10,12.560,12.600,12.520,12.520,2200.000,12.397
2022-10-07,12.632,12.640,12.570,12.640,1800.000,12.516
2022-10-06,12.980,12.980,12.880,12.901,700.000,12.774
2022-10-05,13.115,13.115,13.070,13.070,600.000,12.941
2022-10-04,13.209,13.280,13.209,13.280,2400.000,13.149
2022-10-03,12.630,12.950,12.605,12.909,2500.000,12.782
2022-09-30,12.515,12.560,12.460,12.460,1800.000,12.337
2022-09-29,12.596,12.596,12.510,12.510,3500.000,12.387
2022-09-28,12.518,12.890,12.518,12.820,2100.000,12.694
2022-09-27,12.690,12.690,12.435,12.440,2100.000,12.317
2022-09-26,12.730,12.853,12.610,12.640,8200.000,12.516
2022-09-23,12.990,12.990,12.820,12.900,1500.000,12.773
2022-09-22,13.260,13.260,13.150,13.160,3000.000,13.030
2022-09-21,13.600,13.600,13.350,13.370,1100.000,13.238
2022-09-20,13.530,13.560,13.400,13.460,11200.000,13.327
2022-09-19,13.440,13.760,13.440,13.710,8600.000,13.575
2022-09-16,13.540,13.630,13.500,13.590,6600.000,13.456
2022-09-15,13.765,13.765,13.690,13.690,1200.000,13.555
2022-09-14,13.970,13.980,13.870,13.930,6800.000,13.793
2022-09-13,14.290,14.290,13.974,14.000,11300.000,13.862
2022-09-12,14.400,14.630,14.375,14.480,6600.000,14.337
2022-09-09,14.270,14.320,14.270,14.300,2000.000,14.159
2022-09-08,14.061,14.140,14.061,14.100,3200.000,13.961
2022-09-07,13.959,14.140,13.955,14.140,1200.000,14.001
2022-09-06,13.890,13.920,13.800,13.839,3100.000,13.703
2022-09-02,14.010,14.010,13.830,13.860,5900.000,13.723
2022-09-01,13.900,13.920,13.818,13.920,3300.000,13.783
2022-08-31,14.110,14.110,13.990,13.990,1400.000,13.852
2022-08-30,14.230,14.230,14.030,14.030,2800.000,13.892
2022-08-29,14.240,14.370,14.001,14.270,14900.000,14.129
2022-08-26,14.530,14.530,14.373,14.375,3300.000,14.233
2022-08-25,14.630,14.830,14.600,14.710,6100.000,14.565
2022-08-24,14.580,14.590,14.580,14.585,1500.000,14.441
2022-08-23,14.650,14.650,14.520,14.580,1300.000,14.436
2022-08-22,14.790,14.805,14.679,14.730,2500.000,14.585
2022-08-19,14.945,14.945,14.945,14.945,900.000,14.798
2022-08-18,15.170,15.210,15.115,15.190,3600.000,15.040
2022-08-17,15.150,15.150,15.120,15.122,700.000,14.973
2022-08-16,15.190,15.270,15.190,15.245,2100.000,15.095
2022-08-15,15.120,15.210,15.120,15.210,3600.000,15.060
2022-08-12,15.030,15.139,15.030,15.139,4800.000,14.990
2022-08-11,15.020,15.115,14.900,14.900,3500.000,14.753
2022-08-10,14.900,14.990,14.890,14.960,6300.000,14.813
2022-08-09,14.708,14.710,14.653,14.653,700.000,14.509
2022-08-08,14.760,14.830,14.760,14.770,8000.000,14.625
2022-08-05,14.720,14.720,14.559,14.610,4200.000,14.466
2022-08-04,14.720,14.870,14.710,14.870,1400.000,14.724
2022-08-03,14.480,14.620,14.450,14.620,3600.000,14.476
2022-08-02,14.590,14.590,14.500,14.500,2500.000,14.357
2022-08-01,14.500,14.560,14.430,14.550,3800.000,14.407
2022-07-29,14.510,14.520,14.510,14.520,500.000,14.377
2022-07-28,14.290,14.490,14.150,14.400,3700.000,14.258
2022-07-27,13.950,14.110,13.925,14.040,1800.000,13.902
2022-07-26,13.790,13.830,13.790,13.830,2100.000,13.694
2022-07-25,13.760,13.770,13.755,13.770,1300.000,13.634
2022-07-22,13.770,13.790,13.670,13.710,3900.000,13.575
2022-07-21,13.588,13.635,13.585,13.635,1400.000,13.501
2022-07-20,13.510,13.530,13.470,13.485,6600.000,13.352
2022-07-19,13.240,13.410,13.240,13.390,4400.000,13.258
2022-07-18,13.360,13.360,13.072,13.072,3600.000,12.943
2022-07-15,13.185,13.210,13.150,13.150,700.000,13.020
2022-07-14,12.920,13.058,12.915,13.058,2600.000,12.929
2022-07-13,13.050,13.140,13.020,13.121,1200.000,12.992
2022-07-12,13.309,13.309,13.090,13.090,600.000,12.961
2022-07-11,13.235,13.270,13.230,13.230,600.000,13.100
2022-07-08,13.300,13.350,13.300,13.320,900.000,13.189
2022-07-07,13.430,13.460,13.425,13.460,900.000,13.327
2022-07-06,13.270,13.307,13.270,13.307,400.000,13.176
2022-07-05,13.020,13.220,13.020,13.220,3800.000,13.090
2022-07-01,13.100,13.320,13.100,13.320,1700.000,13.189
2022-06-30,13.000,13.160,13.000,13.160,400.000,13.030
2022-06-29,12.380,13.070,12.370,13.070,2200.000,12.941
2022-06-28,13.370,13.380,13.120,13.120,3900.000,12.913
2022-06-27,13.350,13.350,13.328,13.328,1400.000,13.118
2022-06-24,13.100,13.350,13.100,13.350,2600.000,13.139
2022-06-23,12.760,12.960,12.760,12.935,1200.000,12.731
2022-06-22,12.750,12.790,12.690,12.700,5400.000,12.499
2022-06-21,12.640,12.690,12.640,12.690,4500.000,12.490
2022-06-17,12.635,12.660,12.635,12.660,400.000,12.460
2022-06-16,12.750,12.750,12.580,12.580,900.000,12.381
2022-06-15,13.027,13.027,12.950,13.020,1000.000,12.814
2022-06-14,13.020,13.020,12.780,12.800,6100.000,12.598
2022-06-13,13.310,13.310,13.040,13.040,3100.000,12.834
2022-06-10,13.620,13.620,13.580,13.580,300.000,13.366
2022-06-09,14.010,14.100,13.890,13.890,2100.000,13.671
2022-06-08,14.150,14.150,14.030,14.035,800.000,13.813
2022-06-07,14.180,14.279,14.180,14.240,1100.000,14.015
2022-06-06,14.240,14.285,14.235,14.235,900.000,14.010
2022-06-03,14.270,14.270,14.170,14.220,4200.000,13.995
2022-06-02,14.130,14.330,14.130,14.330,2600.000,14.104
2022-06-01,13.910,14.000,13.900,14.000,1100.000,13.779
2022-05-31,13.935,13.990,13.935,13.970,1000.000,13.749
2022-05-27,13.992,14.050,13.980,14.050,800.000,13.828
2022-05-26,13.915,13.915,13.895,13.895,1000.000,13.676
2022-05-25,13.820,13.895,13.750,13.830,14100.000,13.612
2022-05-24,13.840,13.903,13.840,13.903,600.000,13.683
2022-05-23,13.950,14.000,13.950,14.000,700.000,13.779
2022-05-20,13.669,13.800,13.669,13.800,200.000,13.582
2022-05-19,13.660,13.810,13.660,13.810,500.000,13.592
2022-05-18,13.760,13.800,13.660,13.660,900.000,13.444
2022-05-17,13.970,13.970,13.970,13.970,600.000,13.749
2022-05-16,13.740,13.740,13.740,13.740,300.000,13.523
2022-05-13,13.634,13.781,13.634,13.770,1300.000,13.553
2022-05-12,13.380,13.530,13.380,13.530,800.000,13.316
2022-05-11,13.443,13.562,13.360,13.410,2100.000,13.198
2022-05-10,13.650,13.650,13.370,13.420,5400.000,13.208
2022-05-09,13.620,13.640,13.539,13.539,5200.000,13.325
2022-05-06,13.830,13.830,13.595,13.750,9100.000,13.533
2022-05-05,14.230,14.230,13.825,13.876,6600.000,13.657
2022-05-04,13.910,14.340,13.900,14.340,8300.000,14.114
2022-05-03,13.930,13.986,13.908,13.930,10100.000,13.710
2022-05-02,14.020,14.020,13.770,13.890,10000.000,13.671
2022-04-29,14.090,14.090,14.010,14.010,600.000,13.789
2022-04-28,14.220,14.290,14.030,14.270,1200.000,14.045
2022-04-27,14.220,14.220,14.100,14.120,800.000,13.897
2022-04-26,14.360,14.360,14.000,14.000,6900.000,13.779
2022-04-25,14.430,14.450,14.250,14.450,2400.000,14.222
2022-04-22,14.610,14.700,14.510,14.550,2500.000,14.320
2022-04-21,14.920,14.920,14.670,14.720,9200.000,14.488
2022-04-20,14.860,14.940,14.860,14.940,1500.000,14.704
2022-04-19,14.530,14.720,14.530,14.720,3900.000,14.488
2022-04-18,14.780,14.780,14.560,14.610,16600.000,14.379
2022-04-14,14.990,14.990,14.790,14.790,800.000,14.556
2022-04-13,14.980,15.010,14.950,15.010,1400.000,14.773
2022-04-12,15.075,15.080,14.920,14.920,3200.000,14.684
2022-04-11,15.035,15.035,14.980,14.980,2500.000,14.743
2022-04-08,15.240,15.240,15.180,15.180,600.000,14.940
2022-04-07,15.180,15.180,15.170,15.170,2100.000,14.930
2022-04-06,15.210,15.210,15.210,15.210,600.000,14.970
2022-04-05,15.430,15.490,15.260,15.260,9100.000,15.019
2022-04-04,15.420,15.420,15.310,15.370,2100.000,15.127
2022-04-01,15.250,15.400,15.250,15.400,3200.000,15.157
2022-03-31,15.400,15.400,15.190,15.240,5800.000,14.999
2022-03-30,15.425,15.425,15.400,15.400,1900.000,15.157
2022-03-29,15.310,15.410,15.310,15.390,75800.000,15.147
2022-03-28,15.110,15.110,15.040,15.040,700.000,14.803
2022-03-25,15.110,15.110,15.050,15.100,5100.000,14.862
2022-03-24,15.010,15.060,15.000,15.020,8900.000,14.783
2022-03-23,15.030,15.045,14.940,15.020,2700.000,14.783
2022-03-22,15.180,15.250,15.180,15.189,2100.000,14.949
2022-03-21,15.160,15.170,15.130,15.130,1800.000,14.891
2022-03-18,14.990,15.220,14.990,15.180,3400.000,14.940
2022-03-17,14.890,15.050,14.840,15.000,14600.000,14.763
2022-03-16,14.770,14.870,14.740,14.870,7100.000,14.635
2022-03-15,14.540,14.550,14.530,14.550,1100.000,14.320
2022-03-14,14.500,14.500,14.360,14.400,7800.000,14.173
2022-03-11,14.660,14.699,14.390,14.419,7000.000,14.191
2022-03-10,14.590,14.590,14.480,14.590,3100.000,14.360
2022-03-09,14.690,14.810,14.690,14.778,3100.000,14.545
2022-03-08,14.640,14.649,14.430,14.430,3300.000,14.202
2022-03-07,14.740,14.740,14.605,14.670,4700.000,14.438
2022-03-04,14.858,15.020,14.858,15.020,2200.000,14.783
2022-03-03,15.120,15.120,14.971,15.038,3500.000,14.801
2022-03-02,15.000,15.080,15.000,15.080,1700.000,14.842
2022-03-01,15.070,15.103,14.770,14.868,3000.000,14.633
2022-02-28,15.010,15.010,15.010,15.010,400.000,14.773
2022-02-25,14.820,15.010,14.820,15.010,1000.000,14.773
2022-02-24,14.470,14.751,14.399,14.751,4900.000,14.518
2022-02-23,14.960,14.960,14.750,14.750,3000.000,14.517
2022-02-22,15.000,15.000,14.830,14.859,5100.000,14.624
2022-02-18,15.120,15.148,15.080,15.080,4200.000,14.842
2022-02-17,15.130,15.148,15.040,15.080,2300.000,14.842
2022-02-16,15.105,15.250,15.105,15.238,700.000,14.997
2022-02-15,15.140,15.220,15.140,15.220,3200.000,14.980
2022-02-14,15.055,15.055,14.980,15.040,1500.000,14.803
2022-02-11,15.110,15.142,15.110,15.142,1000.000,14.903
2022-02-10,15.360,15.385,15.286,15.300,1200.000,15.058
2022-02-09,15.570,15.579,15.530,15.530,1400.000,15.285
2022-02-08,15.190,15.410,15.190,15.400,25600.000,15.157
2022-02-07,15.310,15.310,15.201,15.201,3300.000,14.961
2022-02-04,15.400,15.400,15.180,15.310,1300.000,15.068
2022-02-03,15.620,15.620,15.421,15.436,3000.000,15.192
2022-02-02,15.770,15.780,15.762,15.762,2000.000,15.513
2022-02-01,15.750,15.750,15.620,15.707,6800.000,15.459
2022-01-31,15.462,15.699,15.430,15.680,10600.000,15.432
2022-01-28,15.150,15.360,15.120,15.346,3400.000,15.104
2022-01-27,15.519,15.519,15.140,15.170,5900.000,14.930
2022-01-26,15.580,15.649,15.270,15.290,5700.000,15.049
2022-01-25,15.580,15.590,15.420,15.510,3000.000,15.265
2022-01-24,15.650,15.808,15.321,15.808,32000.000,15.558
2022-01-21,15.870,15.880,15.830,15.831,4200.000,15.581
2022-01-20,16.140,16.140,15.940,15.940,2400.000,15.688
2022-01-19,16.200,16.200,16.131,16.150,1400.000,15.895
2022-01-18,16.170,16.185,16.170,16.185,1900.000,15.929
2022-01-14,16.490,16.490,16.250,16.250,3100.000,15.993
2022-01-13,16.690,16.720,16.580,16.580,2300.000,16.318
2022-01-12,16.789,16.789,16.722,16.750,1100.000,16.486
2022-01-11,16.660,16.695,16.550,16.685,2900.000,16.422
2022-01-10,16.700,16.700,16.590,16.670,2600.000,16.407
2022-01-07,16.865,16.880,16.865,16.880,1200.000,16.613
2022-01-06,17.080,17.130,17.000,17.000,12200.000,16.732
2022-01-05,17.270,17.350,17.080,17.080,6300.000,16.810
2022-01-04,17.290,17.393,17.290,17.390,10600.000,17.115
2022-01-03,17.530,17.530,17.240,17.320,6100.000,17.047
2021-12-31,17.420,17.550,17.400,17.540,21200.000,17.263
2021-12-30,17.570,17.570,17.420,17.420,11400.000,17.145
2021-12-29,17.570,17.660,17.570,17.650,4100.000,17.206
2021-12-28,17.480,17.550,17.480,17.550,2900.000,17.109
2021-12-27,17.310,17.480,17.310,17.480,1400.000,17.041
2021-12-23,17.360,17.360,17.310,17.322,1900.000,16.887
2021-12-22,17.126,17.260,17.126,17.240,2500.000,16.807
2021-12-21,17.040,17.120,17.040,17.120,7200.000,16.690
2021-12-20,16.950,17.020,16.820,16.950,5200.000,16.524
2021-12-17,17.090,17.090,17.080,17.080,800.000,16.651
2021-12-16,17.340,17.340,17.250,17.250,1300.000,16.816
2021-12-15,17.120,17.340,17.120,17.300,4100.000,16.865
2021-12-14,17.231,17.300,17.101,17.120,3200.000,16.690
2021-12-13,17.310,17.370,17.245,17.310,13800.000,16.875
2021-12-10,17.340,17.350,17.280,17.340,15300.000,16.904
2021-12-09,17.350,17.350,17.267,17.275,2000.000,16.841
2021-12-08,17.410,17.430,17.402,17.420,2700.000,16.982
2021-12-07,17.230,17.370,17.230,17.321,2200.000,16.886
2021-12-06,16.960,17.170,16.960,17.108,4600.000,16.678
2021-12-03,16.990,16.990,16.765,16.864,3800.000,16.440
2021-12-02,16.900,16.980,16.900,16.920,1000.000,16.495
2021-12-01,16.860,16.870,16.600,16.600,3300.000,16.183
2021-11-30,17.103,17.110,16.770,16.770,2600.000,16.349
2021-11-29,17.080,17.190,17.040,17.170,3500.000,16.738
2021-11-26,17.080,17.150,16.970,16.972,3200.000,16.545
2021-11-24,17.300,17.300,17.220,17.230,3000.000,16.797
2021-11-23,17.370,17.370,17.270,17.350,3800.000,16.914
2021-11-22,17.440,17.530,17.440,17.470,5800.000,17.031
2021-11-19,17.380,17.440,17.380,17.440,2400.000,17.002
2021-11-18,17.320,17.400,17.320,17.376,10100.000,16.939
2021-11-17,17.350,17.350,17.250,17.330,5400.000,16.894
2021-11-16,17.300,17.430,17.300,17.369,4200.000,16.932
2021-11-15,17.410,17.440,17.300,17.320,2700.000,16.885
2021-11-12,17.330,17.365,17.210,17.365,2600.000,16.929
2021-11-11,17.360,17.360,17.210,17.291,3300.000,16.856
2021-11-10,17.330,17.330,17.280,17.290,7000.000,16.855
2021-11-09,17.320,17.320,17.280,17.295,3700.000,16.860
2021-11-08,17.300,17.315,17.230,17.315,3100.000,16.880
2021-11-05,17.120,17.230,17.110,17.190,6000.000,16.758
2021-11-04,17.000,17.080,17.000,17.040,7100.000,16.612
2021-11-03,16.920,16.920,16.770,16.780,2400.000,16.358
2021-11-02,16.870,16.980,16.860,16.980,2800.000,16.553
2021-11-01,16.810,16.810,16.765,16.800,2200.000,16.378
2021-10-29,16.750,16.800,16.750,16.755,3800.000,16.334
2021-10-28,16.620,16.760,16.620,16.720,2300.000,16.300
2021-10-27,16.680,16.680,16.630,16.630,1700.000,16.212
2021-10-26,16.760,16.760,16.680,16.682,2700.000,16.263
2021-10-25,16.690,16.743,16.630,16.701,1800.000,16.281
2021-10-22,16.680,16.690,16.640,16.640,1600.000,16.222
2021-10-21,16.520,16.600,16.520,16.590,4400.000,16.173
2021-10-20,16.530,16.550,16.530,16.550,1000.000,16.134
2021-10-19,16.520,16.550,16.500,16.525,4100.000,16.110
2021-10-18,16.370,16.460,16.350,16.430,4000.000,16.017
2021-10-15,16.430,16.490,16.370,16.429,9100.000,16.016
2021-10-14,16.250,16.400,16.230,16.387,3500.000,15.975
2021-10-13,16.080,16.180,16.080,16.135,14100.000,15.729
2021-10-12,16.070,16.070,16.020,16.020,1600.000,15.617
2021-10-11,16.200,16.200,16.026,16.026,5900.000,15.623
2021-10-08,16.290,16.290,16.170,16.195,2900.000,15.788
2021-10-07,16.370,16.370,16.310,16.310,1600.000,15.900
2021-10-06,16.070,16.210,15.997,16.210,9600.000,15.803
2021-10-05,16.170,16.269,16.090,16.269,2700.000,15.860
2021-10-04,16.100,16.150,15.990,16.030,7100.000,15.627
2021-10-01,16.000,16.150,15.970,16.100,3200.000,15.695
2021-09-30,16.400,16.400,16.030,16.030,4100.000,15.627
2021-09-29,16.260,16.320,16.220,16.272,3400.000,15.863
2021-09-28,16.480,16.480,16.260,16.260,4500.000,15.851
2021-09-27,16.690,16.720,16.640,16.640,3000.000,16.222
2021-09-24,16.750,16.780,16.720,16.757,3400.000,16.336
2021-09-23,16.790,16.900,16.790,16.845,2900.000,16.422
2021-09-22,16.700,16.760,16.700,16.710,1600.000,16.290
2021-09-21,16.660,16.710,16.600,16.650,3500.000,16.232
2021-09-20,16.470,16.597,16.450,16.597,9500.000,16.180
2021-09-17,16.800,16.800,16.700,16.700,5000.000,16.280
2021-09-16,16.900,16.950,16.850,16.915,4500.000,16.490
2021-09-15,16.990,17.037,16.980,17.037,2900.000,16.609
2021-09-14,17.040,17.070,16.980,17.000,2800.000,16.573
2021-09-13,17.230,17.230,16.970,17.030,3200.000,16.602
2021-09-10,17.280,17.280,17.110,17.120,5400.000,16.690
2021-09-09,17.320,17.360,17.240,17.246,6900.000,16.813
2021-09-08,17.240,17.360,17.231,17.340,78600.000,16.904
2021-09-07,17.330,17.345,17.180,17.216,9400.000,16.783
2021-09-03,17.440,17.440,17.318,17.345,8400.000,16.909
2021-09-02,17.350,17.540,17.350,17.420,6800.000,16.982
2021-09-01,17.220,17.260,17.160,17.260,10100.000,16.826
2021-08-31,17.195,17.230,17.170,17.174,4500.000,16.742
2021-08-30,17.110,17.190,17.110,17.160,7300.000,16.729
2021-08-27,17.031,17.060,17.011,17.036,4900.000,16.608
2021-08-26,17.000,17.000,16.920,16.950,6900.000,16.524
2021-08-25,16.990,17.080,16.990,17.080,3700.000,16.651
2021-08-24,16.990,17.030,16.931,17.030,3600.000,16.602
2021-08-23,17.010,17.030,16.937,16.979,8900.000,16.552
2021-08-20,16.790,16.980,16.790,16.950,15400.000,16.524
2021-08-19,16.750,16.960,16.720,16.960,6200.000,16.534
2021-08-18,16.920,16.939,16.783,16.783,19700.000,16.361
2021-08-17,17.040,17.050,16.951,16.960,8400.000,16.534
2021-08-16,17.020,17.090,16.900,17.064,7800.000,16.635
2021-08-13,16.970,17.180,16.967,17.180,4500.000,16.748
2021-08-12,17.000,17.000,16.950,16.955,13100.000,16.529
2021-08-11,16.980,16.980,16.885,16.940,7200.000,16.514
2021-08-10,16.840,16.880,16.840,16.855,2600.000,16.431
2021-08-09,17.300,17.300,16.782,16.840,13100.000,16.417
2021-08-06,16.980,16.980,16.950,16.960,9500.000,16.534
2021-08-05,16.960,16.960,16.878,16.939,3700.000,16.513
2021-08-04,16.860,16.890,16.855,16.890,6600.000,16.465
2021-08-03,16.730,16.900,16.705,16.880,4100.000,16.456
2021-08-02,16.760,16.780,16.700,16.710,9700.000,16.290
2021-07-30,16.680,16.750,16.680,16.710,5900.000,16.290
2021-07-29,16.630,16.670,16.571,16.650,4200.000,16.232
2021-07-28,16.580,16.580,16.430,16.508,5400.000,16.093
2021-07-27,16.449,16.530,16.405,16.515,2700.000,16.100
2021-07-26,16.440,16.460,16.410,16.435,3700.000,16.022
2021-07-23,16.360,16.390,16.330,16.390,2700.000,15.978
2021-07-22,16.360,16.360,16.210,16.240,5300.000,15.832
2021-07-21,16.310,16.380,16.290,16.301,2700.000,15.891
2021-07-20,16.020,16.290,16.020,16.260,2500.000,15.851
2021-07-19,16.080,16.080,15.985,15.985,3200.000,15.583
2021-07-16,16.240,16.250,16.180,16.190,5900.000,15.783
2021-07-15,16.105,16.150,16.090,16.150,4700.000,15.744
2021-07-14,16.179,16.179,16.110,16.140,25700.000,15.734
2021-07-13,16.190,16.240,16.175,16.175,4700.000,15.768
2021-07-12,16.170,16.209,16.150,16.209,3500.000,15.802
2021-07-09,16.080,16.130,16.080,16.120,1100.000,15.715
2021-07-08,16.060,16.060,15.910,15.910,4600.000,15.510
2021-07-07,15.991,16.121,15.991,16.121,1400.000,15.716
2021-07-06,15.920,15.940,15.830,15.940,2900.000,15.539
2021-07-02,15.890,16.010,15.890,15.970,1400.000,15.569
2021-07-01,15.889,15.889,15.850,15.865,1700.000,15.466
2021-06-30,15.860,15.870,15.825,15.825,4100.000,15.427
2021-06-29,15.910,15.980,15.880,15.892,3500.000,15.493
2021-06-28,15.940,15.989,15.910,15.970,3200.000,15.529
2021-06-25,15.898,15.898,15.821,15.875,2800.000,15.436
2021-06-24,15.720,15.720,15.720,15.720,1000.000,15.286
2021-06-23,15.890,15.890,15.830,15.830,1200.000,15.393
2021-06-22,15.870,15.870,15.810,15.861,600.000,15.423
2021-06-21,15.570,15.830,15.570,15.819,3200.000,15.382
2021-06-18,15.720,15.720,15.561,15.561,2100.000,15.131
2021-06-17,15.900,15.900,15.800,15.865,3700.000,15.427
2021-06-16,16.110,16.120,15.880,15.899,10600.000,15.460
2021-06-15,16.080,16.110,16.040,16.110,1400.000,15.665
2021-06-14,16.110,16.110,16.040,16.040,1400.000,15.597
2021-06-11,16.030,16.051,15.960,16.051,1600.000,15.608
2021-06-10,15.940,16.010,15.940,15.955,1900.000,15.514
2021-06-09,15.970,15.995,15.970,15.970,1100.000,15.529
2021-06-08,16.040,16.040,15.910,16.002,2800.000,15.560
2021-06-07,16.060,16.060,16.005,16.025,2500.000,15.582
2021-06-04,15.975,16.000,15.961,15.985,1100.000,15.543
2021-06-03,15.990,15.990,15.870,15.875,7700.000,15.436
2021-06-02,16.100,16.100,16.010,16.020,1500.000,15.577
2021-06-01,16.100,16.100,16.029,16.040,2300.000,15.597
2021-05-28,16.030,16.030,15.964,15.964,900.000,15.523
2021-05-27,16.000,16.020,15.985,15.985,1700.000,15.543
2021-05-26,15.861,15.960,15.860,15.940,4000.000,15.500
2021-05-25,15.870,15.870,15.820,15.835,1300.000,15.398
2021-05-24,15.840,15.850,15.819,15.833,2200.000,15.396
2021-05-21,15.750,15.770,15.730,15.765,1900.000,15.330
2021-05-20,15.630,15.710,15.630,15.710,2200.000,15.276
2021-05-19,15.570,15.570,15.470,15.540,4500.000,15.111
2021-05-18,15.770,15.770,15.669,15.669,6600.000,15.236
2021-05-17,15.820,15.820,15.711,15.711,5100.000,15.277
2021-05-14,15.890,15.890,15.867,15.867,1700.000,15.429
2021-05-13,15.520,15.690,15.520,15.670,4800.000,15.237
2021-05-12,15.600,15.600,15.350,15.350,3700.000,14.926
2021-05-11,15.850,15.850,15.700,15.750,15500.000,15.315
2021-05-10,15.980,16.058,15.933,15.933,6600.000,15.493
2021-05-07,15.810,15.919,15.810,15.890,2000.000,15.451
2021-05-06,15.765,15.765,15.690,15.764,1700.000,15.329
2021-05-05,15.700,15.700,15.600,15.650,2300.000,15.218
2021-05-04,15.620,15.660,15.580,15.660,5900.000,15.227
2021-05-03,15.650,15.690,15.605,15.632,6300.000,15.200
2021-04-30,15.600,15.610,15.490,15.528,6100.000,15.099
2021-04-29,15.510,15.610,15.510,15.576,2300.000,15.146
2021-04-28,15.580,15.600,15.535,15.540,9000.000,15.111
2021-04-27,15.650,15.650,15.440,15.491,9900.000,15.063
2021-04-26,15.730,15.730,15.612,15.615,2200.000,15.184
2021-04-23,15.710,15.790,15.710,15.725,9700.000,15.291
2021-04-22,15.740,15.770,15.690,15.770,14400.000,15.334
2021-04-21,15.590,15.669,15.550,15.655,13400.000,15.223
2021-04-20,15.600,15.620,15.510,15.545,13700.000,15.116
2021-04-19,15.680,15.680,15.562,15.573,38900.000,15.143
2021-04-16,15.520,17.080,15.516,15.590,13700.000,15.159
2021-04-15,15.810,15.810,15.410,15.455,2700.000,15.028
2021-04-14,15.340,15.357,15.340,15.350,1400.000,14.926
2021-04-13,15.290,15.309,15.220,15.296,3200.000,14.873
