Date,Open,High,Low,Close,Volume,Adj Close,,2022-07-08
2022-07-08,17.460,17.730,17.359,17.540,11485.000,17.540
2022-07-07,17.340,17.730,17.340,17.730,1700.000,17.730
2022-07-06,17.550,17.550,17.120,17.210,3500.000,17.210
2022-07-05,16.860,17.610,16.860,17.610,6400.000,17.610
2022-07-01,17.000,17.190,16.830,17.190,1900.000,17.190
2022-06-30,16.850,16.870,16.370,16.770,4900.000,16.770
2022-06-29,17.120,17.320,17.090,17.170,8200.000,17.170
2022-06-28,17.955,17.955,17.340,17.340,15100.000,17.340
2022-06-27,18.350,18.350,17.790,17.810,3600.000,17.810
2022-06-24,17.900,18.060,17.770,18.060,258400.000,18.060
2022-06-23,17.270,17.350,17.050,17.350,200800.000,17.350
2022-06-22,16.640,17.070,16.640,16.920,25500.000,16.920
2022-06-21,16.970,17.240,16.940,16.960,22400.000,16.960
2022-06-17,16.670,16.790,16.421,16.680,12700.000,16.680
2022-06-16,16.500,16.500,16.140,16.250,5000.000,16.250
2022-06-15,17.080,17.380,16.930,17.290,7400.000,17.290
2022-06-14,16.761,17.000,16.730,16.900,14900.000,16.900
2022-06-13,17.150,17.150,16.560,16.702,10200.000,16.702
2022-06-10,18.240,18.240,17.750,17.810,2500.000,17.810
2022-06-09,18.920,18.920,18.380,18.380,2300.000,18.380
2022-06-08,18.900,19.415,18.900,19.346,6500.000,19.346
2022-06-07,18.380,18.770,18.380,18.770,5800.000,18.770
2022-06-06,18.770,18.965,18.630,18.680,4300.000,18.680
2022-06-03,18.460,18.460,18.217,18.240,7100.000,18.240
2022-06-02,18.030,18.850,18.030,18.820,3800.000,18.820
2022-06-01,18.423,18.423,17.918,17.980,3200.000,17.980
2022-05-31,18.510,18.630,18.140,18.310,13400.000,18.310
2022-05-27,18.050,18.320,17.980,18.290,9500.000,18.290
2022-05-26,16.960,17.870,16.960,17.770,12700.000,17.770
2022-05-25,16.360,16.755,16.350,16.710,4200.000,16.710
2022-05-24,16.640,16.640,16.030,16.110,9200.000,16.110
2022-05-23,17.140,17.140,16.710,16.960,5700.000,16.960
2022-05-20,17.380,17.450,16.610,17.060,10300.000,17.060
2022-05-19,16.790,17.434,16.790,17.160,22100.000,17.160
2022-05-18,17.410,17.410,16.710,16.790,11900.000,16.790
2022-05-17,17.980,17.980,17.320,17.740,69500.000,17.740
2022-05-16,17.350,17.650,17.130,17.140,7600.000,17.140
2022-05-13,17.150,17.615,17.140,17.590,5700.000,17.590
2022-05-12,16.110,17.030,15.880,16.580,26200.000,16.580
2022-05-11,16.960,17.270,16.380,16.380,13000.000,16.380
2022-05-10,17.240,17.360,16.680,16.980,21700.000,16.980
2022-05-09,17.410,17.500,16.383,16.840,52500.000,16.840
2022-05-06,18.270,18.285,17.690,17.850,23100.000,17.850
2022-05-05,19.370,19.370,18.420,18.600,26900.000,18.600
2022-05-04,19.510,19.990,19.040,19.990,19800.000,19.990
2022-05-03,19.850,19.860,19.550,19.680,29200.000,19.680
2022-05-02,19.370,19.930,19.290,19.860,34100.000,19.860
2022-04-29,20.070,20.330,19.430,19.490,52200.000,19.490
2022-04-28,19.590,19.840,19.260,19.800,40000.000,19.800
2022-04-27,19.180,19.780,19.180,19.360,18000.000,19.360
2022-04-26,19.660,19.660,19.080,19.080,9700.000,19.080
2022-04-25,19.180,19.860,19.090,19.820,217700.000,19.820
2022-04-22,19.760,20.040,19.390,19.410,262100.000,19.410
2022-04-21,20.600,20.600,19.732,19.850,259200.000,19.850
2022-04-20,21.090,21.090,20.420,20.430,16100.000,20.430
2022-04-19,20.510,21.204,20.510,21.140,7700.000,21.140
2022-04-18,20.820,20.870,20.430,20.700,31300.000,20.700
2022-04-14,21.480,21.490,21.050,21.050,6100.000,21.050
2022-04-13,21.400,21.580,21.290,21.520,11700.000,21.520
2022-04-12,21.540,21.573,20.970,20.990,26600.000,20.990
2022-04-11,21.100,21.530,20.960,21.220,23000.000,21.220
2022-04-08,21.440,21.689,21.330,21.360,11200.000,21.360
2022-04-07,21.670,21.677,21.270,21.580,207900.000,21.580
2022-04-06,22.230,22.230,21.630,21.880,12300.000,21.880
2022-04-05,23.330,23.330,22.650,22.720,261800.000,22.720
2022-04-04,22.900,23.390,22.855,23.340,263800.000,23.340
2022-04-01,22.630,22.760,22.449,22.470,4700.000,22.470
2022-03-31,22.440,22.550,22.151,22.160,59400.000,22.160
2022-03-30,23.190,23.320,22.730,22.780,7600.000,22.780
2022-03-29,23.160,23.600,23.150,23.430,276000.000,23.430
2022-03-28,22.330,22.640,22.130,22.620,10100.000,22.620
2022-03-25,22.580,22.590,22.160,22.310,281900.000,22.310
2022-03-24,22.820,22.820,22.270,22.790,261600.000,22.790
2022-03-23,22.830,23.390,22.600,22.821,270800.000,22.821
2022-03-22,22.579,23.220,22.420,23.080,11100.000,23.080
2022-03-21,22.410,22.570,21.830,22.110,22900.000,22.110
2022-03-18,21.770,22.770,21.770,22.690,8900.000,22.690
2022-03-17,21.520,21.860,21.220,21.860,10900.000,21.860
2022-03-16,20.790,21.920,20.765,21.880,32100.000,21.880
2022-03-15,19.030,19.770,19.030,19.670,36000.000,19.670
2022-03-14,19.330,19.720,18.980,18.990,43100.000,18.990
2022-03-11,20.700,20.700,19.690,19.690,16300.000,19.690
2022-03-10,20.910,20.910,20.391,20.630,16500.000,20.630
2022-03-09,21.240,21.590,21.240,21.440,212600.000,21.440
2022-03-08,20.320,21.210,20.061,20.580,247100.000,20.580
2022-03-07,21.390,21.480,20.350,20.370,228500.000,20.370
2022-03-04,21.900,21.930,21.360,21.500,222500.000,21.500
2022-03-03,23.150,23.170,22.180,22.300,213200.000,22.300
2022-03-02,22.990,23.150,22.600,23.070,6900.000,23.070
2022-03-01,23.160,23.470,22.820,22.900,12600.000,22.900
2022-02-28,23.030,23.559,22.930,23.290,16300.000,23.290
2022-02-25,23.030,23.380,22.530,23.380,7300.000,23.380
2022-02-24,21.040,22.980,20.930,22.980,23900.000,22.980
2022-02-23,23.030,23.030,22.290,22.320,19900.000,22.320
2022-02-22,23.230,23.480,22.600,22.810,28800.000,22.810
2022-02-18,24.080,24.080,23.530,23.650,8000.000,23.650
2022-02-17,24.670,24.890,24.230,24.230,8900.000,24.230
2022-02-16,25.260,25.260,24.761,24.960,27300.000,24.960
2022-02-15,25.090,25.590,25.061,25.590,9400.000,25.590
2022-02-14,24.550,24.930,24.520,24.670,4200.000,24.670
2022-02-11,25.290,25.560,24.530,24.620,19300.000,24.620
2022-02-10,25.090,25.890,25.040,25.200,71700.000,25.200
2022-02-09,25.200,25.660,25.200,25.630,11600.000,25.630
2022-02-08,24.380,24.910,24.370,24.880,24600.000,24.880
2022-02-07,24.370,24.742,24.270,24.300,12300.000,24.300
2022-02-04,23.970,24.690,23.770,24.450,44500.000,24.450
2022-02-03,24.240,24.240,23.820,23.820,21400.000,23.820
2022-02-02,25.570,25.570,24.656,24.770,40800.000,24.770
2022-02-01,25.280,25.420,24.920,25.354,15600.000,25.354
2022-01-31,23.940,25.240,23.940,25.240,12900.000,25.240
2022-01-28,23.170,23.760,22.780,23.760,66400.000,23.760
2022-01-27,23.950,24.055,23.229,23.300,14000.000,23.300
2022-01-26,24.590,24.610,23.611,23.720,18400.000,23.720
2022-01-25,23.940,24.410,23.575,24.145,24600.000,24.145
2022-01-24,23.650,24.380,22.910,24.370,58900.000,24.370
2022-01-21,25.100,25.100,24.240,24.280,27000.000,24.280
2022-01-20,25.700,26.050,25.180,25.210,24400.000,25.210
2022-01-19,25.340,25.650,25.100,25.100,25900.000,25.100
2022-01-18,25.300,25.640,25.220,25.250,28200.000,25.250
2022-01-14,25.630,26.030,25.405,25.810,16300.000,25.810
2022-01-13,26.660,26.660,25.870,25.870,25500.000,25.870
2022-01-12,27.020,27.060,26.500,26.600,29000.000,26.600
2022-01-11,25.840,26.680,25.750,26.640,13100.000,26.640
2022-01-10,25.800,25.840,25.200,25.810,20900.000,25.810
2022-01-07,26.170,26.383,25.925,25.980,9900.000,25.980
2022-01-06,25.890,26.310,25.670,26.070,9500.000,26.070
2022-01-05,26.560,26.750,25.802,25.860,17800.000,25.860
2022-01-04,27.460,27.460,26.510,26.680,24900.000,26.680
2022-01-03,27.530,27.570,27.170,27.525,9900.000,27.525
2021-12-31,27.520,27.650,27.430,27.450,16000.000,27.450
2021-12-30,26.990,27.920,26.900,27.650,33000.000,27.650
2021-12-29,27.210,27.290,27.000,27.220,33500.000,27.064
2021-12-28,27.500,27.550,27.231,27.250,23800.000,27.094
2021-12-27,27.520,27.740,27.480,27.550,25100.000,27.392
2021-12-23,27.240,27.610,27.230,27.520,25441.000,27.363
2021-12-22,27.090,27.430,27.060,27.380,21469.000,27.224
2021-12-21,26.400,27.290,26.400,27.230,19275.000,27.074
2021-12-20,26.150,26.290,25.994,26.160,42269.000,26.011
2021-12-17,26.110,26.904,25.910,26.760,36343.000,26.607
2021-12-16,27.290,27.290,26.320,26.450,30229.000,26.299
2021-12-15,27.010,27.180,26.215,27.140,17678.000,26.985
2021-12-14,26.950,27.400,26.930,27.150,17346.000,26.995
2021-12-13,27.620,27.629,26.960,27.320,21844.000,27.164
2021-12-10,28.280,28.350,27.661,27.850,14994.000,27.691
2021-12-09,28.690,28.820,28.180,28.190,8489.000,28.029
2021-12-08,28.610,28.979,28.580,28.850,12863.000,28.685
2021-12-07,28.420,28.840,28.420,28.580,14594.000,28.417
2021-12-06,27.180,27.678,26.800,27.610,29812.000,27.452
2021-12-03,28.230,28.230,27.010,27.270,37522.000,27.114
2021-12-02,28.340,28.600,28.030,28.360,26481.000,28.198
2021-12-01,29.620,29.630,28.380,28.516,20411.000,28.353
2021-11-30,29.790,29.999,28.950,29.130,17732.000,28.964
2021-11-29,30.440,30.440,29.660,29.990,37918.000,29.819
2021-11-26,30.450,30.450,29.860,30.130,25161.000,29.958
2021-11-24,30.510,31.080,30.490,31.010,18167.000,30.833
2021-11-23,30.940,31.060,30.410,30.700,20524.000,30.525
2021-11-22,31.990,31.990,30.822,31.000,24582.000,30.823
2021-11-19,31.930,32.320,31.830,31.875,16568.000,31.693
2021-11-18,31.960,31.960,31.640,31.880,12652.000,31.698
2021-11-17,32.640,32.640,32.050,32.070,6524.000,31.887
2021-11-16,32.450,32.740,32.450,32.620,18892.000,32.434
2021-11-15,32.720,32.780,32.540,32.710,22199.000,32.523
2021-11-12,32.040,32.560,31.960,32.550,17060.000,32.364
2021-11-11,31.880,32.105,31.850,31.850,12227.000,31.668
2021-11-10,32.000,32.240,31.420,31.515,11182.000,31.335
2021-11-09,31.960,32.169,31.910,31.975,20942.000,31.792
2021-11-08,32.030,32.140,31.940,31.950,10572.000,31.767
2021-11-05,32.150,32.220,31.809,31.930,26219.000,31.748
2021-11-04,31.810,32.160,31.610,31.610,16652.000,31.429
2021-11-03,31.280,31.650,31.280,31.580,17846.000,31.400
2021-11-02,31.470,31.470,31.120,31.250,60387.000,31.071
2021-11-01,31.110,31.580,31.110,31.570,16146.000,31.390
2021-10-29,30.980,31.170,30.980,31.160,23260.000,30.982
2021-10-28,30.900,31.300,30.730,31.250,8393.000,31.071
2021-10-27,31.410,31.540,31.020,31.020,22631.000,30.843
2021-10-26,32.030,32.040,31.411,31.490,9979.000,31.310
2021-10-25,31.910,32.045,31.730,31.990,26429.000,31.807
2021-10-22,32.160,32.203,31.750,31.850,17866.000,31.668
2021-10-21,31.980,32.170,31.980,32.050,7134.000,31.867
2021-10-20,32.230,32.330,31.970,32.120,41026.000,31.936
2021-10-19,31.950,32.119,31.950,32.040,36718.000,31.857
2021-10-18,31.350,31.789,31.350,31.700,9336.000,31.519
2021-10-15,31.350,31.570,31.350,31.450,11237.000,31.270
2021-10-14,30.990,31.200,30.988,31.130,5464.000,30.952
2021-10-13,30.600,30.910,30.600,30.890,24472.000,30.714
2021-10-12,30.490,30.540,30.341,30.350,7584.000,30.177
2021-10-11,30.800,30.800,30.390,30.400,7969.000,30.226
2021-10-08,30.810,31.015,30.700,30.730,13604.000,30.554
2021-10-07,30.450,30.950,30.450,30.740,12087.000,30.564
2021-10-06,29.430,30.100,29.410,29.970,21802.000,29.799
2021-10-05,29.760,30.107,29.760,29.850,17241.000,29.679
2021-10-04,30.080,30.080,29.440,29.625,21643.000,29.456
2021-10-01,30.280,30.360,29.920,30.280,19598.000,30.107
2021-09-30,30.340,30.400,30.130,30.160,33897.000,29.988
2021-09-29,30.840,30.970,30.240,30.290,44604.000,30.117
2021-09-28,31.270,31.270,30.611,30.780,10271.000,30.604
2021-09-27,31.430,31.710,31.420,31.650,14296.000,31.469
2021-09-24,31.410,31.561,31.280,31.500,9127.000,31.320
2021-09-23,31.450,31.730,31.350,31.720,42083.000,31.539
2021-09-22,31.070,31.520,31.020,31.380,20524.000,31.201
2021-09-21,30.990,31.110,30.720,30.860,18610.000,30.684
2021-09-20,30.980,31.070,30.351,30.720,15066.000,30.544
2021-09-17,31.660,31.730,31.420,31.700,12025.000,31.519
2021-09-16,31.320,31.670,31.320,31.610,28663.000,31.429
2021-09-15,31.250,31.635,31.061,31.570,8396.000,31.390
2021-09-14,31.800,31.800,31.269,31.350,18486.000,31.171
2021-09-13,31.830,31.850,31.280,31.760,18239.000,31.579
2021-09-10,32.310,32.420,31.810,31.850,17639.000,31.668
2021-09-09,31.880,32.260,31.880,32.000,10094.000,31.817
2021-09-08,32.530,32.530,31.970,32.120,23092.000,31.936
2021-09-07,32.620,32.790,32.530,32.600,28087.000,32.414
2021-09-03,32.360,32.610,32.210,32.530,19200.000,32.344
2021-09-02,32.860,32.947,32.630,32.650,9459.000,32.463
2021-09-01,32.590,33.069,32.590,32.870,18556.000,32.682
2021-08-31,32.380,32.520,32.210,32.460,15862.000,32.275
2021-08-30,32.010,32.240,31.840,32.170,11670.000,31.986
2021-08-27,31.950,32.120,31.910,32.070,13149.000,31.887
2021-08-26,32.140,32.329,31.911,32.040,11798.000,31.857
2021-08-25,31.900,32.040,31.665,32.000,42839.000,31.817
2021-08-24,31.160,31.890,31.160,31.800,23814.000,31.618
2021-08-23,30.190,30.620,30.120,30.580,59537.000,30.405
2021-08-20,29.770,30.122,29.770,29.960,19496.000,29.789
2021-08-19,29.770,29.970,29.615,29.690,37865.000,29.520
2021-08-18,30.290,30.558,30.174,30.245,18072.000,30.072
2021-08-17,30.400,30.630,30.170,30.360,114296.000,30.187
2021-08-16,31.140,31.140,30.660,30.830,31071.000,30.654
2021-08-13,31.540,31.590,31.261,31.420,50435.000,31.240
2021-08-12,31.530,31.590,31.380,31.570,16377.000,31.390
2021-08-11,31.850,31.850,31.591,31.830,14502.000,31.648
2021-08-10,31.730,31.880,31.540,31.730,12597.000,31.549
2021-08-09,31.330,31.730,31.211,31.610,22003.000,31.429
2021-08-06,31.860,31.860,31.290,31.310,24221.000,31.131
2021-08-05,31.540,32.079,31.490,31.980,20934.000,31.797
2021-08-04,31.690,31.890,31.592,31.660,29707.000,31.479
2021-08-03,31.880,31.880,31.350,31.620,29366.000,31.439
2021-08-02,31.960,32.260,31.865,31.990,37131.000,31.807
2021-07-30,32.070,32.170,31.660,31.730,26093.000,31.549
2021-07-29,32.840,32.960,32.525,32.630,75942.000,32.444
2021-07-28,32.230,32.680,32.230,32.650,42648.000,32.463
2021-07-27,32.150,32.150,31.350,31.870,17757.000,31.688
2021-07-26,32.760,33.050,32.500,32.545,16125.000,32.359
2021-07-23,33.280,33.280,32.950,33.175,17093.000,32.985
2021-07-22,33.310,33.439,33.180,33.372,13247.000,33.181
2021-07-21,32.930,33.370,32.930,33.370,10379.000,33.179
2021-07-20,32.380,33.029,32.181,32.860,18627.000,32.672
2021-07-19,32.160,32.450,31.940,32.370,34109.000,32.185
2021-07-16,33.190,33.190,32.630,32.650,71108.000,32.463
2021-07-15,33.140,33.449,32.880,33.150,24871.000,32.961
2021-07-14,33.980,34.010,33.320,33.320,9563.000,33.129
2021-07-13,33.890,34.200,33.740,33.762,30432.000,33.569
2021-07-12,34.060,34.120,33.700,33.895,12986.000,33.701
2021-07-09,33.630,34.050,33.340,34.050,33950.000,33.855
2021-07-08,32.750,33.170,32.540,32.975,59441.000,32.786
2021-07-07,33.910,33.990,33.411,33.447,27435.000,33.256
2021-07-06,33.830,33.830,33.411,33.700,24582.000,33.507
2021-07-02,34.095,34.190,33.900,33.981,13792.000,33.787
2021-07-01,34.420,34.421,34.050,34.120,18428.000,33.925
2021-06-30,34.460,34.580,34.369,34.380,23931.000,34.184
2021-06-29,34.440,34.639,34.220,34.580,37170.000,34.382
2021-06-28,34.550,34.610,34.300,34.430,47126.000,34.233
2021-06-25,34.380,34.490,34.250,34.390,12008.000,34.194
2021-06-24,34.010,34.370,34.010,34.220,19484.000,34.024
2021-06-23,33.660,33.930,33.660,33.780,23476.000,33.587
2021-06-22,33.320,33.570,33.260,33.520,19635.000,33.328
2021-06-21,33.340,33.529,33.050,33.410,12268.000,33.219
2021-06-18,33.510,33.660,33.220,33.306,26087.000,33.116
2021-06-17,33.540,33.960,33.540,33.834,16881.000,33.640
2021-06-16,33.610,33.732,33.259,33.610,18409.000,33.418
2021-06-15,34.100,34.100,33.560,33.620,24392.000,33.428
2021-06-14,34.050,34.147,33.993,34.070,17452.000,33.875
2021-06-11,33.860,34.040,33.860,34.020,10436.000,33.826
2021-06-10,33.770,33.850,33.645,33.760,11587.000,33.567
2021-06-09,34.000,34.120,33.700,33.700,6149.000,33.507
2021-06-08,33.970,34.160,33.687,33.940,19779.000,33.746
2021-06-07,33.700,33.785,33.450,33.780,25334.000,33.587
2021-06-04,33.690,33.770,33.575,33.640,13787.000,33.448
2021-06-03,33.830,33.900,33.440,33.520,38781.000,33.328
2021-06-02,34.210,34.230,33.750,34.230,25575.000,34.034
2021-06-01,34.010,34.200,33.702,34.050,51893.000,33.855
2021-05-28,33.620,33.790,33.565,33.565,13959.000,33.373
2021-05-27,33.620,33.620,33.220,33.560,19410.000,33.368
2021-05-26,33.390,33.580,33.390,33.530,35695.000,33.338
2021-05-25,33.480,33.682,33.210,33.210,121032.000,33.020
2021-05-24,33.120,33.330,33.040,33.190,16099.000,33.000
2021-05-21,33.430,33.430,32.970,32.970,24090.000,32.782
2021-05-20,32.800,33.320,32.800,33.260,17700.000,33.070
2021-05-19,32.090,32.560,31.760,32.560,21008.000,32.374
2021-05-18,32.520,33.020,32.440,32.750,51841.000,32.563
2021-05-17,32.300,32.420,32.065,32.380,26661.000,32.195
2021-05-14,31.840,32.443,31.770,32.350,59501.000,32.165
2021-05-13,31.850,32.140,30.980,31.300,84431.000,31.121
2021-05-12,32.760,32.870,31.720,31.740,46011.000,31.559
2021-05-11,31.970,33.030,31.840,32.940,55123.000,32.752
2021-05-10,33.630,33.630,32.920,32.937,68113.000,32.749
2021-05-07,33.420,34.072,33.420,33.730,150386.000,33.537
2021-05-06,33.310,33.350,32.745,33.130,34377.000,32.941
2021-05-05,33.810,34.000,33.380,33.490,29145.000,33.299
2021-05-04,34.140,34.140,33.250,33.720,43626.000,33.527
2021-05-03,34.840,35.000,34.430,34.444,15152.000,34.247
2021-04-30,35.000,35.140,34.640,34.640,20513.000,34.442
2021-04-29,36.040,36.050,35.140,35.400,33789.000,35.198
2021-04-28,35.710,35.999,35.460,35.890,106674.000,35.685
2021-04-27,35.420,35.749,35.420,35.530,21510.000,35.327
2021-04-26,35.040,35.400,35.040,35.400,22092.000,35.198
2021-04-23,34.630,35.105,34.630,35.030,29071.000,34.830
2021-04-22,34.610,34.925,34.380,34.430,22706.000,34.233
2021-04-21,33.660,34.360,33.590,34.350,227571.000,34.154
2021-04-20,34.580,34.590,33.500,33.870,89227.000,33.676
2021-04-19,35.180,35.273,34.651,34.830,55195.000,34.631
2021-04-16,35.160,35.260,34.850,35.160,35702.000,34.959
2021-04-15,35.200,35.750,34.770,35.060,18243.000,34.860
2021-04-14,35.290,35.560,34.920,34.960,37505.000,34.760
2021-04-13,34.790,35.100,34.790,35.010,27974.000,34.810
2021-04-12,34.980,34.980,34.481,34.685,31910.000,34.487
2021-04-09,35.020,35.080,34.840,35.040,26535.000,34.840
2021-04-08,35.010,35.235,34.856,35.140,35345.000,34.939
2021-04-07,35.220,35.220,34.630,34.705,25271.000,34.507
2021-04-06,34.920,35.590,34.910,35.330,39175.000,35.128
2021-04-05,35.520,35.520,34.880,35.000,39680.000,34.800
2021-04-01,34.900,35.260,34.850,35.180,20488.000,34.979
2021-03-31,34.230,34.570,34.210,34.220,27208.000,34.024
2021-03-30,33.640,34.140,33.510,33.960,40006.000,33.766
2021-03-29,34.140,34.300,33.580,33.740,22529.000,33.547
2021-03-26,33.670,34.220,33.070,34.150,29452.000,33.955
2021-03-25,33.020,33.880,32.800,33.570,49005.000,33.378
2021-03-24,35.420,35.420,33.440,33.450,57455.000,33.259
2021-03-23,35.800,35.970,35.320,35.410,58266.000,35.208
2021-03-22,36.140,36.200,35.870,36.070,46186.000,35.864
2021-03-19,35.690,36.175,35.472,36.070,19405.000,35.864
2021-03-18,36.170,36.430,35.590,35.610,31630.000,35.407
2021-03-17,35.590,36.445,35.230,36.270,45741.000,36.063
2021-03-16,36.450,36.590,35.810,36.110,51123.000,35.904
2021-03-15,35.880,36.318,35.733,36.290,66860.000,36.083
2021-03-12,35.010,35.500,34.950,35.500,37527.000,35.297
2021-03-11,34.990,35.510,34.896,35.470,47220.000,35.267
2021-03-10,34.940,35.040,34.080,34.250,75098.000,34.054
2021-03-09,33.910,34.620,33.900,34.430,66152.000,34.233
2021-03-08,33.580,34.175,33.050,33.050,92502.000,32.861
2021-03-05,33.950,34.020,32.070,33.969,150577.000,33.775
2021-03-04,34.330,34.630,32.755,33.450,191699.000,33.259
2021-03-03,35.660,35.773,34.550,34.630,336069.000,34.432
2021-03-02,36.340,36.378,35.660,35.670,317140.000,35.466
2021-03-01,35.780,36.310,35.560,36.280,118342.000,36.073
2021-02-26,34.920,35.440,34.250,35.110,360086.000,34.909
2021-02-25,35.910,36.220,34.500,34.590,101815.000,34.392
2021-02-24,36.090,36.090,35.220,35.830,104698.000,35.625
2021-02-23,35.640,36.200,34.090,36.080,399375.000,35.874
2021-02-22,37.040,37.130,36.470,36.530,87829.000,36.321
2021-02-19,37.270,37.813,37.270,37.570,56439.000,37.355
2021-02-18,36.570,37.090,36.320,36.900,73877.000,36.689
2021-02-17,37.480,37.480,36.820,37.420,71095.000,37.206
2021-02-16,37.890,37.940,37.290,37.530,231612.000,37.316
2021-02-12,37.520,37.690,37.260,37.590,95605.000,37.375
2021-02-11,37.640,37.975,37.330,37.620,121419.000,37.405
2021-02-10,37.520,37.770,36.680,37.320,100767.000,37.107
2021-02-09,36.880,37.328,36.880,37.130,62812.000,36.918
2021-02-08,36.850,36.923,36.460,36.760,90499.000,36.550
2021-02-05,36.390,36.605,36.200,36.550,125573.000,36.341
2021-02-04,35.870,36.228,35.794,36.110,115278.000,35.904
2021-02-03,35.290,35.838,35.290,35.490,159538.000,35.287
2021-02-02,34.860,35.000,34.470,35.000,106254.000,34.800
2021-02-01,33.850,34.365,33.690,34.260,146729.000,34.064
2021-01-29,33.950,34.095,33.200,33.468,101632.000,33.277
2021-01-28,34.290,34.680,34.190,34.260,77505.000,34.064
2021-01-27,34.280,34.930,33.900,34.100,329509.000,33.905
2021-01-26,35.250,35.280,34.730,34.900,61120.000,34.701
2021-01-25,35.000,35.590,34.490,35.000,333797.000,34.800
2021-01-22,34.320,34.730,34.320,34.720,34012.000,34.522
2021-01-21,34.740,34.750,34.364,34.570,53537.000,34.372
2021-01-20,34.490,34.680,34.260,34.520,57275.000,34.323
2021-01-19,33.750,34.110,33.688,34.110,58166.000,33.915
2021-01-15,33.960,33.960,33.073,33.330,44720.000,33.140
2021-01-14,33.830,34.410,33.830,34.040,112915.000,33.846
2021-01-13,33.540,33.843,33.310,33.620,153222.000,33.428
2021-01-12,32.940,33.563,32.940,33.420,44663.000,33.229
2021-01-11,32.680,33.109,32.390,32.870,89388.000,32.682
2021-01-08,32.720,33.150,32.660,33.140,52158.000,32.951
2021-01-07,32.280,32.495,32.140,32.430,51513.000,32.245
2021-01-06,32.100,32.545,31.910,31.950,71242.000,31.767
2021-01-05,31.450,32.400,31.450,32.400,91210.000,32.215
2021-01-04,32.010,32.010,31.010,31.380,58517.000,31.201
2020-12-31,32.100,32.220,31.670,31.830,44455.000,31.648
2020-12-30,31.810,32.175,31.790,32.100,43927.000,31.917
2020-12-29,31.610,31.850,31.370,31.850,69226.000,31.404
2020-12-28,32.000,32.026,31.200,31.290,63382.000,30.851
2020-12-24,31.840,31.990,31.540,31.850,36579.000,31.404
2020-12-23,32.160,32.160,31.770,31.830,53247.000,31.384
2020-12-22,31.980,32.060,31.700,32.060,52530.000,31.611
2020-12-21,31.530,31.990,31.475,31.930,71201.000,31.482
2020-12-18,32.220,32.250,31.890,32.060,57311.000,31.611
2020-12-17,31.910,32.110,31.890,32.110,44617.000,31.660
2020-12-16,31.410,31.776,31.290,31.730,49908.000,31.285
2020-12-15,30.890,31.225,30.830,31.225,37872.000,30.787
2020-12-14,30.860,31.072,30.750,30.780,41626.000,30.349
2020-12-11,30.790,31.000,30.474,30.770,36357.000,30.339
2020-12-10,30.750,31.024,30.350,30.960,172880.000,30.526
2020-12-09,31.460,31.460,30.581,30.760,75158.000,30.329
2020-12-08,30.890,31.340,30.820,31.340,49069.000,30.901
2020-12-07,31.000,31.090,30.750,30.790,52283.000,30.358
2020-12-04,31.090,31.090,30.870,31.040,67863.000,30.605
2020-12-03,30.960,31.220,30.960,31.040,52881.000,30.605
2020-12-02,30.670,30.900,30.340,30.880,56127.000,30.447
2020-12-01,31.200,31.210,30.763,30.840,60485.000,30.408
2020-11-30,31.420,31.420,30.480,30.990,90709.000,30.556
2020-11-27,31.150,31.500,31.130,31.460,70285.000,31.019
2020-11-25,30.500,30.830,30.500,30.770,63929.000,30.339
2020-11-24,30.800,30.800,30.475,30.610,98724.000,30.181
2020-11-23,30.460,30.630,30.195,30.530,85610.000,30.102
2020-11-20,29.930,30.300,29.930,30.170,125614.000,29.747
2020-11-19,29.050,29.680,29.050,29.630,42258.000,29.215
2020-11-18,29.250,29.310,29.000,29.020,37117.000,28.613
2020-11-17,29.090,29.300,28.899,29.240,49898.000,28.830
2020-11-16,29.430,29.430,28.970,29.137,57851.000,28.728
2020-11-13,29.150,29.440,28.991,29.380,44357.000,28.968
2020-11-12,29.230,29.280,28.670,28.770,63093.000,28.367
2020-11-11,28.120,28.750,28.120,28.710,62440.000,28.308
2020-11-10,28.270,28.270,27.360,27.845,70863.000,27.455
2020-11-09,29.860,29.860,28.620,28.620,151564.000,28.219
2020-11-06,29.620,29.887,29.310,29.871,46359.000,29.452
2020-11-05,29.460,29.750,29.300,29.580,120021.000,29.165
2020-11-04,28.320,28.930,28.320,28.790,67135.000,28.386
2020-11-03,27.190,27.830,27.010,27.730,48811.000,27.341
2020-11-02,27.230,27.325,26.810,27.145,33993.000,26.765
2020-10-30,27.500,27.500,26.670,26.840,55239.000,26.464
2020-10-29,27.870,27.950,27.645,27.730,47524.000,27.341
2020-10-28,27.940,27.980,27.630,27.770,47805.000,27.381
2020-10-27,28.190,28.420,28.140,28.360,46881.000,27.962
2020-10-26,28.080,28.398,27.542,27.995,53913.000,27.602
2020-10-23,28.290,28.380,28.020,28.380,32763.000,27.982
2020-10-22,28.210,28.290,27.795,28.240,52878.000,27.844
2020-10-21,28.760,28.848,28.186,28.220,31631.000,27.824
2020-10-20,28.630,29.010,28.630,28.660,58414.000,28.258
2020-10-19,28.840,29.040,28.370,28.486,63836.000,28.087
2020-10-16,28.790,29.010,28.600,28.600,57265.000,28.199
2020-10-15,28.170,28.590,27.850,28.546,47950.000,28.146
2020-10-14,29.320,29.360,28.630,28.680,80609.000,28.278
2020-10-13,29.090,29.436,29.015,29.320,85692.000,28.909
2020-10-12,29.020,29.330,28.949,29.170,58629.000,28.761
2020-10-09,28.400,28.740,28.380,28.660,37865.000,28.258
2020-10-08,28.340,28.350,28.174,28.240,60771.000,27.844
2020-10-07,27.920,28.200,27.920,28.189,48064.000,27.794
2020-10-06,27.930,28.125,27.560,27.560,27114.000,27.174
2020-10-05,27.780,28.000,27.750,27.970,34483.000,27.578
2020-10-02,27.400,27.800,27.340,27.582,25496.000,27.195
2020-10-01,27.500,28.015,27.500,27.990,43993.000,27.598
2020-09-30,27.350,27.644,27.200,27.270,31632.000,26.888
2020-09-29,27.390,27.435,27.140,27.200,24880.000,26.819
2020-09-28,27.350,27.454,27.170,27.430,21325.000,27.046
2020-09-25,26.540,27.070,26.490,27.030,23600.000,26.651
2020-09-24,26.430,26.840,26.159,26.550,238527.000,26.178
2020-09-23,27.310,27.409,26.670,26.670,279665.000,26.296
2020-09-22,26.890,27.280,26.680,27.260,37919.000,26.878
2020-09-21,26.240,26.765,26.135,26.765,36474.000,26.390
2020-09-18,26.910,26.970,26.436,26.740,18983.000,26.365
2020-09-17,26.370,26.710,26.350,26.710,34653.000,26.336
2020-09-16,27.200,27.280,26.881,26.970,28596.000,26.592
2020-09-15,27.210,27.210,26.910,27.004,45294.000,26.625
2020-09-14,26.690,26.920,26.610,26.870,53426.000,26.493
2020-09-11,26.790,26.790,26.085,26.340,41716.000,25.971
2020-09-10,27.040,27.480,26.430,26.500,63513.000,26.129
2020-09-09,26.740,26.870,26.440,26.790,59544.000,26.414
2020-09-08,26.320,26.950,26.075,26.340,77799.000,25.971
2020-09-04,27.180,27.400,25.860,26.990,133970.000,26.612
2020-09-03,28.200,28.250,27.130,27.340,145974.000,26.957
2020-09-02,28.940,28.990,28.210,28.630,94200.000,28.229
2020-09-01,28.230,28.730,28.220,28.635,99463.000,28.234
2020-08-31,28.360,28.440,28.060,28.100,305912.000,27.706
2020-08-28,28.640,28.755,28.410,28.450,81223.000,28.051
2020-08-27,28.950,28.980,28.366,28.515,391065.000,28.115
2020-08-26,28.790,29.000,28.769,28.935,71515.000,28.529
2020-08-25,28.560,28.750,28.400,28.750,323799.000,28.347
2020-08-24,28.630,28.660,28.240,28.530,71062.000,28.130
2020-08-21,28.150,28.320,28.030,28.250,57347.000,27.854
2020-08-20,28.180,28.410,28.100,28.390,30089.000,27.992
2020-08-19,28.340,28.560,28.235,28.350,66687.000,27.953
2020-08-18,28.290,28.640,28.285,28.540,67610.000,28.140
2020-08-17,27.940,28.260,27.850,28.260,66176.000,27.864
2020-08-14,27.840,27.840,27.535,27.620,37585.000,27.233
2020-08-13,27.660,28.040,27.617,27.795,36863.000,27.405
2020-08-12,27.480,27.730,27.390,27.600,42188.000,27.213
2020-08-11,27.740,28.010,27.360,27.380,72317.000,26.996
2020-08-10,28.180,28.210,27.445,27.670,110708.000,27.282
2020-08-07,28.040,28.409,27.700,28.000,120866.000,27.608
2020-08-06,28.150,28.200,27.708,28.020,92336.000,27.627
2020-08-05,27.480,28.060,27.400,28.020,169260.000,27.627
2020-08-04,27.170,27.280,27.000,27.195,164266.000,26.814
2020-08-03,26.690,27.179,26.690,27.155,164318.000,26.774
2020-07-31,26.450,26.480,26.000,26.430,79298.000,26.060
2020-07-30,25.620,26.170,25.535,26.145,50561.000,25.779
2020-07-29,25.360,25.830,25.360,25.800,86230.000,25.438
2020-07-28,25.360,25.360,25.000,25.010,54681.000,24.659
2020-07-27,24.710,25.290,24.690,25.210,43931.000,24.857
2020-07-24,24.340,24.620,23.970,24.480,39474.000,24.137
2020-07-23,25.180,25.315,24.579,24.760,44631.000,24.413
2020-07-22,25.250,25.320,25.040,25.219,32704.000,24.865
2020-07-21,25.800,25.800,25.130,25.260,242638.000,24.906
2020-07-20,24.780,25.450,24.780,25.450,36628.000,25.093
2020-07-17,24.830,24.920,24.573,24.680,23105.000,24.334
2020-07-16,24.690,24.765,24.390,24.650,16427.000,24.304
2020-07-15,25.000,25.050,24.650,25.030,70909.000,24.679
2020-07-14,24.500,24.745,23.871,24.690,77939.000,24.344
2020-07-13,25.770,25.890,24.685,24.700,109525.000,24.354
2020-07-10,25.660,25.660,25.300,25.562,93383.000,25.204
2020-07-09,25.580,25.678,25.170,25.660,170716.000,25.300
2020-07-08,25.130,25.340,24.940,25.340,123702.000,24.985
2020-07-07,24.800,25.200,24.760,24.880,37689.000,24.531
2020-07-06,24.980,25.240,24.750,24.870,83755.000,24.521
2020-07-02,24.580,24.648,24.390,24.431,89661.000,24.088
2020-07-01,23.700,24.310,23.700,24.205,46832.000,23.866
2020-06-30,23.400,23.640,23.330,23.640,50862.000,23.309
2020-06-29,23.290,23.335,22.875,23.330,25600.000,23.003
2020-06-26,23.500,23.644,23.200,23.285,69225.000,22.958
2020-06-25,23.220,23.539,23.020,23.520,61305.000,23.191
2020-06-24,23.840,23.900,23.065,23.310,33207.000,22.983
2020-06-23,23.860,24.070,23.740,23.890,130727.000,23.555
2020-06-22,23.560,23.610,23.435,23.610,53121.000,23.279
2020-06-19,23.320,23.450,23.120,23.340,42622.000,23.013
2020-06-18,22.870,23.120,22.870,23.032,29417.000,22.709
2020-06-17,22.990,23.120,22.881,22.983,50863.000,22.661
2020-06-16,23.000,23.000,22.270,22.708,50800.000,22.389
2020-06-15,21.670,22.490,21.660,22.459,30908.000,22.145
2020-06-12,22.110,22.184,21.440,21.902,25904.000,21.595
2020-06-11,21.930,22.270,21.410,21.536,67445.000,21.234
2020-06-10,22.790,22.809,22.500,22.675,31978.000,22.357
2020-06-09,22.350,22.607,22.332,22.510,48591.000,22.194
2020-06-08,22.510,22.535,22.245,22.406,26955.000,22.091
2020-06-05,22.400,22.600,22.340,22.481,43557.000,22.165
2020-06-04,24.770,24.770,22.070,22.160,28765.000,21.849
2020-06-03,22.400,22.530,22.300,22.384,48456.000,22.070
2020-06-02,21.890,22.315,21.890,22.275,36863.000,21.963
2020-06-01,21.710,21.830,21.624,21.820,23103.000,21.514
2020-05-29,21.160,21.620,21.100,21.610,16127.000,21.307
2020-05-28,21.010,21.320,20.890,20.990,21103.000,20.696
2020-05-27,21.200,21.200,20.400,20.990,25867.000,20.696
2020-05-26,21.500,21.545,21.010,21.020,92020.000,20.725
2020-05-22,20.770,20.900,20.600,20.900,35780.000,20.607
2020-05-21,21.080,21.080,20.720,20.880,35216.000,20.587
2020-05-20,21.260,21.380,20.760,20.950,66758.000,20.656
2020-05-19,20.870,21.150,20.850,20.930,40344.000,20.637
2020-05-18,21.070,21.100,20.800,20.825,84454.000,20.533
2020-05-15,20.100,20.620,20.100,20.590,23315.000,20.301
2020-05-14,20.150,20.317,19.754,20.317,37849.000,20.032
2020-05-13,20.720,20.830,20.040,20.439,31126.000,20.152
2020-05-12,20.990,21.110,20.574,20.574,26311.000,20.285
2020-05-11,20.580,20.880,20.500,20.825,43179.000,20.533
2020-05-08,20.150,20.600,20.150,20.600,30312.000,20.311
2020-05-07,20.010,20.160,19.850,20.017,23686.000,19.736
2020-05-06,19.510,19.730,19.248,19.690,25367.000,19.414
2020-05-05,19.200,19.300,19.120,19.230,14114.000,18.960
2020-05-04,18.230,18.518,18.058,18.518,12692.000,18.259
2020-05-01,18.390,18.420,17.980,18.155,25006.000,17.901
2020-04-30,18.980,19.000,18.660,18.744,21180.000,18.482
2020-04-29,18.910,19.168,18.876,19.121,7617.000,18.853
2020-04-28,19.010,19.010,18.420,18.610,46659.000,18.349
2020-04-27,18.630,18.860,18.620,18.750,31542.000,18.487
2020-04-24,18.089,18.290,18.010,18.265,9251.000,18.009
2020-04-23,18.060,18.120,17.850,17.905,11957.000,17.654
2020-04-22,17.990,17.990,17.807,17.920,33981.000,17.669
2020-04-21,17.890,17.930,17.330,17.520,13238.000,17.274
2020-04-20,17.960,18.360,17.960,18.100,25128.000,17.846
2020-04-17,18.110,18.110,17.750,17.988,18652.000,17.736
2020-04-16,17.413,17.741,17.413,17.741,8148.000,17.492
2020-04-15,17.100,17.354,16.870,17.255,22550.000,17.013
2020-04-14,17.070,17.410,17.070,17.313,7994.000,17.070
2020-04-13,16.640,16.710,16.281,16.661,9405.000,16.427
2020-04-09,16.490,16.725,16.437,16.504,16385.000,16.273
2020-04-08,15.872,16.240,15.872,16.153,15572.000,15.926
2020-04-07,16.240,16.360,15.760,15.781,14283.000,15.560
2020-04-06,15.040,15.620,15.010,15.620,7771.000,15.401
2020-04-03,14.600,14.600,14.171,14.280,4987.000,14.080
2020-04-02,14.300,14.640,14.300,14.500,21265.000,14.297
2020-04-01,14.820,14.830,14.482,14.482,16350.000,14.279
2020-03-31,15.100,15.365,15.080,15.120,16154.000,14.908
2020-03-30,15.070,15.070,14.870,14.990,26064.000,14.780
2020-03-27,15.100,15.100,14.750,14.873,15903.000,14.665
2020-03-26,15.410,15.525,15.236,15.484,23623.000,15.267
2020-03-25,14.950,15.501,14.713,15.170,5798.000,14.957
2020-03-24,14.130,14.756,14.130,14.756,10573.000,14.549
2020-03-23,13.510,13.649,13.250,13.547,23494.000,13.357
2020-03-20,14.010,14.160,13.407,13.407,7821.000,13.219
2020-03-19,13.567,13.740,13.530,13.671,4674.000,13.479
2020-03-18,13.230,13.560,12.935,13.249,4442.000,13.063
2020-03-17,13.880,14.270,13.290,14.100,10869.000,13.902
2020-03-16,14.420,14.420,13.601,13.601,28455.000,13.410
2020-03-13,15.190,15.227,14.550,15.227,2913.000,15.014
2020-03-12,14.990,14.990,14.540,14.566,7188.000,14.362
2020-03-11,16.550,16.550,16.000,16.003,1684.000,15.779
2020-03-10,16.989,16.989,16.290,16.916,2120.000,16.679
2020-03-09,16.010,16.860,16.000,16.545,4674.000,16.313
2020-03-06,17.330,17.610,17.240,17.480,2922.000,17.235
2020-03-05,17.890,18.140,17.840,17.947,6778.000,17.696
2020-03-04,18.000,18.200,17.840,18.147,3292.000,17.893
2020-03-03,17.848,18.010,17.370,17.471,5627.000,17.227
2020-03-02,17.650,17.830,17.255,17.798,21129.000,17.549
2020-02-28,16.900,17.500,16.700,17.220,20418.000,16.979
2020-02-27,17.620,18.030,17.300,17.398,6132.000,17.154
2020-02-26,18.250,18.400,17.960,18.030,28967.000,17.777
2020-02-25,18.740,18.740,18.110,18.110,1929.000,17.856
2020-02-24,18.570,18.720,18.450,18.615,7554.000,18.354
2020-02-21,19.610,19.660,19.400,19.410,2634.000,19.138
2020-02-20,19.563,19.665,19.563,19.665,2407.000,19.389
2020-02-19,19.670,19.680,19.610,19.610,3434.000,19.335
2020-02-18,19.600,19.610,19.560,19.580,18881.000,19.306
2020-02-14,19.700,19.700,19.538,19.630,2533.000,19.355
2020-02-13,19.550,19.610,19.500,19.500,2164.000,19.227
2020-02-12,19.490,19.710,19.490,19.690,2160.000,19.414
2020-02-11,19.240,19.340,19.201,19.201,2176.000,18.931
2020-02-10,18.840,18.976,18.820,18.976,1984.000,18.710
2020-02-07,19.040,19.040,18.840,18.906,3573.000,18.641
2020-02-06,19.160,19.220,19.160,19.220,822.000,18.951
2020-02-05,19.001,19.135,19.001,19.130,1947.000,18.862
2020-02-04,18.830,19.130,18.830,19.100,819.000,18.832
2020-02-03,18.565,18.565,18.560,18.560,333.000,18.300
2020-01-31,18.752,18.752,18.752,18.752,289.000,18.489
2020-01-30,18.660,18.752,18.564,18.752,881.000,18.489
2020-01-29,18.900,18.910,18.900,18.910,913.000,18.645
2020-01-28,18.946,18.946,18.940,18.940,311.000,18.675
2020-01-27,18.520,18.730,18.230,18.635,7901.000,18.373
2020-01-24,19.261,19.261,19.050,19.090,1543.000,18.822
2020-01-23,19.170,19.355,19.170,19.355,661.000,19.084
2020-01-22,19.642,19.642,19.475,19.475,775.000,19.202
2020-01-21,19.440,19.500,19.335,19.500,2694.000,19.227
2020-01-17,19.625,19.660,19.625,19.660,1208.000,19.384
2020-01-16,19.600,19.609,19.600,19.609,447.000,19.334
2020-01-15,19.560,19.560,19.460,19.460,2411.000,19.187
2020-01-14,19.510,19.510,19.427,19.475,6246.000,19.202
2020-01-13,19.320,19.534,19.320,19.513,3224.000,19.239
2020-01-10,19.270,19.270,19.106,19.190,2131.000,18.921
2020-01-09,19.120,19.162,19.060,19.162,2583.000,18.893
2020-01-08,18.990,19.150,18.990,19.040,1591.000,18.773
2020-01-07,18.810,18.970,18.810,18.970,696.000,18.704
2020-01-06,18.710,18.780,18.710,18.780,5824.000,18.517
2020-01-03,18.690,18.795,18.650,18.795,1703.000,18.531
2020-01-02,18.570,18.880,18.570,18.880,1954.000,18.615
2019-12-31,18.400,18.425,18.370,18.406,3187.000,18.148
2019-12-30,18.590,18.590,18.330,18.410,3343.000,18.152
2019-12-27,18.660,18.660,18.560,18.592,1601.000,18.298
2019-12-26,18.537,18.630,18.537,18.582,809.000,18.288
2019-12-24,18.452,18.452,18.400,18.430,1520.000,18.138
2019-12-23,18.430,18.430,18.350,18.380,1030.000,18.090
2019-12-20,18.260,18.300,18.260,18.300,152.000,18.010
2019-12-19,18.200,18.200,18.150,18.189,11283.000,17.901
2019-12-18,18.135,18.188,18.130,18.130,2563.000,17.843
2019-12-17,18.130,18.130,18.042,18.125,4213.000,17.838
2019-12-16,18.150,18.150,18.114,18.125,408.000,17.838
2019-12-13,17.973,17.973,17.970,17.970,579.000,17.686
2019-12-12,17.820,17.880,17.780,17.880,10203.000,17.597
2019-12-11,17.720,17.785,17.711,17.785,2588.000,17.504
2019-12-10,17.800,17.810,17.752,17.752,9263.000,17.471
2019-12-09,17.670,17.855,17.670,17.800,2706.000,17.518
2019-12-06,17.841,17.841,17.805,17.805,251.000,17.523
2019-12-05,17.710,17.710,17.670,17.670,6522.000,17.390
2019-12-04,17.680,17.780,17.650,17.650,1154.000,17.371
2019-12-03,17.411,17.563,17.411,17.563,2474.000,17.286
2019-12-02,17.750,17.750,17.480,17.573,6482.000,17.295
2019-11-29,17.850,17.915,17.850,17.910,1229.000,17.627
2019-11-27,17.810,17.878,17.793,17.878,1057.000,17.595
2019-11-26,17.590,17.745,17.570,17.745,4806.000,17.464
2019-11-25,17.300,17.575,17.300,17.575,126707.000,17.297
2019-11-21,17.240,17.240,17.240,17.240,10.000,16.967
2019-11-20,17.240,17.240,17.240,17.240,232.000,16.967
2019-11-19,17.254,17.270,17.253,17.270,1439.000,16.997
2019-11-18,17.230,17.230,17.230,17.230,7.000,16.957
2019-11-15,17.250,17.250,17.230,17.230,391.000,16.957
2019-11-14,17.100,17.100,17.090,17.090,1748.000,16.820
2019-11-13,17.106,17.106,17.106,17.106,472.000,16.836
2019-11-12,17.184,17.200,17.110,17.200,592.000,16.928
2019-11-11,17.185,17.270,17.156,17.250,2127.000,16.977
2019-11-08,17.270,17.270,17.230,17.253,3132.000,16.980
2019-11-07,17.720,17.720,17.410,17.410,3384.000,17.135
2019-11-06,17.840,17.840,17.610,17.630,3729.000,17.351
2019-11-05,17.801,17.801,17.801,17.801,249.000,17.519
2019-11-04,17.881,17.881,17.801,17.801,541.000,17.519
2019-11-01,17.724,17.724,17.654,17.654,526.000,17.375
2019-10-31,17.700,17.700,17.534,17.534,209.000,17.257
2019-10-30,17.950,17.950,17.833,17.833,1023.000,17.551
2019-10-29,18.096,18.096,18.096,18.096,3.000,17.809
2019-10-28,18.000,18.104,18.000,18.096,2261.000,17.809
2019-10-25,17.680,18.010,17.680,18.000,25707.000,17.715
2019-10-24,17.688,17.688,17.688,17.688,101.000,17.408
2019-10-23,17.571,17.589,17.571,17.589,1823.000,17.311
2019-10-22,17.779,17.779,17.647,17.680,928.000,17.400
2019-10-21,17.645,17.645,17.645,17.645,207.000,17.366
2019-10-18,17.771,17.771,17.771,17.771,156.000,17.489
2019-10-17,17.800,17.800,17.770,17.771,1161.000,17.489
2019-10-16,17.612,17.612,17.612,17.612,146.000,17.334
2019-10-15,17.561,17.617,17.561,17.612,752.000,17.334
2019-10-14,17.279,17.284,17.279,17.284,328.000,17.011
2019-10-11,16.895,16.895,16.895,16.895,28.000,16.627
2019-10-10,16.700,16.939,16.700,16.895,2302.000,16.627
2019-10-09,16.721,16.721,16.721,16.721,141.000,16.457
2019-10-08,16.820,16.820,16.700,16.721,726.000,16.457
2019-10-07,17.000,17.001,17.000,17.001,1062.000,16.732
2019-10-04,16.996,17.030,16.981,17.030,1168.000,16.761
2019-10-03,16.680,16.909,16.680,16.909,2482.000,16.641
2019-10-02,16.700,16.710,16.700,16.710,823.000,16.445
2019-10-01,17.190,17.190,17.190,17.190,11.000,16.918
2019-09-30,17.030,17.190,17.030,17.190,603.000,16.918
2019-09-27,17.350,17.396,17.350,17.396,415.000,17.120
2019-09-26,17.319,17.363,17.319,17.363,1032.000,17.089
2019-09-25,17.710,17.710,17.710,17.710,65.000,17.430
2019-09-24,17.710,17.710,17.710,17.710,325.000,17.430
2019-09-23,17.860,17.860,17.700,17.700,3929.000,17.420
2019-09-20,18.039,18.039,18.014,18.014,390.000,17.729
2019-09-19,18.048,18.048,18.048,18.048,247.000,17.762
2019-09-18,18.150,18.150,18.042,18.042,708.000,17.756
2019-09-17,18.170,18.170,18.170,18.170,3010.000,17.883
2019-09-16,18.070,18.122,18.070,18.122,1492.000,17.836
2019-09-13,18.255,18.265,18.230,18.250,1674.000,17.961
2019-09-12,18.124,18.150,18.084,18.132,2027.000,17.845
2019-09-11,18.000,18.078,17.990,18.078,1306.000,17.792
2019-09-10,17.651,17.651,17.651,17.651,705.000,17.372
2019-09-09,17.866,17.866,17.862,17.862,660.000,17.580
2019-09-06,17.930,17.951,17.930,17.951,1689.000,17.667
2019-09-05,17.800,17.921,17.752,17.921,1863.000,17.638
2019-09-04,17.301,17.301,17.301,17.301,13.000,17.027
2019-09-03,17.380,17.430,17.284,17.301,1523.000,17.027
2019-08-30,17.690,17.690,17.528,17.528,1254.000,17.250
2019-08-29,17.640,17.640,17.599,17.599,355.000,17.321
2019-08-28,17.191,17.361,17.191,17.361,673.000,17.086
2019-08-27,17.420,17.420,17.283,17.283,601.000,17.009
2019-08-26,17.314,17.314,17.280,17.301,1065.000,17.027
2019-08-23,17.251,17.277,17.232,17.240,889.000,16.967
2019-08-22,17.620,17.620,17.517,17.517,9162.000,17.239
2019-08-21,17.861,17.890,17.861,17.890,571.000,17.607
2019-08-20,17.730,17.730,17.730,17.730,135.000,17.450
2019-08-19,17.630,17.781,17.630,17.730,2709.000,17.450
2019-08-16,17.310,17.480,17.310,17.480,1662.000,17.203
2019-08-15,17.270,17.270,17.071,17.101,3305.000,16.830
2019-08-14,17.330,17.330,17.120,17.191,3942.000,16.919
2019-08-13,17.547,17.796,17.547,17.796,986.000,17.515
2019-08-12,17.380,17.430,17.380,17.430,3117.000,17.154
2019-08-09,17.889,17.889,17.699,17.810,4228.000,17.528
2019-08-08,17.625,17.850,17.625,17.850,481.000,17.568
2019-08-07,17.100,17.100,17.100,17.100,616.000,16.829
2019-08-06,17.210,17.210,17.100,17.210,1296.000,16.938
2019-08-05,17.290,17.290,16.811,16.900,20330.000,16.633
2019-08-02,17.910,17.920,17.639,17.709,8852.000,17.429
2019-08-01,18.500,18.630,18.110,18.110,3540.000,17.823
2019-07-31,18.310,18.450,18.220,18.262,7301.000,17.973
2019-07-30,18.600,18.600,18.431,18.431,7384.000,18.139
2019-07-29,18.800,18.800,18.558,18.730,2845.000,18.434
2019-07-26,18.830,18.884,18.830,18.884,2508.000,18.585
2019-07-25,18.840,18.840,18.800,18.807,2343.000,18.509
2019-07-24,18.730,18.820,18.729,18.820,2131.000,18.522
2019-07-23,18.593,18.661,18.500,18.661,4315.000,18.366
2019-07-22,18.550,18.610,18.530,18.558,5949.000,18.265
2019-07-19,18.405,18.405,18.405,18.405,223.000,18.114
2019-07-18,18.408,18.440,18.270,18.405,4073.000,18.114
2019-07-17,18.550,18.666,18.550,18.629,2120.000,18.334
2019-07-16,18.690,18.690,18.650,18.650,2489.000,18.355
2019-07-15,18.600,18.654,18.574,18.654,2311.000,18.359
2019-07-12,18.420,18.480,18.420,18.480,2964.000,18.188
2019-07-11,18.506,18.506,18.372,18.410,3826.000,18.119
2019-07-10,18.605,18.605,18.480,18.499,1381.000,18.206
2019-07-09,18.250,18.300,18.240,18.240,3635.000,17.951
2019-07-08,18.413,18.421,18.400,18.400,1443.000,18.109
2019-07-05,18.500,18.630,18.450,18.580,5015.000,18.286
2019-07-03,18.605,18.650,18.570,18.629,4322.000,18.334
2019-07-02,18.550,18.550,18.550,18.550,136.000,18.256
2019-07-01,18.690,18.690,18.500,18.550,2189.000,18.256
2019-06-28,18.269,18.269,18.239,18.239,729.000,17.950
2019-06-27,18.254,18.271,18.254,18.271,1090.000,17.982
2019-06-26,18.080,18.080,17.970,18.050,2137.000,17.764
2019-06-25,17.990,17.990,17.940,17.940,7237.000,17.656
2019-06-24,18.510,18.510,18.310,18.321,3179.000,18.031
2019-06-21,18.512,18.512,18.512,18.512,109.000,18.219
2019-06-20,18.820,18.820,18.470,18.512,2471.000,18.219
2019-06-19,18.200,18.454,18.200,18.454,723.000,18.162
2019-06-18,18.297,18.297,18.290,18.290,1279.000,18.001
2019-06-17,18.024,18.024,18.024,18.024,367.000,17.739
2019-06-14,18.010,18.010,17.880,17.893,1182.000,17.610
2019-06-13,18.140,18.140,18.090,18.119,20569.000,17.833
2019-06-12,17.980,18.003,17.980,18.003,648.000,17.718
2019-06-11,18.050,18.089,17.973,17.973,2499.000,17.688
2019-06-10,17.840,18.074,17.760,17.859,11944.000,17.576
2019-06-07,17.370,17.599,17.370,17.550,3704.000,17.272
2019-06-06,17.150,17.150,17.150,17.150,961.000,16.879
2019-06-05,17.124,17.124,17.124,17.124,292.000,16.853
2019-06-04,16.945,17.160,16.945,17.160,2739.000,16.889
2019-06-03,16.930,16.960,16.820,16.820,2703.000,16.554
2019-05-31,17.040,17.040,17.010,17.010,2717.000,16.741
2019-05-30,17.003,17.020,17.003,17.014,3825.000,16.745
2019-05-29,17.009,17.025,17.000,17.000,1688.000,16.731
2019-05-28,17.340,17.340,17.273,17.300,2168.000,17.026
2019-05-24,17.330,17.330,17.170,17.170,1201.000,16.898
2019-05-23,17.140,17.140,17.000,17.081,929.000,16.811
2019-05-22,17.450,17.450,17.430,17.430,650.000,17.154
2019-05-21,17.606,17.640,17.606,17.615,2237.000,17.337
2019-05-20,17.290,17.370,17.240,17.370,1331.000,17.095
2019-05-17,17.680,17.780,17.650,17.650,3350.000,17.371
2019-05-16,17.870,18.140,17.870,17.965,1969.000,17.681
2019-05-15,17.650,17.790,17.650,17.780,4001.000,17.499
2019-05-14,17.437,17.580,17.437,17.558,1496.000,17.280
2019-05-13,17.240,17.250,17.160,17.231,24524.000,16.958
2019-05-10,17.980,17.980,17.580,17.880,2013.000,17.597
2019-05-09,18.070,18.070,17.690,18.015,19576.000,17.730
2019-05-08,18.354,18.354,18.354,18.354,606.000,18.063
2019-05-07,18.760,18.760,18.190,18.192,7844.000,17.904
2019-05-06,18.580,18.784,18.500,18.771,5195.000,18.474
2019-05-03,19.030,19.130,18.994,19.130,4254.000,18.827
2019-05-02,18.540,18.734,18.530,18.612,6755.000,18.317
2019-05-01,18.880,18.900,18.740,18.740,5464.000,18.444
2019-04-30,18.742,18.770,18.705,18.770,1581.000,18.473
2019-04-29,18.530,18.710,18.525,18.691,3625.000,18.395
2019-04-26,18.470,18.530,18.366,18.481,3969.000,18.189
2019-04-25,18.360,18.400,18.350,18.350,11026.000,18.060
2019-04-24,18.460,18.460,18.300,18.300,4637.000,18.010
2019-04-23,18.290,18.300,18.290,18.300,808.000,18.010
2019-04-22,18.069,18.069,18.069,18.069,248.000,17.783
2019-04-18,18.000,18.063,17.900,18.048,2134.000,17.763
2019-04-17,18.003,18.080,18.003,18.079,1015.000,17.793
2019-04-16,18.109,18.120,18.109,18.120,1209.000,17.833
2019-04-15,18.160,18.160,18.000,18.005,6155.000,17.720
2019-04-12,18.290,18.290,18.120,18.120,913.000,17.833
2019-04-11,18.070,18.070,18.035,18.035,942.000,17.750
2019-04-10,18.078,18.078,18.078,18.078,327.000,17.792
2019-04-09,18.070,18.089,18.054,18.054,710.000,17.768
2019-04-08,18.110,18.140,18.110,18.140,3357.000,17.853
2019-04-05,18.150,18.210,18.150,18.159,3236.000,17.872
2019-04-04,17.960,17.960,17.814,17.960,2215.000,17.676
2019-04-03,18.000,18.070,17.980,18.055,2524.000,17.769
2019-04-02,17.850,17.850,17.767,17.767,3010.000,17.486
2019-04-01,17.840,17.920,17.790,17.910,1069.000,17.627
2019-03-29,17.598,17.598,17.598,17.598,647.000,17.319
2019-03-28,17.400,17.400,17.400,17.400,197.000,17.125
2019-03-27,17.252,17.252,17.252,17.252,199.000,16.979
2019-03-26,17.374,17.374,17.374,17.374,134.000,17.099
2019-03-25,17.170,17.231,17.110,17.231,1949.000,16.959
2019-03-22,17.440,17.440,17.177,17.177,2047.000,16.905
2019-03-21,17.480,17.623,17.480,17.623,2433.000,17.344
2019-03-20,17.430,17.430,17.368,17.368,1333.000,17.093
2019-03-19,17.640,17.640,17.450,17.450,4397.000,17.174
2019-03-18,17.380,17.490,17.380,17.490,2027.000,17.213
2019-03-15,17.347,17.410,17.341,17.386,1246.000,17.111
2019-03-14,17.390,17.390,17.289,17.289,973.000,17.015
2019-03-13,17.370,17.420,17.370,17.420,8099.000,17.144
2019-03-12,17.217,17.269,17.217,17.269,992.000,16.996
2019-03-11,16.870,17.182,16.870,17.182,2600.000,16.910
2019-03-08,16.580,16.750,16.580,16.730,1216.000,16.465
2019-03-07,17.091,17.091,16.840,16.869,1003.000,16.602
2019-03-06,17.560,17.560,17.258,17.258,1709.000,16.985
2019-03-05,17.490,17.490,17.460,17.460,6490.000,17.184
2019-03-04,17.270,17.270,17.070,17.070,1274.000,16.800
2019-03-01,17.250,17.250,17.147,17.147,3211.000,16.875
2019-02-28,17.260,17.260,17.100,17.100,9658.000,16.829
2019-02-27,17.100,17.334,17.100,17.260,5089.000,16.987
2019-02-26,16.870,17.049,16.870,16.970,2550.000,16.702
2019-02-25,16.731,16.800,16.690,16.690,1661.000,16.426
2019-02-22,16.420,16.420,16.390,16.390,2053.000,16.131
2019-02-21,16.200,16.200,16.200,16.200,163.000,15.944
2019-02-20,16.480,16.480,16.480,16.480,192.000,16.219
2019-02-19,16.562,16.562,16.460,16.460,1018.000,16.200
2019-02-15,16.381,16.419,16.360,16.360,1578.000,16.101
2019-02-14,16.400,16.410,16.360,16.360,12413.000,16.101
2019-02-13,16.520,16.520,16.220,16.400,34276.000,16.141
2019-02-12,16.499,16.600,16.499,16.600,3560.000,16.337
2019-02-11,16.349,16.360,16.300,16.350,31880.000,16.091
2019-02-08,16.160,16.270,16.160,16.250,1245.000,15.993
2019-02-07,16.250,16.250,16.060,16.151,2771.000,15.895
2019-02-06,16.506,16.506,16.506,16.506,723.000,16.245
2019-02-05,16.530,16.770,16.530,16.680,2187.000,16.416
2019-02-04,16.280,16.280,16.280,16.280,678.000,16.022
2019-02-01,16.205,16.235,16.203,16.230,1520.000,15.973
2019-01-31,16.150,16.150,16.150,16.150,477.000,15.895
2019-01-30,16.090,16.090,16.082,16.082,1095.000,15.828
2019-01-29,15.820,15.820,15.792,15.800,3817.000,15.550
2019-01-28,15.682,15.894,15.670,15.894,1252.000,15.643
2019-01-25,15.751,15.751,15.751,15.751,373.000,15.502
2019-01-24,15.580,15.580,15.500,15.570,627.000,15.324
2019-01-23,15.370,15.370,15.370,15.370,1930.000,15.127
2019-01-22,15.450,15.450,15.450,15.450,391.000,15.206
2019-01-18,15.590,15.690,15.590,15.680,4338.000,15.432
2019-01-17,15.360,15.480,15.320,15.480,689.000,15.235
2019-01-16,15.200,15.300,15.200,15.300,2734.000,15.058
2019-01-15,15.075,15.160,15.075,15.130,1492.000,14.891
2019-01-14,14.920,14.970,14.916,14.950,7006.000,14.713
2019-01-11,14.990,14.990,14.990,14.990,322.000,14.753
2019-01-10,14.823,14.930,14.823,14.930,3107.000,14.694
2019-01-09,15.050,15.117,15.050,15.117,383.000,14.877
2019-01-08,14.860,14.860,14.800,14.800,632.000,14.566
2019-01-07,14.709,14.730,14.690,14.730,800.000,14.497
2018-12-19,13.890,13.890,13.890,13.890,136.000,13.670
2018-12-18,14.360,14.360,14.230,14.230,572.000,14.005
2018-12-17,14.710,14.710,14.420,14.420,1292.000,14.192
2018-12-13,15.440,15.440,15.440,15.440,100.000,15.196
2018-12-12,15.370,15.561,15.370,15.529,539.000,15.283
2018-12-11,15.358,15.358,15.358,15.358,1043.000,15.115
2018-12-10,15.180,15.230,14.940,15.210,1796.000,14.969
2018-12-07,15.590,15.590,15.380,15.380,1338.000,15.137
2018-12-06,15.099,15.430,15.099,15.430,2066.000,15.186
2018-12-04,15.900,15.900,15.530,15.530,2049.000,15.284
2018-12-03,16.130,16.130,15.880,15.880,3024.000,15.629
