Date,Open,High,Low,Close,Volume,Adj Close,,2022-03-15
2022-03-15,29.560,30.429,29.250,30.320,238816.000,30.320
2022-03-14,30.240,30.460,29.180,29.450,248487.000,29.450
2022-03-11,31.670,31.960,30.120,30.200,177419.000,30.200
2022-03-10,31.100,31.473,30.760,31.460,198644.000,31.460
2022-03-09,31.400,32.270,31.260,32.050,375476.000,32.050
2022-03-08,29.600,30.825,29.260,30.020,272150.000,30.020
2022-03-07,30.810,31.119,29.450,29.560,334663.000,29.560
2022-03-04,32.050,32.140,30.671,30.900,557097.000,30.900
2022-03-03,33.950,33.995,32.320,32.530,357299.000,32.530
2022-03-02,33.590,34.058,33.330,33.880,265710.000,33.880
2022-03-01,34.310,34.590,33.115,33.490,474441.000,33.490
2022-02-28,31.920,33.749,31.790,33.440,425271.000,33.440
2022-02-25,32.270,32.580,31.630,32.410,305239.000,32.410
2022-02-24,29.100,31.828,29.010,31.590,533054.000,31.590
2022-02-23,31.930,32.140,30.470,30.590,297146.000,30.590
2022-02-22,31.290,31.930,30.782,31.220,447080.000,31.220
2022-02-18,32.700,32.850,31.690,32.070,280490.000,32.070
2022-02-17,33.750,33.920,32.550,32.690,281633.000,32.690
2022-02-16,34.740,34.880,34.140,34.600,214101.000,34.600
2022-02-15,34.590,35.110,34.400,35.040,417276.000,35.040
2022-02-14,33.740,34.260,32.920,33.330,399640.000,33.330
2022-02-11,35.130,35.580,33.500,33.720,399887.000,33.720
2022-02-10,35.290,36.720,34.850,35.210,455044.000,35.210
2022-02-09,35.140,36.060,34.890,35.970,470314.000,35.970
2022-02-08,34.040,34.690,33.600,34.660,338286.000,34.660
2022-02-07,34.050,34.869,34.020,34.280,502791.000,34.280
2022-02-04,31.680,33.549,31.540,33.260,472984.000,33.260
2022-02-03,31.950,32.324,31.430,31.580,364051.000,31.580
2022-02-02,33.850,33.850,32.210,32.730,343752.000,32.730
2022-02-01,33.580,34.040,32.690,33.870,592378.000,33.870
2022-01-31,31.310,32.930,31.160,32.920,614492.000,32.920
2022-01-28,30.170,31.120,29.405,31.050,660449.000,31.050
2022-01-27,31.520,31.820,29.860,30.040,474267.000,30.040
2022-01-26,32.780,33.220,31.050,31.460,616897.000,31.460
2022-01-25,31.690,32.320,30.750,31.630,466134.000,31.630
2022-01-24,30.360,32.080,29.230,32.050,1765939.000,32.050
2022-01-21,33.730,34.180,32.050,32.140,1182971.000,32.140
2022-01-20,35.430,36.590,34.780,34.890,631839.000,34.890
2022-01-19,35.810,36.255,34.920,35.020,532930.000,35.020
2022-01-18,36.650,36.820,35.530,35.600,597128.000,35.600
2022-01-14,37.000,37.630,36.743,37.550,368943.000,37.550
2022-01-13,39.020,39.120,37.160,37.310,390651.000,37.310
2022-01-12,38.860,39.200,38.150,38.570,526975.000,38.570
2022-01-11,36.690,38.150,36.450,38.020,901916.000,38.020
2022-01-10,36.650,36.840,35.650,36.830,634903.000,36.830
2022-01-07,37.465,38.040,36.840,37.360,555501.000,37.360
2022-01-06,37.590,38.078,36.710,37.740,701728.000,37.740
2022-01-05,40.270,40.400,38.090,38.160,925040.000,38.160
2022-01-04,40.980,41.240,39.881,40.460,601720.000,40.460
2022-01-03,40.840,41.340,40.114,40.600,898889.000,40.600
2021-12-31,40.900,41.040,40.080,40.170,1164532.000,40.170
2021-12-30,40.420,41.020,40.390,40.410,609923.000,40.410
2021-12-29,41.230,41.230,40.304,40.390,925289.000,40.390
2021-12-28,48.280,48.400,46.930,47.210,562953.000,41.326
2021-12-27,48.590,49.140,48.510,49.030,506395.000,42.920
2021-12-23,46.410,48.460,46.250,48.350,432488.000,42.324
2021-12-22,46.050,46.860,45.790,46.520,304993.000,40.722
2021-12-21,45.450,46.110,44.890,46.020,413568.000,40.285
2021-12-20,44.070,44.530,43.550,44.090,783575.000,38.595
2021-12-17,45.280,46.170,44.300,45.370,514820.000,39.716
2021-12-16,48.200,48.340,45.610,46.100,585373.000,40.355
2021-12-15,46.200,47.830,45.040,47.650,627222.000,41.712
2021-12-14,45.740,46.899,45.510,46.210,428952.000,40.451
2021-12-13,47.780,47.780,46.210,46.270,1208702.000,40.504
2021-12-10,49.870,49.870,47.740,48.330,596407.000,42.307
2021-12-09,50.700,50.700,48.550,48.750,755600.000,42.675
2021-12-08,51.280,51.720,50.520,51.480,509045.000,45.064
2021-12-07,51.010,51.990,50.700,51.430,626515.000,45.021
2021-12-06,48.000,49.620,46.650,49.190,982102.000,43.060
2021-12-03,53.350,53.610,49.030,49.720,1378547.000,43.524
2021-12-02,53.400,54.190,52.160,53.080,1009447.000,46.465
2021-12-01,56.270,57.029,53.630,53.760,861001.000,47.060
2021-11-30,56.240,57.228,54.050,55.270,580358.000,48.382
2021-11-29,56.450,56.580,54.510,56.130,553360.000,49.135
2021-11-26,54.900,55.520,54.050,54.590,322650.000,47.787
2021-11-24,55.400,56.950,54.880,56.950,451820.000,49.853
2021-11-23,56.040,57.075,55.170,56.640,512944.000,49.581
2021-11-22,58.880,58.920,55.630,56.040,842888.000,49.056
2021-11-19,57.060,59.280,57.060,58.470,698883.000,51.183
2021-11-18,58.500,58.820,56.314,56.960,825556.000,49.861
2021-11-17,59.500,59.530,58.030,58.500,489165.000,51.209
2021-11-16,58.900,60.200,58.330,59.210,739554.000,51.831
2021-11-15,62.690,62.770,60.400,60.740,499388.000,53.170
2021-11-12,60.740,61.800,59.480,61.760,499032.000,54.063
2021-11-11,60.020,61.040,60.000,60.620,535363.000,53.065
2021-11-10,62.570,62.740,58.620,59.150,967008.000,51.778
2021-11-09,64.780,64.910,61.330,62.340,814936.000,54.571
2021-11-08,61.810,63.180,61.510,62.770,986439.000,54.947
2021-11-05,60.460,61.039,59.190,59.910,563973.000,52.444
2021-11-04,59.800,61.000,59.341,59.940,956921.000,52.470
2021-11-03,58.660,60.140,57.750,60.110,736380.000,52.619
2021-11-02,57.390,59.020,57.210,58.990,1150049.000,51.638
2021-11-01,55.660,56.750,55.570,56.630,814465.000,49.573
2021-10-29,54.310,55.610,54.026,55.470,734707.000,48.557
2021-10-28,53.680,54.580,53.610,54.500,354380.000,47.708
2021-10-27,53.000,53.430,52.320,52.430,354788.000,45.896
2021-10-26,54.950,54.980,53.820,54.350,471459.000,47.577
2021-10-25,52.110,54.560,52.110,54.510,534210.000,47.717
2021-10-22,52.210,52.220,50.495,51.120,451826.000,44.749
2021-10-21,53.070,53.479,51.700,52.190,452480.000,45.686
2021-10-20,52.410,54.239,52.280,53.270,745172.000,46.631
2021-10-19,51.860,52.295,50.550,52.160,678996.000,45.660
2021-10-18,50.690,52.338,50.650,51.420,761183.000,45.012
2021-10-15,49.950,51.130,49.900,50.860,669102.000,44.522
2021-10-14,49.270,49.330,48.850,49.100,492473.000,42.981
2021-10-13,47.960,48.660,47.450,48.620,244324.000,42.561
2021-10-12,49.170,49.170,47.630,47.910,306878.000,41.939
2021-10-11,49.000,49.870,48.620,48.990,385629.000,42.885
2021-10-08,48.270,48.520,47.870,48.270,192441.000,42.254
2021-10-07,48.360,48.682,47.900,47.990,289247.000,42.009
2021-10-06,47.960,48.480,47.140,48.230,431665.000,42.219
2021-10-05,45.920,47.580,45.920,47.580,305607.000,41.650
2021-10-04,46.000,46.260,44.500,45.660,288574.000,39.970
2021-10-01,46.340,46.420,45.030,46.350,401531.000,40.574
2021-09-30,44.820,45.100,44.240,44.640,193285.000,39.077
2021-09-29,44.850,45.310,43.970,44.070,290222.000,38.578
2021-09-28,46.000,46.150,44.500,44.660,501175.000,39.094
2021-09-27,46.950,47.190,46.310,46.450,275044.000,40.661
2021-09-24,46.100,46.910,45.600,46.730,403570.000,40.906
2021-09-23,47.330,48.095,47.290,47.990,341618.000,42.009
2021-09-22,45.730,47.350,45.730,46.960,273570.000,41.108
2021-09-21,46.100,46.460,45.370,45.500,436663.000,39.830
2021-09-20,46.200,46.470,45.140,45.930,784306.000,40.206
2021-09-17,48.600,48.630,48.087,48.490,351671.000,42.447
2021-09-16,48.520,48.850,47.915,48.590,269200.000,42.534
2021-09-15,48.790,48.840,48.190,48.780,378367.000,42.701
2021-09-14,49.480,49.660,48.500,48.770,343872.000,42.692
2021-09-13,48.950,49.160,47.790,48.680,340671.000,42.613
2021-09-10,50.450,50.450,48.680,48.760,344788.000,42.683
2021-09-09,49.940,50.720,49.940,50.000,246871.000,43.769
2021-09-08,50.430,50.430,48.660,49.590,416187.000,43.410
2021-09-07,52.830,53.189,49.901,50.700,1092760.000,44.382
2021-09-03,51.810,52.740,51.630,52.590,371995.000,46.036
2021-09-02,51.410,51.725,50.790,51.010,401799.000,44.653
2021-09-01,49.770,51.095,49.600,50.270,764223.000,44.005
2021-08-31,49.770,49.894,49.180,49.500,311629.000,43.331
2021-08-30,49.340,49.860,48.730,49.800,415398.000,43.594
2021-08-27,48.000,49.600,47.870,49.490,322853.000,43.322
2021-08-26,48.360,48.830,47.709,47.870,328584.000,41.904
2021-08-25,48.410,49.460,48.100,49.100,377724.000,42.981
2021-08-24,48.550,48.600,47.803,48.580,251747.000,42.526
2021-08-23,48.880,49.250,48.220,48.440,393707.000,42.403
2021-08-20,46.140,47.780,46.140,47.400,431693.000,41.493
2021-08-19,45.200,45.990,45.080,45.720,449351.000,40.022
2021-08-18,45.690,46.825,45.470,45.670,249135.000,39.978
2021-08-17,47.500,47.650,45.250,45.670,462158.000,39.978
2021-08-16,49.250,49.300,47.870,48.070,405941.000,42.079
2021-08-13,50.150,50.470,49.100,49.200,268640.000,43.068
2021-08-12,49.660,49.660,48.510,49.190,312496.000,43.060
2021-08-11,50.880,51.532,50.271,50.590,392991.000,44.285
2021-08-10,50.640,50.789,49.370,49.900,611138.000,43.681
2021-08-09,50.120,51.380,50.120,50.580,654835.000,44.276
2021-08-06,47.540,49.180,47.311,48.870,449359.000,42.780
2021-08-05,45.490,47.940,45.390,47.550,534399.000,41.624
2021-08-04,45.010,46.070,45.010,46.060,195853.000,40.320
2021-08-03,44.900,45.055,44.170,44.840,181117.000,39.252
2021-08-02,44.870,45.860,44.770,45.160,263816.000,39.532
2021-07-30,43.920,44.851,43.710,44.750,158754.000,39.173
2021-07-29,45.220,45.650,44.763,44.770,185284.000,39.191
2021-07-28,45.200,45.689,44.726,45.370,194188.000,39.716
2021-07-27,45.740,45.785,43.585,44.310,297572.000,38.788
2021-07-26,45.560,46.647,45.340,46.400,513621.000,40.617
2021-07-23,43.600,43.680,42.906,43.160,202389.000,37.781
2021-07-22,44.160,44.160,43.143,43.470,355191.000,38.053
2021-07-21,42.320,43.891,42.225,43.490,269787.000,38.070
2021-07-20,40.150,41.350,39.570,41.130,459653.000,36.004
2021-07-19,40.500,40.669,39.820,40.400,672915.000,35.365
2021-07-16,42.630,42.760,41.490,41.550,397605.000,36.372
2021-07-15,42.740,43.140,41.430,42.150,513852.000,36.897
2021-07-14,44.920,44.950,43.270,43.310,412004.000,37.913
2021-07-13,45.190,45.250,44.390,44.390,253024.000,38.858
2021-07-12,46.160,46.160,45.344,45.490,210035.000,39.821
2021-07-09,45.500,46.140,45.361,45.980,152818.000,40.250
2021-07-08,45.000,45.370,44.330,45.260,436247.000,39.619
2021-07-07,47.510,47.510,46.110,46.550,252348.000,40.749
2021-07-06,47.820,47.909,46.720,47.120,206552.000,41.248
2021-07-02,47.470,47.615,47.030,47.350,165642.000,41.449
2021-07-01,47.360,47.550,46.870,47.100,258071.000,41.230
2021-06-30,47.220,48.109,46.930,47.670,835895.000,41.729
2021-06-29,47.440,48.450,47.330,47.910,355631.000,41.939
2021-06-28,46.030,46.900,45.810,46.820,364523.000,40.985
2021-06-25,45.550,45.830,45.080,45.320,379049.000,39.672
2021-06-24,45.650,46.200,45.360,46.100,250650.000,40.355
2021-06-23,45.330,45.790,44.800,44.850,329040.000,39.261
2021-06-22,43.200,44.553,42.310,44.450,540535.000,38.910
2021-06-21,44.840,45.033,44.250,44.780,406934.000,39.199
2021-06-18,46.260,46.620,45.410,45.840,332641.000,40.127
2021-06-17,46.380,47.580,46.365,46.980,259544.000,41.125
2021-06-16,47.200,47.315,45.930,46.460,332172.000,40.670
2021-06-15,48.080,48.100,46.750,47.550,256692.000,41.624
2021-06-14,46.930,48.280,46.850,47.600,511518.000,41.668
2021-06-11,46.420,46.500,45.380,45.590,183130.000,39.908
2021-06-10,46.220,46.910,45.670,46.170,293692.000,40.416
2021-06-09,45.190,46.340,44.690,45.800,310656.000,40.092
2021-06-08,45.000,45.160,43.210,44.370,627808.000,38.840
2021-06-07,46.060,46.185,45.564,45.710,327960.000,40.013
2021-06-04,45.750,46.175,45.560,46.110,287845.000,40.364
2021-06-03,46.780,46.780,45.670,45.990,358851.000,40.259
2021-06-02,46.750,46.860,46.231,46.810,297932.000,40.976
2021-06-01,46.430,46.760,45.900,46.100,317902.000,40.355
2021-05-28,46.360,46.775,45.724,45.820,331413.000,40.110
2021-05-27,46.940,46.969,46.070,46.760,396186.000,40.933
2021-05-26,45.380,46.321,45.149,46.160,523983.000,40.407
2021-05-25,44.040,44.750,43.975,44.400,401383.000,38.867
2021-05-24,43.660,44.385,43.060,44.240,603097.000,38.727
2021-05-21,44.600,45.000,42.530,42.620,718963.000,37.308
2021-05-20,44.420,44.690,43.505,44.170,508260.000,38.665
2021-05-19,40.000,43.065,39.120,42.830,1319936.000,37.492
2021-05-18,44.130,45.210,43.990,44.240,402727.000,38.727
2021-05-17,44.000,45.000,43.370,44.320,936298.000,38.797
2021-05-14,44.290,45.800,44.110,45.740,750365.000,40.040
2021-05-13,44.420,45.605,41.950,42.940,1559264.000,37.589
2021-05-12,46.810,47.626,45.050,45.270,820073.000,39.628
2021-05-11,45.910,48.080,45.010,47.720,1093139.000,41.773
2021-05-10,50.230,50.350,47.890,47.980,1165469.000,42.001
2021-05-07,50.010,51.100,49.800,50.430,591530.000,44.145
2021-05-06,51.020,51.030,48.560,49.380,960318.000,43.226
2021-05-05,51.650,52.360,50.832,51.090,309012.000,44.723
2021-05-04,51.780,51.845,49.521,50.510,874257.000,44.215
2021-05-03,53.930,54.260,52.540,52.960,627040.000,46.360
2021-04-30,51.710,52.916,51.520,52.910,632293.000,46.316
2021-04-29,53.050,53.130,51.110,51.390,910758.000,44.986
2021-04-28,52.600,53.180,52.040,52.990,630971.000,46.386
2021-04-27,52.730,53.030,52.050,52.550,553752.000,46.001
2021-04-26,51.510,52.590,51.427,52.340,947356.000,45.817
2021-04-23,47.800,50.241,47.310,50.010,1051599.000,43.778
2021-04-22,51.760,52.200,49.380,49.480,904464.000,43.314
2021-04-21,49.500,52.130,49.201,51.670,1285039.000,45.231
2021-04-20,50.900,51.000,48.920,50.330,1273985.000,44.058
2021-04-19,51.990,52.530,49.950,51.220,1839007.000,44.837
2021-04-16,54.204,54.260,53.010,53.800,1285211.000,47.095
2021-04-15,56.380,56.765,54.020,55.050,1040458.000,48.189
2021-04-14,61.280,61.550,55.650,55.780,2150477.000,48.828
2021-04-13,59.880,60.220,59.110,59.840,1372048.000,52.382
2021-04-12,58.990,59.400,57.622,58.100,1438605.000,50.859
2021-04-09,57.500,57.820,56.661,57.540,565435.000,50.369
2021-04-08,56.120,57.210,56.060,56.990,683790.000,49.888
2021-04-07,56.560,57.098,54.790,55.070,735426.000,48.207
2021-04-06,58.450,58.685,57.360,57.700,805187.000,50.509
2021-04-05,57.290,58.798,56.750,58.630,1108722.000,51.323
2021-04-01,56.740,57.700,56.330,56.720,746056.000,49.651
2021-03-31,54.130,56.350,54.070,55.840,892475.000,48.881
2021-03-30,53.550,54.390,52.660,54.340,475431.000,47.568
2021-03-29,54.650,54.790,52.150,52.790,936293.000,46.211
2021-03-26,52.050,52.880,51.010,52.300,663246.000,45.782
2021-03-25,47.890,51.420,46.690,51.320,1260287.000,44.924
2021-03-24,55.730,55.800,50.620,50.970,1170867.000,44.618
2021-03-23,56.010,56.510,53.561,53.840,858720.000,47.130
2021-03-22,58.860,59.200,56.467,56.610,958549.000,49.555
2021-03-19,58.520,59.839,57.150,58.990,1028592.000,51.638
2021-03-18,59.330,61.640,57.550,57.650,1351550.000,50.465
2021-03-17,55.530,60.050,54.860,59.790,1016065.000,52.339
2021-03-16,58.080,58.380,55.810,56.600,926636.000,49.546
2021-03-15,57.890,59.440,57.430,58.540,1149892.000,51.244
2021-03-12,55.650,58.250,54.390,57.320,832794.000,50.177
2021-03-11,56.010,57.690,55.010,57.590,1178068.000,50.413
2021-03-10,56.580,56.640,53.250,54.340,1095361.000,47.568
2021-03-09,52.400,54.650,51.730,53.860,1170085.000,47.148
2021-03-08,50.530,51.290,48.220,48.750,1041544.000,42.675
2021-03-05,50.450,50.750,43.751,48.990,2000463.000,42.885
2021-03-04,53.430,54.715,47.750,49.520,1773529.000,43.349
2021-03-03,57.500,57.980,54.370,54.650,1185150.000,47.839
2021-03-02,57.800,58.470,54.730,54.920,1246342.000,48.076
2021-03-01,54.020,56.500,53.250,56.410,1293962.000,49.380
2021-02-26,50.200,52.470,48.810,50.630,1331106.000,44.320
2021-02-25,56.690,57.310,51.460,52.160,1485248.000,45.660
2021-02-24,54.870,55.513,53.340,54.820,1879435.000,47.988
2021-02-23,53.070,54.430,48.030,51.990,3433192.000,45.511
2021-02-22,56.900,62.290,56.010,58.960,2203329.000,51.612
2021-02-19,60.450,62.940,59.910,61.570,2349774.000,53.897
2021-02-18,59.040,59.998,56.300,58.280,2127826.000,51.017
2021-02-17,59.320,60.600,56.748,60.500,2565314.000,52.960
2021-02-16,58.150,59.680,56.936,57.350,3474482.000,50.203
2021-02-12,52.610,54.750,51.700,54.480,1700171.000,47.690
2021-02-11,52.340,52.635,50.810,51.740,1184993.000,45.292
2021-02-10,52.050,52.140,47.360,49.560,2106148.000,43.384
2021-02-09,50.390,53.150,49.800,52.670,2506066.000,46.106
2021-02-08,47.640,48.920,47.170,48.880,1759546.000,42.788
2021-02-05,43.500,44.100,43.050,44.070,668821.000,38.578
2021-02-04,43.280,43.300,41.920,42.860,666628.000,37.519
2021-02-03,41.810,42.680,41.510,42.240,955701.000,36.976
2021-02-02,40.010,41.130,39.750,41.050,584967.000,35.934
2021-02-01,38.790,39.360,38.140,39.290,498758.000,34.393
2021-01-29,40.590,40.590,38.210,38.410,530756.000,33.623
2021-01-28,37.290,38.830,37.290,38.360,384758.000,33.579
2021-01-27,37.330,37.700,36.470,36.930,590460.000,32.328
2021-01-26,38.670,38.834,38.260,38.720,317686.000,33.895
2021-01-25,39.770,39.960,38.160,38.800,514585.000,33.965
2021-01-22,37.770,38.890,37.690,38.790,574102.000,33.956
2021-01-21,37.920,38.000,36.900,37.710,879675.000,33.010
2021-01-20,39.800,39.990,38.010,38.840,557351.000,34.000
2021-01-19,40.510,40.600,39.733,39.890,437312.000,34.919
2021-01-15,40.470,40.590,39.121,39.520,598507.000,34.595
2021-01-14,40.630,41.460,40.630,41.080,699463.000,35.960
2021-01-13,39.390,39.640,38.830,39.560,484166.000,34.630
2021-01-12,39.270,40.120,38.800,39.890,589128.000,34.919
2021-01-11,38.120,39.230,36.200,38.790,1536352.000,33.956
2021-01-08,40.900,41.910,40.500,41.600,1190362.000,36.416
2021-01-07,38.580,40.200,38.500,39.520,1106153.000,34.595
2021-01-06,36.770,37.830,36.600,37.150,853733.000,32.520
2021-01-05,35.410,36.650,35.350,36.650,636335.000,32.083
2021-01-04,36.490,36.690,35.100,35.530,672646.000,31.102
2020-12-31,35.130,35.150,34.550,34.980,299585.000,30.621
2020-12-30,34.820,35.360,34.645,35.030,501632.000,30.664
2020-12-29,34.670,34.670,33.410,34.180,296537.000,29.920
2020-12-28,35.230,35.360,34.550,34.650,753682.000,29.759
2020-12-24,34.390,34.390,33.380,33.600,251553.000,28.857
2020-12-23,35.670,35.770,34.280,34.310,495989.000,29.467
2020-12-22,34.760,35.410,34.370,35.400,482116.000,30.403
2020-12-21,32.610,34.230,32.610,33.990,456423.000,29.192
2020-12-18,33.160,33.180,32.720,33.000,367592.000,28.342
2020-12-17,32.890,33.620,32.883,33.190,642998.000,28.505
2020-12-16,31.540,31.920,31.140,31.750,625982.000,27.268
2020-12-15,30.090,30.850,30.040,30.850,169336.000,26.495
2020-12-14,29.950,30.230,29.855,29.890,197945.000,25.671
2020-12-11,29.700,29.850,29.350,29.580,315489.000,25.405
2020-12-10,29.000,29.850,28.880,29.800,123787.000,25.593
2020-12-09,30.000,30.000,29.140,29.260,252400.000,25.130
2020-12-08,30.370,30.370,29.890,30.000,189329.000,25.765
2020-12-07,30.420,30.750,30.400,30.490,215658.000,26.186
2020-12-04,30.610,30.660,30.400,30.570,163889.000,26.255
2020-12-03,30.350,30.689,30.289,30.490,128098.000,26.186
2020-12-02,30.270,30.350,29.930,30.230,141357.000,25.963
2020-12-01,30.650,30.750,30.245,30.430,342037.000,26.135
2020-11-30,29.980,30.430,29.820,30.285,222857.000,26.010
2020-11-27,29.800,29.800,29.350,29.600,103131.000,25.422
2020-11-25,29.820,30.130,29.500,29.850,442254.000,25.636
2020-11-24,29.840,29.999,29.503,29.660,652899.000,25.473
2020-11-23,28.600,29.320,28.600,29.320,198968.000,25.181
2020-11-20,27.930,28.265,27.925,28.150,189352.000,24.176
2020-11-19,27.500,27.800,27.450,27.800,193384.000,23.876
2020-11-18,28.000,28.090,27.419,27.420,139855.000,23.549
2020-11-17,27.400,27.919,27.300,27.840,192080.000,23.910
2020-11-16,27.040,27.430,26.960,27.370,139666.000,23.507
2020-11-13,26.710,26.940,26.595,26.905,40690.000,23.107
2020-11-12,26.550,26.750,26.280,26.390,83601.000,22.665
2020-11-11,26.150,26.649,26.150,26.570,81799.000,22.819
2020-11-10,26.500,26.501,25.780,25.970,88857.000,22.304
2020-11-09,28.010,28.120,26.670,26.680,144865.000,22.914
2020-11-06,27.060,27.340,26.840,27.290,93746.000,23.438
2020-11-05,26.560,26.980,26.560,26.960,88457.000,23.154
2020-11-04,25.580,26.110,25.480,26.000,118233.000,22.330
2020-11-03,24.830,25.227,24.830,25.100,50907.000,21.557
2020-11-02,25.130,25.130,24.535,24.770,105614.000,21.274
2020-10-30,25.060,25.200,24.620,24.880,86910.000,21.368
2020-10-29,25.150,25.350,25.010,25.250,34170.000,21.686
2020-10-28,25.510,25.510,25.010,25.081,57238.000,21.540
2020-10-27,25.710,25.900,25.630,25.850,45895.000,22.201
2020-10-26,25.780,25.960,25.262,25.490,60275.000,21.892
2020-10-23,26.110,26.110,25.748,26.000,39141.000,22.330
2020-10-22,26.130,26.150,25.720,26.030,55701.000,22.356
2020-10-21,25.800,26.249,25.800,26.090,76234.000,22.407
2020-10-20,25.780,25.980,25.765,25.780,29175.000,22.141
2020-10-19,25.740,25.930,25.561,25.630,59549.000,22.012
2020-10-16,25.720,25.800,25.620,25.620,80048.000,22.004
2020-10-15,25.750,25.750,25.280,25.670,27736.000,22.046
2020-10-14,26.060,26.150,25.768,25.820,23458.000,22.175
2020-10-13,25.920,26.030,25.870,25.995,27539.000,22.326
2020-10-12,25.790,26.000,25.740,25.930,62332.000,22.270
2020-10-09,25.570,25.645,25.510,25.600,63236.000,21.986
2020-10-08,25.260,25.439,25.225,25.430,25092.000,21.840
2020-10-07,24.940,25.060,24.850,25.039,43975.000,21.505
2020-10-06,24.950,25.050,24.607,24.650,24725.000,21.170
2020-10-05,24.660,24.934,24.660,24.934,46709.000,21.414
2020-10-02,24.410,24.660,24.390,24.450,29206.000,20.999
2020-10-01,24.680,24.760,24.630,24.750,34971.000,21.256
2020-09-30,24.430,24.680,24.430,24.510,28854.000,21.050
2020-09-29,24.480,24.530,24.360,24.390,28496.000,20.947
2020-09-28,24.490,24.555,24.370,24.500,62022.000,21.042
2020-09-25,23.650,24.121,23.637,24.100,21731.000,20.698
2020-09-24,23.530,23.963,23.400,23.690,44045.000,20.346
2020-09-23,24.200,24.350,23.670,23.730,31097.000,20.380
2020-09-22,24.020,24.114,23.760,24.080,32276.000,20.681
2020-09-21,23.780,24.055,23.550,24.055,59491.000,20.659
2020-09-18,24.560,24.560,24.100,24.250,21126.000,20.827
2020-09-17,24.130,24.550,24.120,24.410,37924.000,20.964
2020-09-16,24.800,24.810,24.540,24.570,57542.000,21.102
2020-09-15,24.660,24.710,24.560,24.650,76300.000,21.170
2020-09-14,24.110,24.360,24.100,24.322,41956.000,20.889
2020-09-11,24.100,24.110,23.660,23.810,38055.000,20.449
2020-09-10,24.270,24.490,23.770,23.830,57492.000,20.466
2020-09-09,24.010,24.220,23.915,24.159,47754.000,20.749
2020-09-08,23.710,24.020,23.550,23.690,50610.000,20.346
2020-09-04,24.630,24.770,23.510,24.280,158729.000,20.853
2020-09-03,25.460,25.460,24.601,24.780,134612.000,21.282
2020-09-02,26.030,26.100,25.510,25.690,69784.000,22.064
2020-09-01,25.480,25.995,25.480,25.770,90113.000,22.132
2020-08-31,25.280,25.580,25.250,25.430,38055.000,21.840
2020-08-28,25.140,25.320,25.079,25.250,50013.000,21.686
2020-08-27,25.330,25.339,24.960,25.050,65982.000,21.514
2020-08-26,25.030,25.258,25.030,25.200,50071.000,21.643
2020-08-25,24.940,25.000,24.775,24.980,41354.000,21.454
2020-08-24,25.000,25.000,24.671,24.900,62578.000,21.385
2020-08-21,24.570,24.650,24.530,24.650,44830.000,21.170
2020-08-20,24.380,24.620,24.298,24.590,39285.000,21.119
2020-08-19,24.720,24.810,24.581,24.670,46389.000,21.188
2020-08-18,24.760,24.870,24.460,24.660,64315.000,21.179
2020-08-17,24.310,24.718,24.310,24.680,78248.000,21.196
2020-08-14,24.020,24.163,23.990,24.110,49081.000,20.707
2020-08-13,23.820,23.980,23.820,23.950,44810.000,20.569
2020-08-12,23.620,23.830,23.600,23.790,69343.000,20.432
2020-08-11,23.900,23.900,23.460,23.460,47193.000,20.148
2020-08-10,24.070,24.120,23.770,23.890,48359.000,20.518
2020-08-07,24.090,24.180,23.740,23.990,62395.000,20.604
2020-08-06,24.300,24.390,24.125,24.265,87633.000,20.840
2020-08-05,24.140,24.405,24.140,24.240,66984.000,20.818
2020-08-04,23.620,23.970,23.620,23.970,50487.000,20.586
2020-08-03,23.450,23.730,23.450,23.680,76497.000,20.337
2020-07-31,23.150,23.170,22.801,23.022,33424.000,19.772
2020-07-30,22.730,23.100,22.580,23.100,61620.000,19.839
2020-07-29,22.670,22.991,22.655,22.940,50223.000,19.702
2020-07-28,22.590,22.740,22.470,22.470,66594.000,19.298
2020-07-27,22.320,22.800,22.320,22.720,82266.000,19.513
2020-07-24,21.910,22.140,21.850,22.100,54707.000,18.980
2020-07-23,22.340,22.350,21.977,22.052,34182.000,18.939
2020-07-22,22.250,22.440,22.180,22.330,17177.000,19.178
2020-07-21,21.990,22.380,21.990,22.240,45464.000,19.101
2020-07-20,21.350,21.765,21.350,21.760,36081.000,18.688
2020-07-17,21.430,21.430,21.300,21.400,14642.000,18.379
2020-07-16,21.290,21.370,21.290,21.350,24105.000,18.336
2020-07-15,21.800,21.800,21.550,21.705,25300.000,18.641
2020-07-14,21.210,21.550,21.010,21.530,44568.000,18.491
2020-07-13,22.030,22.110,21.390,21.420,64712.000,18.396
2020-07-10,21.830,21.990,21.750,21.985,28889.000,18.882
2020-07-09,21.950,22.000,21.620,21.880,34617.000,18.791
2020-07-08,21.520,21.770,21.470,21.770,52450.000,18.697
2020-07-07,21.400,21.619,21.250,21.410,59519.000,18.388
2020-07-06,21.130,21.500,21.060,21.400,153545.000,18.379
2020-07-02,20.610,20.840,20.610,20.650,30472.000,17.735
2020-07-01,20.170,20.400,20.160,20.360,40200.000,17.486
2020-06-30,19.980,20.240,19.970,20.180,17459.000,17.331
2020-06-29,20.050,20.050,19.770,20.010,144270.000,17.185
2020-06-26,20.270,20.270,19.960,20.050,34908.000,17.220
2020-06-25,20.140,20.430,20.097,20.430,30521.000,17.546
2020-06-24,20.380,20.461,19.995,20.080,30018.000,17.246
2020-06-23,20.680,20.750,20.531,20.560,71656.000,17.658
2020-06-22,20.220,20.486,20.220,20.456,23478.000,17.568
2020-06-19,20.420,20.420,20.060,20.060,14734.000,17.228
2020-06-18,20.110,20.230,20.010,20.200,23517.000,17.349
2020-06-17,20.410,20.440,20.280,20.282,30975.000,17.419
2020-06-16,20.280,20.430,19.960,20.180,32505.000,17.331
2020-06-15,19.390,19.931,19.245,19.889,40763.000,17.082
2020-06-12,19.940,20.088,19.530,19.900,23189.000,17.091
2020-06-11,20.200,20.200,19.400,19.460,73024.000,16.713
2020-06-10,20.460,20.675,20.450,20.610,42228.000,17.701
2020-06-09,20.140,20.310,20.001,20.230,31637.000,17.374
2020-06-08,20.150,20.350,20.040,20.300,44720.000,17.434
2020-06-05,20.110,20.150,20.000,20.090,28896.000,17.254
2020-06-04,19.940,20.100,19.800,19.850,37555.000,17.048
2020-06-03,19.930,20.080,19.860,20.050,67885.000,17.220
2020-06-02,19.650,19.900,19.620,19.860,50891.000,17.057
2020-06-01,19.350,19.640,19.330,19.560,33626.000,16.799
2020-05-29,19.120,19.240,18.860,19.220,93970.000,16.507
2020-05-28,19.090,19.320,19.020,19.055,35611.000,16.365
2020-05-27,19.180,19.180,18.770,19.052,39214.000,16.363
2020-05-26,19.340,19.420,19.050,19.050,24964.000,16.361
2020-05-22,18.900,18.939,18.821,18.890,17655.000,16.224
2020-05-21,19.090,19.180,18.875,18.950,40525.000,16.275
2020-05-20,19.090,19.340,19.090,19.100,26810.000,16.404
2020-05-19,18.910,19.020,18.750,18.807,15450.000,16.152
2020-05-18,18.800,19.070,18.800,19.050,42598.000,16.361
2020-05-15,18.340,18.507,18.340,18.480,20322.000,15.871
2020-05-14,18.090,18.485,17.881,18.470,27046.000,15.863
2020-05-13,18.500,18.690,18.300,18.460,37699.000,15.854
2020-05-12,18.630,18.630,18.380,18.380,30396.000,15.786
2020-05-11,18.470,18.540,18.400,18.500,34117.000,15.889
2020-05-08,18.450,18.550,18.360,18.510,46569.000,15.897
2020-05-07,17.990,18.290,17.990,18.210,36625.000,15.640
2020-05-06,17.940,17.940,17.720,17.750,16616.000,15.244
2020-05-05,17.740,17.859,17.685,17.770,43416.000,15.262
2020-05-04,17.450,17.548,17.372,17.520,14919.000,15.047
2020-05-01,17.730,17.730,17.460,17.540,21333.000,15.064
2020-04-30,18.080,18.117,17.895,17.990,24995.000,15.451
2020-04-29,18.070,18.279,18.000,18.190,36180.000,15.622
2020-04-28,18.030,18.073,17.750,17.760,38710.000,15.253
2020-04-27,17.670,17.830,17.647,17.810,29668.000,15.296
2020-04-24,17.350,17.517,17.300,17.430,22380.000,14.970
2020-04-23,17.310,17.516,17.241,17.260,22217.000,14.824
2020-04-22,17.134,17.197,17.030,17.150,9505.000,14.729
2020-04-21,17.070,17.210,16.800,16.820,21849.000,14.446
2020-04-20,17.290,17.625,17.270,17.370,26956.000,14.918
2020-04-17,17.190,17.430,17.190,17.370,41343.000,14.918
2020-04-16,16.730,16.950,16.730,16.900,31993.000,14.514
2020-04-15,16.700,16.796,16.595,16.760,29272.000,14.394
2020-04-14,16.970,17.170,16.970,17.100,27584.000,14.686
2020-04-13,16.580,16.670,16.410,16.650,34391.000,14.300
2020-04-09,16.450,16.730,16.450,16.560,25873.000,14.222
2020-04-08,15.960,16.290,15.960,16.220,20312.000,13.930
2020-04-07,16.390,16.490,15.950,15.950,46117.000,13.699
2020-04-06,15.430,15.840,15.430,15.810,16179.000,13.578
2020-04-03,14.960,15.060,14.704,14.810,10847.000,12.719
2020-04-02,14.670,15.090,14.670,15.050,19464.000,12.926
2020-04-01,14.920,15.150,14.760,14.820,20178.000,12.728
2020-03-31,15.350,15.660,15.290,15.370,48342.000,13.200
2020-03-30,15.290,15.470,15.191,15.440,18794.000,13.261
2020-03-27,15.130,15.468,15.119,15.210,14961.000,13.063
2020-03-26,15.110,15.651,15.110,15.610,35855.000,13.407
2020-03-25,14.940,15.331,14.720,15.000,38404.000,12.883
2020-03-24,14.450,14.890,14.450,14.780,25392.000,12.694
2020-03-23,13.540,13.670,13.210,13.490,43231.000,11.586
2020-03-20,13.990,14.220,13.590,13.615,32831.000,11.693
2020-03-19,13.200,13.880,13.118,13.668,41698.000,11.739
2020-03-18,13.280,13.779,13.036,13.450,52341.000,11.551
2020-03-17,13.810,14.328,13.580,14.132,39068.000,12.137
2020-03-16,13.450,14.235,13.050,13.500,43305.000,11.594
2020-03-13,15.030,15.100,14.271,14.991,66012.000,12.875
2020-03-12,14.920,14.920,14.230,14.230,53462.000,12.221
2020-03-11,16.390,16.521,16.010,16.110,37035.000,13.836
2020-03-10,16.840,16.900,16.330,16.855,38443.000,14.476
2020-03-09,16.510,16.850,15.130,16.280,70022.000,13.982
2020-03-06,17.670,17.873,17.511,17.736,33128.000,15.232
2020-03-05,18.120,18.303,18.050,18.126,18932.000,15.567
2020-03-04,18.300,18.530,18.160,18.490,36143.000,15.880
2020-03-03,18.400,18.636,17.940,18.075,23153.000,15.524
2020-03-02,17.980,18.300,17.800,18.300,45501.000,15.717
2020-02-28,17.470,17.888,17.420,17.880,69111.000,15.356
2020-02-27,18.210,18.451,17.950,17.960,70640.000,15.425
2020-02-26,18.660,18.885,18.530,18.530,19516.000,15.914
2020-02-25,19.110,19.153,18.500,18.570,48637.000,15.949
2020-02-24,18.940,19.120,18.870,19.040,61363.000,16.352
2020-02-21,19.710,19.710,19.560,19.650,12376.000,16.876
2020-02-20,19.930,19.960,19.678,19.760,18777.000,16.971
2020-02-19,19.990,20.090,19.970,19.970,49725.000,17.151
2020-02-18,20.020,20.020,19.800,19.870,38427.000,17.065
2020-02-14,20.170,20.270,20.140,20.190,28119.000,17.340
2020-02-13,20.150,20.210,20.060,20.100,53216.000,17.263
2020-02-12,19.950,20.240,19.940,20.210,55096.000,17.357
2020-02-11,19.650,19.873,19.640,19.810,26272.000,17.014
2020-02-10,19.310,19.540,19.310,19.540,11829.000,16.782
2020-02-07,19.370,19.440,19.352,19.360,11150.000,16.627
2020-02-06,19.400,19.480,19.400,19.448,13383.000,16.703
2020-02-05,19.380,19.410,19.293,19.400,31099.000,16.662
2020-02-04,19.300,19.366,19.220,19.250,18734.000,16.533
2020-02-03,18.920,19.108,18.920,18.950,21289.000,16.275
2020-01-31,19.070,19.070,18.835,18.890,16834.000,16.224
2020-01-30,18.990,19.191,18.922,19.180,12089.000,16.473
2020-01-29,19.180,19.230,19.120,19.220,29161.000,16.507
2020-01-28,19.000,19.174,19.000,19.140,23752.000,16.438
2020-01-27,18.860,19.004,18.770,18.900,36741.000,16.232
2020-01-24,19.500,19.571,19.288,19.320,16392.000,16.593
2020-01-23,19.410,19.471,19.361,19.430,13529.000,16.687
2020-01-22,19.610,19.670,19.502,19.530,17678.000,16.773
2020-01-21,19.430,19.550,19.420,19.420,32663.000,16.679
2020-01-17,19.610,19.670,19.550,19.670,28904.000,16.893
2020-01-16,19.710,19.726,19.630,19.680,41084.000,16.902
2020-01-15,19.550,19.680,19.550,19.610,60515.000,16.842
2020-01-14,19.500,19.600,19.490,19.580,25928.000,16.816
2020-01-13,19.420,19.550,19.420,19.520,23779.000,16.765
2020-01-10,19.430,19.500,19.382,19.395,28792.000,16.657
2020-01-09,19.360,19.410,19.340,19.390,22416.000,16.653
2020-01-08,19.140,19.288,19.140,19.270,25936.000,16.550
2020-01-07,19.030,19.120,19.000,19.120,25004.000,16.421
2020-01-06,18.750,19.030,18.750,19.000,22675.000,16.318
2020-01-03,18.800,18.950,18.700,18.850,16943.000,16.189
2020-01-02,18.880,19.025,18.880,19.010,29594.000,16.327
2019-12-31,18.630,18.750,18.600,18.750,36628.000,16.103
2019-12-30,18.870,18.870,18.640,18.650,44154.000,16.017
2019-12-27,19.250,19.280,19.150,19.210,19378.000,16.165
2019-12-26,19.050,19.150,18.954,19.130,29902.000,16.097
2019-12-24,19.080,19.101,19.051,19.060,13715.000,16.038
2019-12-23,19.110,19.190,19.100,19.120,22462.000,16.089
2019-12-20,19.140,19.190,19.115,19.120,22821.000,16.089
2019-12-19,18.970,19.120,18.970,19.026,16703.000,16.010
2019-12-18,19.040,19.060,19.010,19.010,18420.000,15.996
2019-12-17,19.050,19.096,19.020,19.090,11228.000,16.064
2019-12-16,19.000,19.115,19.000,19.070,36589.000,16.047
2019-12-13,18.900,18.990,18.856,18.890,18257.000,15.895
2019-12-12,18.680,18.930,18.680,18.920,18373.000,15.921
2019-12-11,18.570,18.680,18.570,18.665,9663.000,15.706
2019-12-10,18.580,18.610,18.560,18.565,12016.000,15.622
2019-12-09,18.670,18.750,18.630,18.640,10698.000,15.685
2019-12-06,18.630,18.730,18.630,18.700,16146.000,15.736
2019-12-05,18.570,18.580,18.450,18.540,24693.000,15.601
2019-12-04,18.560,18.648,18.560,18.560,29945.000,15.618
2019-12-03,18.360,18.490,18.290,18.490,24078.000,15.559
2019-12-02,18.780,18.780,18.500,18.540,25042.000,15.601
2019-11-29,18.770,18.860,18.770,18.796,9413.000,15.816
2019-11-27,18.910,18.920,18.850,18.875,16556.000,15.883
2019-11-26,18.890,18.941,18.850,18.920,13934.000,15.921
2019-11-25,18.830,18.950,18.830,18.920,41447.000,15.921
2019-11-22,18.650,18.750,18.627,18.747,17092.000,15.775
2019-11-21,18.600,18.698,18.570,18.616,23647.000,15.665
2019-11-20,18.600,18.690,18.526,18.605,24851.000,15.656
2019-11-19,18.700,18.750,18.637,18.680,15208.000,15.719
2019-11-18,18.674,18.750,18.650,18.670,44248.000,15.710
2019-11-15,18.740,18.750,18.670,18.710,26446.000,15.744
2019-11-14,18.590,18.723,18.590,18.700,22202.000,15.736
2019-11-13,18.430,18.640,18.430,18.600,58510.000,15.651
2019-11-12,18.410,18.455,18.360,18.369,12876.000,15.457
2019-11-11,18.300,18.420,18.300,18.370,9567.000,15.458
2019-11-08,18.430,18.463,18.380,18.457,11189.000,15.531
2019-11-07,18.450,18.591,18.450,18.480,19138.000,15.550
2019-11-06,18.350,18.390,18.340,18.370,18180.000,15.458
2019-11-05,18.490,18.530,18.390,18.390,15546.000,15.475
2019-11-04,18.380,18.477,18.350,18.350,19271.000,15.441
2019-11-01,18.200,18.261,18.180,18.200,17795.000,15.315
2019-10-31,18.190,18.200,18.061,18.110,9990.000,15.239
2019-10-30,18.169,18.250,18.100,18.235,13843.000,15.344
2019-10-29,18.300,18.320,18.219,18.230,10105.000,15.340
2019-10-28,18.220,18.371,18.198,18.340,50160.000,15.433
2019-10-25,17.880,18.168,17.880,18.160,16962.000,15.281
2019-10-24,17.930,17.966,17.910,17.940,21587.000,15.096
2019-10-23,17.860,17.940,17.860,17.865,10139.000,15.033
2019-10-22,18.100,18.150,17.890,17.890,16034.000,15.054
2019-10-21,17.980,18.097,17.980,18.086,10274.000,15.219
2019-10-18,18.020,18.056,17.804,17.850,13887.000,15.020
2019-10-17,17.990,18.020,17.923,18.010,9438.000,15.155
2019-10-16,17.950,18.010,17.909,17.990,14399.000,15.138
2019-10-15,17.960,18.100,17.960,18.054,17151.000,15.192
2019-10-14,17.950,17.980,17.920,17.920,14573.000,15.079
2019-10-11,17.920,18.070,17.920,17.974,18920.000,15.125
2019-10-10,17.704,17.830,17.704,17.744,16483.000,14.931
2019-10-09,17.720,17.730,17.650,17.650,17315.000,14.852
2019-10-08,17.680,17.710,17.555,17.555,439207.000,14.772
2019-10-07,17.750,17.878,17.750,17.800,15413.000,14.978
2019-10-04,17.650,17.795,17.640,17.790,10248.000,14.970
2019-10-03,17.410,17.615,17.350,17.590,12336.000,14.801
2019-10-02,17.600,17.600,17.401,17.421,31466.000,14.659
2019-10-01,17.930,18.000,17.750,17.756,9288.000,14.941
2019-09-30,17.970,17.977,17.870,17.939,19037.000,15.095
2019-09-27,18.070,18.100,17.830,17.860,15925.000,15.029
2019-09-26,18.110,18.190,18.100,18.130,12055.000,15.256
2019-09-25,17.830,18.079,17.780,18.040,34050.000,15.180
2019-09-24,18.340,18.375,18.030,18.030,16538.000,15.172
2019-09-23,18.430,18.430,18.250,18.250,18822.000,15.357
2019-09-20,18.716,18.753,18.530,18.530,15517.000,15.592
2019-09-19,18.612,18.668,18.520,18.520,12952.000,15.584
2019-09-18,18.650,18.680,18.461,18.593,17179.000,15.645
2019-09-17,18.620,18.650,18.550,18.630,62614.000,15.677
2019-09-16,18.760,18.879,18.635,18.650,20600.000,15.693
2019-09-13,19.040,19.140,18.910,18.910,18886.000,15.912
2019-09-12,18.890,19.021,18.880,18.990,15392.000,15.980
2019-09-11,18.760,18.890,18.760,18.850,22989.000,15.862
2019-09-10,18.690,18.777,18.616,18.765,15518.000,15.790
2019-09-09,18.710,18.746,18.580,18.710,21683.000,15.744
2019-09-06,18.600,18.690,18.600,18.620,11179.000,15.668
2019-09-05,18.460,18.600,18.400,18.590,21225.000,15.643
2019-09-04,18.340,18.390,18.308,18.370,15824.000,15.458
2019-09-03,17.970,18.156,17.970,18.060,19995.000,15.197
2019-08-30,18.090,18.140,17.990,18.010,22249.000,15.155
2019-08-29,17.940,18.000,17.916,17.950,38349.000,15.104
2019-08-28,17.680,17.830,17.680,17.760,12449.000,14.945
2019-08-27,17.850,17.910,17.760,17.770,13663.000,14.953
2019-08-26,17.840,17.890,17.730,17.770,21176.000,14.953
2019-08-23,18.050,18.064,17.740,17.780,12770.000,14.961
2019-08-22,18.100,18.168,17.935,18.070,28977.000,15.205
2019-08-21,18.050,18.139,18.020,18.040,27075.000,15.180
2019-08-20,18.050,18.050,17.910,17.910,24472.000,15.071
2019-08-19,17.860,18.070,17.860,17.990,19337.000,15.138
2019-08-16,17.680,17.790,17.600,17.730,11537.000,14.919
2019-08-15,17.520,17.600,17.461,17.530,17309.000,14.751
2019-08-14,17.700,17.700,17.380,17.380,23285.000,14.625
2019-08-13,17.880,18.150,17.854,17.980,32809.000,15.130
2019-08-12,18.180,18.180,17.920,17.930,15570.000,15.088
2019-08-09,18.170,18.329,18.090,18.261,21327.000,15.366
2019-08-08,18.150,18.185,18.050,18.150,18713.000,15.273
2019-08-07,17.820,18.060,17.740,18.060,19365.000,15.197
2019-08-06,17.760,17.945,17.700,17.930,18514.000,15.088
2019-08-05,17.910,17.910,17.475,17.580,58634.000,14.793
2019-08-02,18.540,18.555,18.287,18.390,62807.000,15.475
2019-08-01,18.820,19.070,18.620,18.720,22235.000,15.752
2019-07-31,18.910,18.967,18.650,18.794,15662.000,15.815
2019-07-30,18.900,18.956,18.861,18.930,13039.000,15.929
2019-07-29,18.990,19.040,18.900,19.020,11345.000,16.005
2019-07-26,18.970,19.070,18.860,19.070,21645.000,16.047
2019-07-25,18.950,18.990,18.820,18.840,10879.000,15.853
2019-07-24,18.730,18.920,18.730,18.920,13102.000,15.921
2019-07-23,18.740,18.810,18.620,18.790,13683.000,15.811
2019-07-22,18.660,18.770,18.589,18.700,21502.000,15.736
2019-07-19,18.780,18.820,18.600,18.600,14205.000,15.651
2019-07-18,18.620,18.781,18.620,18.720,16791.000,15.752
2019-07-17,18.610,18.760,18.570,18.720,25952.000,15.752
2019-07-16,18.880,18.910,18.700,18.720,14771.000,15.752
2019-07-15,19.030,19.030,18.880,18.910,20074.000,15.912
2019-07-12,18.910,19.030,18.890,19.000,19655.000,15.988
2019-07-11,18.970,19.000,18.910,18.930,24307.000,15.929
2019-07-10,18.830,19.000,18.830,18.940,31075.000,15.937
2019-07-09,18.470,18.840,18.470,18.680,66532.000,15.719
2019-07-08,18.470,18.610,18.470,18.580,49486.000,15.635
2019-07-05,18.530,18.550,18.420,18.550,24038.000,15.609
2019-07-03,18.480,18.570,18.480,18.555,17272.000,15.613
2019-07-02,18.350,18.520,18.317,18.478,56153.000,15.549
2019-07-01,18.530,18.530,18.361,18.376,19339.000,15.463
2019-06-28,18.230,18.320,18.230,18.300,12259.000,15.399
2019-06-27,18.270,18.330,18.230,18.240,12916.000,15.348
2019-06-26,18.070,18.349,18.070,18.280,29115.000,15.382
2019-06-25,18.340,18.360,18.010,18.010,26863.000,15.155
2019-06-24,18.390,18.480,18.350,18.370,21833.000,15.458
2019-06-21,18.130,18.340,18.120,18.267,24763.000,15.371
2019-06-20,18.140,18.310,18.100,18.210,40049.000,15.323
2019-06-19,17.870,17.910,17.800,17.880,25441.000,15.046
2019-06-18,17.710,17.880,17.640,17.810,24973.000,14.987
2019-06-17,17.660,17.740,17.620,17.640,12725.000,14.844
2019-06-14,17.600,17.650,17.520,17.551,14387.000,14.769
2019-06-13,17.610,17.690,17.595,17.620,22767.000,14.827
2019-06-12,17.620,17.700,17.570,17.591,8875.000,14.802
2019-06-11,17.780,17.840,17.670,17.700,20679.000,14.894
2019-06-10,17.510,17.677,17.510,17.570,22392.000,14.785
2019-06-07,17.190,17.400,17.190,17.360,13893.000,14.608
2019-06-06,17.181,17.210,17.100,17.169,14688.000,14.447
2019-06-05,17.240,17.240,17.090,17.170,23387.000,14.448
2019-06-04,16.980,17.140,16.935,17.140,21185.000,14.423
2019-06-03,17.270,17.270,16.920,17.030,50344.000,14.330
2019-05-31,17.490,17.490,17.320,17.370,24645.000,14.616
2019-05-30,17.580,17.670,17.503,17.550,12721.000,14.768
2019-05-29,17.730,17.730,17.540,17.614,18954.000,14.822
2019-05-28,17.840,17.970,17.800,17.800,17695.000,14.978
2019-05-24,17.480,17.690,17.480,17.660,9229.000,14.860
2019-05-23,17.530,17.530,17.260,17.340,21255.000,14.591
2019-05-22,17.780,17.860,17.735,17.781,11654.000,14.962
2019-05-21,17.600,17.840,17.560,17.800,10517.000,14.978
2019-05-20,17.550,17.585,17.470,17.530,21763.000,14.751
2019-05-17,17.790,17.890,17.740,17.780,26474.000,14.961
2019-05-16,17.780,17.976,17.780,17.910,60904.000,15.071
2019-05-15,17.450,17.715,17.450,17.670,11510.000,14.869
2019-05-14,17.600,17.740,17.580,17.580,23239.000,14.793
2019-05-13,17.500,17.690,17.486,17.580,20299.000,14.793
2019-05-10,17.630,17.810,17.440,17.760,45211.000,14.945
2019-05-09,17.320,17.580,17.291,17.535,40683.000,14.755
2019-05-08,17.550,17.694,17.550,17.608,7987.000,14.817
2019-05-07,17.710,17.800,17.460,17.520,21093.000,14.743
2019-05-06,17.540,17.825,17.540,17.810,30662.000,14.987
2019-05-03,17.820,18.000,17.820,17.969,21110.000,15.120
2019-05-02,17.790,17.850,17.650,17.710,14079.000,14.902
2019-05-01,17.940,18.000,17.813,17.820,23187.000,14.995
2019-04-30,17.860,17.958,17.860,17.911,9043.000,15.072
2019-04-29,17.810,17.990,17.810,17.930,16079.000,15.088
2019-04-26,17.930,17.930,17.750,17.790,25004.000,14.970
2019-04-25,17.980,18.030,17.850,18.030,22126.000,15.172
2019-04-24,18.180,18.200,18.055,18.060,16576.000,15.197
2019-04-23,18.160,18.160,18.040,18.070,34668.000,15.205
2019-04-22,18.060,18.170,18.060,18.160,15166.000,15.281
2019-04-18,18.220,18.270,18.170,18.170,11427.000,15.290
2019-04-17,18.300,18.320,18.220,18.220,30625.000,15.332
2019-04-16,18.070,18.220,18.070,18.170,14984.000,15.290
2019-04-15,18.130,18.147,18.000,18.010,13576.000,15.155
2019-04-12,18.080,18.120,18.040,18.100,23688.000,15.231
2019-04-11,18.190,18.190,18.020,18.030,10357.000,15.172
2019-04-10,18.090,18.300,18.090,18.246,15048.000,15.353
2019-04-09,18.230,18.230,18.060,18.082,21733.000,15.215
2019-04-08,18.130,18.270,18.110,18.270,15104.000,15.374
2019-04-05,18.100,18.210,18.100,18.130,14994.000,15.256
2019-04-04,18.200,18.200,18.045,18.100,27619.000,15.231
2019-04-03,18.090,18.260,18.090,18.220,29920.000,15.332
2019-04-02,17.920,18.080,17.870,18.020,25712.000,15.163
2019-04-01,17.720,17.820,17.700,17.780,16194.000,14.961
2019-03-29,17.520,17.630,17.520,17.590,17571.000,14.801
2019-03-28,17.440,17.530,17.400,17.440,8155.000,14.675
2019-03-27,17.480,17.590,17.300,17.380,10279.000,14.625
2019-03-26,17.480,17.610,17.450,17.490,20406.000,14.717
2019-03-25,17.430,17.500,17.275,17.300,37113.000,14.557
2019-03-22,17.840,17.910,17.530,17.530,19312.000,14.751
2019-03-21,17.790,18.000,17.790,17.980,24335.000,15.130
2019-03-20,17.810,17.910,17.730,17.830,28464.000,15.003
2019-03-19,17.820,17.873,17.770,17.835,35498.000,15.008
2019-03-18,17.660,17.789,17.620,17.772,24167.000,14.955
2019-03-15,17.460,17.660,17.460,17.580,9798.000,14.793
2019-03-14,17.460,17.508,17.410,17.429,13950.000,14.666
2019-03-13,17.540,17.660,17.540,17.600,21628.000,14.810
2019-03-12,17.510,17.600,17.500,17.535,19862.000,14.755
2019-03-11,17.250,17.500,17.250,17.475,68374.000,14.705
2019-03-08,17.120,17.240,16.950,17.240,15224.000,14.507
2019-03-07,17.530,17.530,17.250,17.330,17071.000,14.583
2019-03-06,17.680,17.760,17.560,17.560,22698.000,14.776
2019-03-05,17.580,17.730,17.580,17.680,14609.000,14.877
2019-03-04,17.840,17.840,17.481,17.610,22678.000,14.818
2019-03-01,17.690,17.770,17.638,17.730,30546.000,14.919
2019-02-28,17.550,17.640,17.550,17.586,11400.000,14.798
2019-02-27,17.410,17.660,17.400,17.560,23833.000,14.776
2019-02-26,17.490,17.580,17.461,17.550,50142.000,14.768
2019-02-25,17.740,17.750,17.500,17.502,42097.000,14.728
2019-02-22,17.450,17.520,17.444,17.490,23783.000,14.717
2019-02-21,17.500,17.540,17.279,17.290,14546.000,14.549
2019-02-20,17.510,17.590,17.475,17.522,54809.000,14.744
2019-02-19,17.030,17.553,17.020,17.480,67092.000,14.709
2019-02-15,16.940,17.080,16.940,16.990,15150.000,14.297
2019-02-14,16.830,17.000,16.810,16.860,28990.000,14.187
2019-02-13,16.930,17.079,16.930,16.940,19700.000,14.255
2019-02-12,16.760,16.890,16.760,16.860,48631.000,14.187
2019-02-11,16.650,16.721,16.566,16.630,167361.000,13.994
2019-02-08,16.400,16.660,16.400,16.629,13235.000,13.993
2019-02-07,16.660,16.710,16.470,16.540,26007.000,13.918
2019-02-06,16.860,16.940,16.780,16.880,13634.000,14.204
2019-02-05,16.670,16.850,16.670,16.800,30635.000,14.137
2019-02-04,16.520,16.670,16.510,16.620,63641.000,13.985
2019-02-01,16.500,16.660,16.470,16.520,15005.000,13.901
2019-01-31,16.530,16.644,16.530,16.561,26221.000,13.936
2019-01-30,16.270,16.550,16.270,16.490,20665.000,13.876
2019-01-29,16.350,16.390,16.230,16.230,16491.000,13.657
2019-01-28,16.400,16.460,16.280,16.390,13979.000,13.792
2019-01-25,16.430,16.710,16.430,16.680,26158.000,14.036
2019-01-24,16.120,16.360,16.090,16.320,26038.000,13.733
2019-01-23,16.080,16.200,15.960,16.010,20723.000,13.472
2019-01-22,16.260,16.260,15.950,15.990,35271.000,13.455
2019-01-18,16.280,16.540,16.280,16.500,26701.000,13.884
2019-01-17,15.920,16.166,15.920,16.110,26072.000,13.556
2019-01-16,15.910,16.100,15.910,16.000,33034.000,13.464
2019-01-15,15.800,16.000,15.800,15.950,24534.000,13.421
2019-01-14,15.690,15.754,15.604,15.650,22685.000,13.169
2019-01-11,15.750,15.840,15.700,15.790,25393.000,13.287
2019-01-10,15.740,15.860,15.610,15.860,67194.000,13.346
2019-01-09,15.770,15.940,15.750,15.881,40763.000,13.363
2019-01-08,15.770,15.850,15.685,15.780,21411.000,13.278
2019-01-07,15.530,15.751,15.490,15.700,27756.000,13.211
2019-01-04,14.900,15.370,14.900,15.320,22826.000,12.891
2019-01-03,14.890,14.890,14.660,14.670,20687.000,12.344
2019-01-02,14.540,15.035,14.540,14.990,68567.000,12.614
2018-12-31,14.900,14.990,14.720,14.770,98287.000,12.429
2018-12-28,14.900,14.970,14.750,14.810,128241.000,12.462
2018-12-27,14.770,14.980,14.561,14.980,59211.000,12.444
2018-12-26,14.450,14.910,14.291,14.910,78019.000,12.386
2018-12-24,14.450,14.720,14.350,14.460,71809.000,12.012
2018-12-21,14.930,15.060,14.540,14.580,63646.000,12.112
2018-12-20,14.950,15.122,14.780,14.860,88845.000,12.344
2018-12-19,15.300,15.580,15.080,15.149,82479.000,12.585
2018-12-18,15.320,15.470,15.170,15.291,49056.000,12.702
2018-12-17,15.690,15.710,15.214,15.290,85496.000,12.702
2018-12-14,15.740,15.925,15.720,15.770,23274.000,13.100
2018-12-13,16.100,16.168,15.970,15.990,27047.000,13.283
2018-12-12,16.160,16.321,16.080,16.090,61611.000,13.366
2018-12-11,16.100,16.179,15.817,15.880,59272.000,13.192
2018-12-10,15.830,16.030,15.700,15.990,138904.000,13.283
2018-12-07,16.320,16.430,15.937,15.950,52617.000,13.250
2018-12-06,16.100,16.380,16.024,16.380,52561.000,13.607
2018-12-04,17.000,17.080,16.500,16.500,29819.000,13.707
2018-12-03,17.190,17.264,17.033,17.140,37414.000,14.238
2018-11-30,16.630,16.850,16.630,16.810,17351.000,13.964
2018-11-29,16.780,16.880,16.740,16.760,24370.000,13.923
2018-11-28,16.450,16.870,16.450,16.847,103698.000,13.995
2018-11-27,16.250,16.333,16.180,16.260,35402.000,13.507
2018-11-26,16.430,16.451,16.210,16.300,44697.000,13.541
2018-11-23,16.120,16.290,16.010,16.240,43022.000,13.491
2018-11-21,16.320,16.430,16.280,16.340,56842.000,13.574
2018-11-20,16.250,16.448,16.100,16.170,96452.000,13.433
2018-11-19,17.070,17.070,16.718,16.760,39422.000,13.923
2018-11-16,17.000,17.120,16.970,17.080,34888.000,14.188
2018-11-15,17.020,17.351,17.000,17.320,24785.000,14.388
2018-11-14,17.400,17.453,17.015,17.179,130415.000,14.271
2018-11-13,17.310,17.491,17.240,17.320,48536.000,14.388
2018-11-12,17.740,17.740,17.300,17.300,29387.000,14.371
2018-11-09,17.970,17.970,17.700,17.850,46266.000,14.828
2018-11-08,18.220,18.269,18.050,18.130,23598.000,15.061
2018-11-07,18.208,18.355,18.122,18.355,31245.000,15.248
2018-11-06,17.780,18.035,17.780,17.990,23763.000,14.944
2018-11-05,17.860,17.907,17.700,17.790,132535.000,14.778
2018-11-02,17.990,18.134,17.795,17.930,21188.000,14.895
2018-11-01,17.610,17.790,17.490,17.760,18496.000,14.753
2018-10-31,17.340,17.491,17.280,17.450,37500.000,14.496
2018-10-30,16.820,17.050,16.820,17.050,142211.000,14.164
2018-10-29,17.170,17.315,16.500,16.750,309297.000,13.914
2018-10-26,17.000,17.170,16.760,16.940,114164.000,14.072
2018-10-25,17.220,17.490,17.150,17.410,146731.000,14.463
2018-10-24,17.890,17.890,17.280,17.280,68895.000,14.355
2018-10-23,17.600,18.010,17.510,17.910,82832.000,14.878
2018-10-22,18.050,18.070,17.907,17.980,64529.000,14.936
2018-10-19,18.210,18.380,17.980,17.980,39845.000,14.936
2018-10-18,18.430,18.450,18.060,18.120,63794.000,15.052
2018-10-17,18.710,18.720,18.470,18.620,52026.000,15.468
2018-10-16,18.480,18.750,18.450,18.720,83768.000,15.551
2018-10-15,18.220,18.400,18.180,18.240,48310.000,15.152
2018-10-12,18.300,18.340,18.021,18.310,44921.000,15.210
2018-10-11,18.140,18.320,17.730,17.870,178719.000,14.845
2018-10-10,19.070,19.094,18.440,18.440,113448.000,15.318
2018-10-09,19.070,19.260,19.040,19.150,52563.000,15.908
2018-10-08,19.260,19.340,19.037,19.210,76169.000,15.958
2018-10-05,19.540,19.590,19.220,19.380,82379.000,16.099
2018-10-04,19.850,19.850,19.524,19.650,35168.000,16.323
2018-10-03,20.130,20.130,20.000,20.010,43201.000,16.622
2018-10-02,20.220,20.230,20.032,20.080,33911.000,16.681
2018-10-01,20.380,20.449,20.370,20.390,42250.000,16.938
2018-09-28,20.250,20.346,20.227,20.260,22883.000,16.830
2018-09-27,20.250,20.370,20.220,20.300,45809.000,16.863
2018-09-26,20.270,20.365,20.210,20.210,27407.000,16.789
2018-09-25,20.250,20.259,20.180,20.231,48146.000,16.806
2018-09-24,20.090,20.180,20.050,20.150,50127.000,16.739
2018-09-21,20.200,20.320,20.180,20.180,40122.000,16.764
2018-09-20,20.120,20.150,20.050,20.110,53078.000,16.706
2018-09-19,19.980,20.080,19.920,20.080,158201.000,16.681
2018-09-18,19.860,20.000,19.860,19.960,46828.000,16.581
2018-09-17,20.060,20.100,19.870,19.880,32059.000,16.514
2018-09-14,20.050,20.149,20.019,20.130,25261.000,16.722
2018-09-13,20.050,20.190,19.900,19.970,42738.000,16.589
2018-09-12,19.820,19.920,19.690,19.920,38615.000,16.548
2018-09-11,19.670,19.870,19.630,19.850,81923.000,16.490
2018-09-10,19.890,19.900,19.780,19.818,41502.000,16.463
2018-09-07,19.700,19.902,19.700,19.818,28950.000,16.463
2018-09-06,19.900,19.925,19.760,19.810,58248.000,16.456
2018-09-05,20.400,20.400,20.021,20.080,56319.000,16.681
2018-09-04,20.340,20.500,20.290,20.500,47956.000,17.030
2018-08-31,20.240,20.400,20.240,20.390,47789.000,16.938
2018-08-30,20.370,20.400,20.226,20.240,56928.000,16.814
2018-08-29,20.260,20.450,20.260,20.420,70885.000,16.963
2018-08-28,20.180,20.290,20.180,20.240,61923.000,16.814
2018-08-27,20.030,20.240,20.000,20.160,88187.000,16.747
2018-08-24,19.710,19.870,19.700,19.840,55722.000,16.481
2018-08-23,19.630,19.730,19.595,19.600,19465.000,16.282
2018-08-22,19.460,19.605,19.460,19.600,29621.000,16.282
2018-08-21,19.400,19.519,19.380,19.470,55884.000,16.174
2018-08-20,19.250,19.380,19.220,19.350,50185.000,16.074
2018-08-17,19.230,19.340,19.195,19.290,56309.000,16.024
2018-08-16,19.330,19.411,19.230,19.240,72585.000,15.983
2018-08-15,19.430,19.440,19.130,19.300,48467.000,16.033
2018-08-14,19.640,19.660,19.527,19.590,62843.000,16.274
2018-08-13,19.860,19.898,19.590,19.610,43713.000,16.290
2018-08-10,19.980,20.067,19.860,19.890,50981.000,16.523
2018-08-09,20.180,20.210,20.091,20.120,45960.000,16.714
2018-08-08,20.180,20.200,20.130,20.180,23360.000,16.764
2018-08-07,20.230,20.270,20.120,20.210,69476.000,16.789
2018-08-06,20.030,20.090,19.960,20.090,151528.000,16.689
2018-08-03,19.800,20.100,19.800,20.070,28083.000,16.672
2018-08-02,19.800,20.070,19.760,20.060,67805.000,16.664
2018-08-01,19.970,20.100,19.910,19.960,45541.000,16.581
2018-07-31,20.190,20.230,19.950,20.010,50787.000,16.622
2018-07-30,20.540,20.540,20.120,20.150,86809.000,16.739
2018-07-27,20.840,20.840,20.435,20.570,43211.000,17.088
2018-07-26,20.740,20.840,20.680,20.770,81439.000,17.254
2018-07-25,20.520,20.730,20.446,20.700,77993.000,17.196
2018-07-24,20.570,20.710,20.411,20.490,59456.000,17.021
2018-07-23,20.340,20.440,20.310,20.400,40397.000,16.946
2018-07-20,20.420,20.500,20.360,20.360,27312.000,16.913
2018-07-19,20.400,20.485,20.300,20.360,40564.000,16.913
2018-07-18,20.470,20.520,20.430,20.440,46090.000,16.980
2018-07-17,20.020,20.500,20.020,20.490,172207.000,17.021
2018-07-16,20.020,20.150,20.020,20.080,44833.000,16.681
2018-07-13,20.030,20.096,19.950,20.060,43586.000,16.664
2018-07-12,19.920,20.070,19.920,20.030,52952.000,16.639
2018-07-11,19.840,19.920,19.810,19.820,18595.000,16.465
2018-07-10,20.180,20.190,20.050,20.090,43440.000,16.689
2018-07-09,19.980,20.110,19.920,20.110,46123.000,16.706
2018-07-06,19.520,19.790,19.520,19.760,49927.000,16.415
2018-07-05,19.410,19.510,19.330,19.490,35801.000,16.190
2018-07-03,19.510,19.602,19.451,19.451,22994.000,16.158
2018-07-02,19.070,19.360,19.070,19.350,38628.000,16.074
2018-06-29,19.390,19.486,19.350,19.380,34106.000,16.099
2018-06-28,19.000,19.275,19.000,19.250,51062.000,15.991
2018-06-27,19.380,19.470,19.010,19.010,131646.000,15.792
2018-06-26,19.420,19.470,19.300,19.380,53940.000,16.099
2018-06-25,19.780,19.780,19.320,19.470,157499.000,16.174
2018-06-22,20.160,20.160,19.960,19.960,90314.000,16.581
2018-06-21,20.460,20.490,20.180,20.190,85401.000,16.772
2018-06-20,20.460,20.590,20.460,20.470,53425.000,17.005
2018-06-19,20.410,20.500,20.250,20.430,419747.000,16.971
2018-06-18,20.710,20.820,20.610,20.820,82798.000,17.295
2018-06-15,20.780,20.794,20.650,20.770,37972.000,17.254
2018-06-14,20.800,20.890,20.750,20.810,59216.000,17.287
2018-06-13,20.740,20.840,20.700,20.700,70781.000,17.196
2018-06-12,20.650,20.835,20.580,20.760,89641.000,17.245
2018-06-11,20.650,20.690,20.588,20.650,55411.000,17.154
2018-06-08,20.560,20.739,20.530,20.720,37164.000,17.212
2018-06-07,20.760,20.789,20.440,20.560,81038.000,17.079
2018-06-06,20.490,20.640,20.460,20.630,69231.000,17.137
2018-06-05,20.570,20.600,20.480,20.560,41479.000,17.079
2018-06-04,20.540,20.680,20.500,20.660,68375.000,17.162
2018-06-01,20.270,20.450,20.270,20.390,53677.000,16.938
2018-05-31,20.140,20.240,20.120,20.140,42833.000,16.730
2018-05-30,20.030,20.100,19.950,20.092,32953.000,16.690
2018-05-29,19.920,20.038,19.800,19.890,59997.000,16.523
2018-05-25,20.250,20.310,20.215,20.230,43069.000,16.805
2018-05-24,20.290,20.330,20.140,20.280,30822.000,16.847
2018-05-23,20.090,20.230,20.040,20.220,47480.000,16.797
2018-05-22,20.290,20.330,20.180,20.210,56754.000,16.789
2018-05-21,20.280,20.360,20.190,20.240,56400.000,16.814
2018-05-18,20.060,20.240,20.060,20.100,50498.000,16.697
2018-05-17,20.220,20.310,20.110,20.160,64934.000,16.747
2018-05-16,20.120,20.251,20.120,20.230,75341.000,16.805
2018-05-15,20.050,20.140,19.870,19.980,41419.000,16.598
2018-05-14,20.190,20.319,20.160,20.160,90368.000,16.747
2018-05-11,19.980,20.080,19.962,20.030,75583.000,16.639
2018-05-10,19.780,19.946,19.780,19.900,98176.000,16.531
2018-05-09,19.620,19.700,19.550,19.700,60699.000,16.365
2018-05-08,19.490,19.620,19.490,19.620,50367.000,16.298
2018-05-07,19.450,19.580,19.290,19.520,60180.000,16.215
2018-05-04,19.160,19.440,19.140,19.380,43439.000,16.099
2018-05-03,19.050,19.260,18.890,19.230,53356.000,15.975
2018-05-02,19.230,19.330,19.100,19.120,96562.000,15.883
2018-05-01,19.150,19.300,19.050,19.300,91099.000,16.033
2018-04-30,19.270,19.370,19.120,19.140,53535.000,15.900
2018-04-27,19.340,19.399,19.180,19.220,53463.000,15.966
2018-04-26,18.960,19.190,18.960,19.100,48122.000,15.867
2018-04-25,18.950,19.020,18.590,18.800,58107.000,15.617
2018-04-24,19.280,19.375,18.875,18.980,81148.000,15.767
2018-04-23,19.290,19.360,19.155,19.190,69639.000,15.941
2018-04-20,19.210,19.290,19.160,19.170,48665.000,15.925
2018-04-19,19.240,19.260,19.061,19.165,97253.000,15.921
2018-04-18,19.420,19.470,19.300,19.420,56138.000,16.132
2018-04-17,19.290,19.470,19.290,19.410,71242.000,16.124
2018-04-16,19.260,19.290,19.129,19.190,54188.000,15.941
2018-04-13,19.430,19.500,19.080,19.140,77647.000,15.900
2018-04-12,19.000,19.389,19.000,19.310,136061.000,16.041
2018-04-11,18.880,19.080,18.880,18.900,47816.000,15.700
2018-04-10,18.990,19.130,18.910,19.060,56972.000,15.833
2018-04-09,18.750,18.980,18.700,18.700,61229.000,15.534
2018-04-06,18.750,18.940,18.477,18.630,300416.000,15.476
2018-04-05,18.970,19.069,18.828,18.940,77009.000,15.734
2018-04-04,18.410,18.950,18.300,18.949,275927.000,15.741
2018-04-03,18.750,18.808,18.523,18.700,89665.000,15.534
2018-04-02,19.070,19.110,18.480,18.630,124386.000,15.476
2018-03-29,18.950,19.290,18.860,19.130,67503.000,15.891
2018-03-28,19.100,19.230,18.717,18.860,145150.000,15.667
2018-03-27,19.750,19.770,18.970,19.030,139878.000,15.808
2018-03-26,19.520,19.650,19.300,19.650,191218.000,16.323
2018-03-23,19.600,19.639,19.150,19.180,135667.000,15.933
2018-03-22,19.960,20.000,19.590,19.600,145092.000,16.282
2018-03-21,20.160,20.275,20.080,20.170,65678.000,16.755
2018-03-20,20.080,20.215,20.000,20.160,74875.000,16.747
2018-03-19,20.180,20.250,19.870,20.050,117783.000,16.656
2018-03-16,20.300,20.340,20.250,20.340,77614.000,16.897
2018-03-15,20.400,20.430,20.270,20.340,107783.000,16.897
2018-03-14,20.500,20.540,20.280,20.370,78267.000,16.922
2018-03-13,20.780,20.819,20.360,20.420,146538.000,16.963
2018-03-12,20.600,20.680,20.600,20.650,253784.000,17.154
2018-03-09,20.360,20.500,20.310,20.500,168848.000,17.030
2018-03-08,20.330,20.400,20.192,20.310,107431.000,16.872
2018-03-07,19.950,20.270,19.950,20.240,150098.000,16.814
2018-03-06,20.180,20.180,20.000,20.100,159018.000,16.697
2018-03-05,19.520,19.970,19.520,19.950,141967.000,16.573
2018-03-02,19.270,19.670,19.150,19.640,95619.000,16.315
2018-03-01,19.810,19.830,19.270,19.460,244161.000,16.166
2018-02-28,20.070,20.140,19.860,19.860,103234.000,16.498
2018-02-27,20.240,20.270,19.950,19.970,221879.000,16.589
2018-02-26,20.150,20.250,20.060,20.250,197252.000,16.822
2018-02-23,19.830,20.000,19.800,20.000,137057.000,16.614
2018-02-22,19.820,19.860,19.636,19.700,142565.000,16.365
2018-02-21,20.060,20.100,19.770,19.780,178544.000,16.431
2018-02-20,19.920,20.200,19.901,20.040,255836.000,16.647
2018-02-16,19.990,20.097,19.870,19.920,264499.000,16.548
2018-02-15,19.690,19.960,19.540,19.960,473307.000,16.581
2018-02-14,18.890,19.390,18.808,19.380,307999.000,16.099
2018-02-13,18.830,19.030,18.790,18.990,123802.000,15.775
2018-02-12,18.810,18.999,18.680,18.900,192200.000,15.700
2018-02-09,18.600,18.750,17.921,18.670,331697.000,15.509
2018-02-08,19.150,19.190,18.270,18.320,287445.000,15.219
2018-02-07,19.120,19.410,18.990,19.010,406070.000,15.792
2018-02-06,18.250,19.110,18.050,19.060,614973.000,15.833
2018-02-05,19.490,19.750,18.520,18.720,786152.000,15.551
2018-02-02,20.350,20.350,19.800,19.850,946685.000,16.490
2018-02-01,20.700,20.810,20.550,20.610,488853.000,17.121
2018-01-31,20.990,21.029,20.750,20.890,706114.000,17.353
2018-01-30,21.230,21.230,20.900,20.960,1096671.000,17.412
2018-01-29,21.310,21.459,21.230,21.310,1133900.000,17.702
2018-01-26,20.980,21.170,20.950,21.170,1067119.000,17.586
2018-01-25,21.200,21.240,20.880,20.900,1140202.000,17.362
2018-01-24,21.310,21.350,21.000,21.100,1525834.000,17.528
2018-01-23,21.250,21.330,21.100,21.270,2270197.000,17.669
2018-01-22,20.980,21.180,20.900,21.170,2927347.000,17.586
2018-01-19,20.640,20.690,20.550,20.690,1682169.000,17.187
2018-01-18,20.480,20.550,20.380,20.390,2643933.000,16.938
2018-01-17,20.050,20.229,19.800,20.210,1261136.000,16.789
