Date,Open,High,Low,Close,Volume,Adj Close,,2022-07-01
2022-07-01,70.390,70.750,70.390,70.580,45905.000,70.580
2022-06-30,70.060,70.250,70.015,70.160,253792.000,70.059
2022-06-29,69.300,69.790,69.300,69.720,71910.000,69.620
2022-06-28,69.200,69.320,69.160,69.320,20484.000,69.220
2022-06-27,69.340,69.538,69.300,69.357,615678.000,69.257
2022-06-24,69.680,69.790,69.620,69.640,32958.000,69.540
2022-06-23,69.780,70.000,69.740,69.810,60794.000,69.710
2022-06-22,69.350,69.410,69.201,69.320,43593.000,69.220
2022-06-21,68.920,68.955,68.763,68.850,48777.000,68.751
2022-06-17,69.240,69.330,68.960,69.240,90092.000,69.140
2022-06-16,68.550,69.030,68.430,69.000,53641.000,68.901
2022-06-15,69.080,69.230,68.730,69.190,123590.000,69.090
2022-06-14,68.780,68.930,68.270,68.330,42174.000,68.232
2022-06-13,69.150,69.159,68.470,68.650,87867.000,68.551
2022-06-10,70.020,70.030,69.700,69.740,48602.000,69.640
2022-06-09,70.280,70.365,70.160,70.190,31415.000,70.089
2022-06-08,70.610,70.650,70.450,70.490,42786.000,70.389
2022-06-07,70.640,70.880,70.640,70.730,34842.000,70.628
2022-06-06,70.880,70.880,70.360,70.530,117232.000,70.429
2022-06-03,70.870,70.930,70.820,70.890,79018.000,70.788
2022-06-02,71.130,71.130,70.905,71.020,49084.000,70.918
2022-06-01,71.390,71.390,71.017,71.110,54956.000,71.008
2022-05-31,71.460,71.460,71.310,71.390,180048.000,71.188
2022-05-27,71.960,71.968,71.845,71.940,31819.000,71.736
2022-05-26,71.850,71.900,71.659,71.770,124036.000,71.567
2022-05-25,71.850,71.870,71.700,71.870,58177.000,71.666
2022-05-24,71.370,71.700,71.370,71.610,37099.000,71.407
2022-05-23,71.400,71.490,71.200,71.260,61494.000,71.058
2022-05-20,71.380,71.520,71.370,71.500,62047.000,71.297
2022-05-19,71.570,71.658,71.230,71.370,673022.000,71.168
2022-05-18,71.030,71.313,71.020,71.240,80767.000,71.038
2022-05-17,71.120,71.150,71.030,71.060,28584.000,70.859
2022-05-16,71.440,71.570,71.395,71.490,25866.000,71.287
2022-05-13,71.530,71.530,71.330,71.400,43459.000,71.198
2022-05-12,71.540,71.730,71.540,71.650,73020.000,71.447
2022-05-11,70.890,71.380,70.890,71.370,39419.000,71.168
2022-05-10,71.200,71.275,71.100,71.180,26751.000,70.978
2022-05-09,70.620,70.879,70.620,70.850,52361.000,70.649
2022-05-06,70.770,70.890,70.590,70.650,107963.000,70.450
2022-05-05,71.320,71.320,70.780,71.000,196959.000,70.799
2022-05-04,71.120,71.526,71.071,71.480,111516.000,71.277
2022-05-03,71.360,71.450,71.188,71.260,38063.000,71.058
2022-05-02,71.210,71.210,70.960,71.070,189013.000,70.869
2022-04-29,71.650,71.784,71.410,71.420,152424.000,71.128
2022-04-28,71.890,71.890,71.751,71.870,48984.000,71.576
2022-04-27,72.160,72.211,71.910,71.910,194233.000,71.616
2022-04-26,72.200,72.309,72.120,72.150,64721.000,71.855
2022-04-25,71.920,72.190,71.920,72.070,57070.000,71.775
2022-04-22,71.620,71.770,71.558,71.600,55259.000,71.307
2022-04-21,72.010,72.010,71.620,71.750,69698.000,71.456
2022-04-20,72.010,72.150,71.970,72.030,41701.000,71.735
2022-04-19,71.920,72.000,71.780,71.780,75479.000,71.486
2022-04-18,72.200,72.290,72.040,72.060,92727.000,71.765
2022-04-14,72.660,72.660,72.180,72.190,84489.000,71.894
2022-04-13,72.570,72.785,72.560,72.560,55467.000,72.263
2022-04-12,72.550,72.680,72.500,72.500,42398.000,72.203
2022-04-11,72.500,72.500,72.280,72.290,50466.000,71.994
2022-04-08,72.720,72.840,72.660,72.680,60604.000,72.382
2022-04-07,72.940,73.020,72.890,72.970,51923.000,72.671
2022-04-06,73.020,73.245,72.911,73.150,72713.000,72.851
2022-04-05,73.710,73.710,73.260,73.280,76053.000,72.980
2022-04-04,73.970,73.991,73.840,73.940,73436.000,73.637
2022-04-01,73.630,73.980,73.630,73.830,33037.000,73.528
2022-03-31,74.110,74.210,74.020,74.125,39657.000,73.731
2022-03-30,73.620,73.880,73.580,73.880,64955.000,73.487
2022-03-29,73.680,73.820,73.583,73.810,74533.000,73.418
2022-03-28,73.550,73.749,73.540,73.640,60544.000,73.248
2022-03-25,73.900,73.900,73.551,73.610,92541.000,73.219
2022-03-24,73.990,74.120,73.940,74.074,86363.000,73.680
2022-03-23,74.040,74.180,73.917,74.125,77403.000,73.731
2022-03-22,74.000,74.029,73.910,73.910,22652.000,73.517
2022-03-21,74.410,74.410,74.130,74.140,43769.000,73.746
2022-03-18,74.550,74.830,74.550,74.660,116198.000,74.263
2022-03-17,74.560,74.930,74.505,74.570,262280.000,74.174
2022-03-16,74.400,74.450,74.138,74.420,60094.000,74.024
2022-03-15,74.470,74.570,74.340,74.440,46852.000,74.044
2022-03-14,74.510,74.588,74.250,74.250,54325.000,73.855
2022-03-11,74.800,74.990,74.800,74.890,66584.000,74.492
2022-03-10,75.000,75.000,74.778,74.850,125673.000,74.452
2022-03-09,75.330,75.330,75.170,75.230,45830.000,74.830
2022-03-08,75.590,75.609,75.450,75.470,80355.000,75.069
2022-03-07,76.120,76.120,75.870,75.890,71112.000,75.487
2022-03-04,76.240,76.470,76.240,76.320,31554.000,75.914
2022-03-03,75.850,75.960,75.728,75.935,39436.000,75.531
2022-03-02,76.330,76.330,75.900,75.940,30203.000,75.536
2022-03-01,76.300,76.748,76.300,76.640,51872.000,76.233
2022-02-28,75.750,76.100,75.750,76.090,47395.000,75.602
2022-02-25,75.580,75.580,75.440,75.550,24435.000,75.066
2022-02-24,75.650,75.725,75.500,75.551,68549.000,75.067
2022-02-23,75.590,75.590,75.467,75.475,26994.000,74.991
2022-02-22,75.620,75.690,75.560,75.650,48795.000,75.165
2022-02-18,75.830,75.890,75.760,75.850,24310.000,75.364
2022-02-17,75.600,75.730,75.580,75.720,38404.000,75.234
2022-02-16,75.580,75.580,75.391,75.490,64824.000,75.006
2022-02-15,75.450,75.470,75.380,75.403,27510.000,74.920
2022-02-14,75.540,75.640,75.370,75.460,90428.000,74.976
2022-02-11,75.700,75.930,75.412,75.900,36756.000,75.413
2022-02-10,75.840,75.850,75.506,75.520,48546.000,75.036
2022-02-09,76.080,76.230,76.080,76.080,31154.000,75.592
2022-02-08,76.030,76.050,75.911,76.010,30501.000,75.523
2022-02-07,76.180,76.240,76.075,76.230,43114.000,75.741
2022-02-04,76.390,76.390,76.210,76.260,71309.000,75.771
2022-02-03,76.730,76.730,76.640,76.680,35963.000,76.188
2022-02-02,76.980,77.180,76.980,77.050,39440.000,76.556
2022-02-01,77.090,77.090,76.880,76.940,79840.000,76.447
2022-01-31,77.110,77.189,77.040,77.090,97055.000,76.500
2022-01-28,77.140,77.340,77.081,77.315,55598.000,76.724
2022-01-27,77.150,77.320,77.150,77.218,44201.000,76.628
2022-01-26,77.400,77.410,77.034,77.040,45254.000,76.451
2022-01-25,77.450,77.540,77.360,77.360,36282.000,76.768
2022-01-24,77.560,77.620,77.460,77.460,55318.000,76.868
2022-01-21,77.590,77.610,77.500,77.580,33669.000,76.987
2022-01-20,77.370,77.376,77.300,77.360,24106.000,76.768
2022-01-19,77.210,77.270,77.160,77.220,26153.000,76.629
2022-01-18,77.290,77.300,77.100,77.115,78438.000,76.525
2022-01-14,77.760,77.760,77.490,77.560,32674.000,76.967
2022-01-13,77.770,77.850,77.720,77.840,31205.000,77.245
2022-01-12,77.810,77.820,77.693,77.730,33270.000,77.135
2022-01-11,77.570,77.690,77.530,77.680,44649.000,77.086
2022-01-10,77.530,77.620,77.440,77.590,48151.000,76.997
2022-01-07,77.770,77.770,77.560,77.655,42211.000,77.061
2022-01-06,77.760,77.799,77.650,77.790,79695.000,77.195
2022-01-05,78.070,78.100,77.868,77.895,75532.000,77.299
2022-01-04,78.090,78.101,78.005,78.085,42153.000,77.488
2022-01-03,78.270,78.270,78.106,78.140,95332.000,77.542
2021-12-31,78.530,78.580,78.430,78.460,34979.000,77.860
2021-12-30,78.400,78.500,78.375,78.500,91902.000,77.900
2021-12-29,78.500,78.500,78.320,78.320,144770.000,77.721
2021-12-28,78.730,78.730,78.600,78.660,59722.000,78.058
2021-12-27,78.630,78.700,78.600,78.690,62470.000,78.088
2021-12-23,78.730,78.730,78.560,78.610,70828.000,78.009
2021-12-22,79.850,79.850,79.745,79.780,28573.000,78.135
2021-12-21,80.020,80.020,79.700,79.790,29010.000,78.145
2021-12-20,80.130,80.140,80.000,80.030,28093.000,78.380
2021-12-17,80.040,80.150,80.040,80.060,36100.000,78.409
2021-12-16,79.930,80.048,79.920,79.965,20368.000,78.316
2021-12-15,79.930,80.040,79.915,79.980,22752.000,78.331
2021-12-14,80.110,80.110,79.952,80.020,34810.000,78.370
2021-12-13,80.070,80.200,80.000,80.145,18773.000,78.492
2021-12-10,79.910,80.010,79.870,79.911,48377.000,78.263
2021-12-09,79.970,79.971,79.843,79.920,16676.000,78.272
2021-12-08,79.930,79.930,79.770,79.840,17606.000,78.193
2021-12-07,80.040,80.095,79.910,79.910,21605.000,78.262
2021-12-06,80.230,80.260,80.080,80.125,34103.000,78.473
2021-12-03,79.890,80.298,79.890,80.260,22302.000,78.605
2021-12-02,80.160,80.160,79.910,80.020,13492.000,78.370
2021-12-01,79.860,79.970,79.775,79.970,33148.000,78.321
2021-11-30,80.000,80.170,79.890,80.010,42547.000,78.277
2021-11-29,79.680,79.850,79.629,79.840,39239.000,78.110
2021-11-26,79.760,79.930,79.760,79.900,15079.000,78.169
2021-11-24,79.200,79.390,79.170,79.390,29094.000,77.670
2021-11-23,79.390,79.390,79.215,79.215,28281.000,77.499
2021-11-22,79.800,79.800,79.579,79.620,36802.000,77.895
2021-11-19,79.900,79.980,79.860,79.910,11201.000,78.179
2021-11-18,79.620,79.710,79.590,79.650,21991.000,77.925
2021-11-17,79.400,79.610,79.400,79.594,19257.000,77.870
2021-11-16,79.440,79.580,79.440,79.440,30288.000,77.719
2021-11-15,79.730,79.730,79.500,79.520,29502.000,77.797
2021-11-12,79.810,79.810,79.680,79.730,30416.000,78.003
2021-11-11,79.800,79.800,79.700,79.720,36654.000,77.993
2021-11-10,80.180,80.180,79.774,79.800,21229.000,78.071
2021-11-09,80.270,80.340,80.223,80.260,21142.000,78.521
2021-11-08,80.140,80.140,79.990,80.010,18499.000,78.277
2021-11-05,79.970,80.215,79.970,80.180,15986.000,78.443
2021-11-04,79.690,79.880,79.680,79.850,20222.000,78.120
2021-11-03,79.690,79.709,79.494,79.560,31185.000,77.836
2021-11-02,79.510,79.730,79.510,79.650,21265.000,77.925
2021-11-01,79.370,79.450,79.250,79.400,52925.000,77.680
2021-10-29,79.490,79.630,79.400,79.560,26296.000,77.749
2021-10-28,79.780,79.813,79.657,79.670,36056.000,77.857
2021-10-27,79.690,79.930,79.652,79.820,29676.000,78.003
2021-10-26,79.490,79.500,79.380,79.480,24900.000,77.671
2021-10-25,79.320,79.450,79.320,79.400,27377.000,77.593
2021-10-22,79.310,79.385,79.250,79.320,22055.000,77.515
2021-10-21,79.310,79.310,79.171,79.200,47718.000,77.397
2021-10-20,79.400,79.410,79.340,79.340,28347.000,77.534
2021-10-19,79.430,79.470,79.340,79.340,241918.000,77.534
2021-10-18,79.550,79.600,79.460,79.580,29116.000,77.769
2021-10-15,79.720,79.739,79.605,79.680,21493.000,77.867
2021-10-14,79.730,79.849,79.710,79.810,214761.000,77.994
2021-10-13,79.530,79.670,79.530,79.610,61908.000,77.798
2021-10-12,79.350,79.440,79.320,79.412,17983.000,77.605
2021-10-11,79.310,79.350,79.280,79.300,16335.000,77.495
2021-10-08,79.520,79.520,79.320,79.390,32411.000,77.583
2021-10-07,79.610,79.670,79.520,79.530,48723.000,77.720
2021-10-06,79.740,79.750,79.642,79.700,28450.000,77.886
2021-10-05,79.880,79.880,79.643,79.660,29102.000,77.847
2021-10-04,79.900,79.950,79.800,79.875,23591.000,78.057
2021-10-01,79.900,79.989,79.870,79.961,36904.000,78.141
2021-09-30,79.870,79.900,79.800,79.850,155195.000,77.949
2021-09-29,79.930,79.990,79.810,79.870,30406.000,77.968
2021-09-28,79.850,79.950,79.800,79.880,29929.000,77.978
2021-09-27,80.130,80.170,80.090,80.150,42245.000,78.241
2021-09-24,80.280,80.280,80.151,80.190,20554.000,78.280
2021-09-23,80.660,80.660,80.370,80.370,34501.000,78.456
2021-09-22,80.630,80.765,80.630,80.720,22701.000,78.798
2021-09-21,80.680,80.705,80.620,80.630,17618.000,78.710
2021-09-20,80.560,80.729,80.560,80.670,23298.000,78.749
2021-09-17,80.490,80.510,80.394,80.470,21140.000,78.554
2021-09-16,80.610,80.660,80.550,80.600,37546.000,78.681
2021-09-15,80.810,80.810,80.640,80.700,41286.000,78.778
2021-09-14,80.700,80.862,80.660,80.805,21476.000,78.881
2021-09-13,80.610,80.710,80.610,80.650,25419.000,78.729
2021-09-10,80.810,80.810,80.605,80.620,18925.000,78.700
2021-09-09,80.660,80.839,80.630,80.810,22901.000,78.886
2021-09-08,80.570,80.589,80.460,80.540,121064.000,78.622
2021-09-07,80.530,80.530,80.390,80.450,32901.000,78.534
2021-09-03,80.700,80.760,80.620,80.670,34396.000,78.749
2021-09-02,80.840,80.840,80.770,80.810,12104.000,78.886
2021-09-01,80.870,80.870,80.660,80.720,23679.000,78.798
2021-08-31,80.930,80.930,80.740,80.740,21040.000,78.728
2021-08-30,80.980,81.010,80.880,80.980,26725.000,78.962
2021-08-27,80.710,80.920,80.710,80.905,19989.000,78.889
2021-08-26,80.750,80.789,80.673,80.740,10125.000,78.728
2021-08-25,80.920,80.920,80.680,80.710,21826.000,78.699
2021-08-24,81.000,81.048,80.630,80.930,74830.000,78.914
2021-08-23,81.060,81.080,81.000,81.050,32660.000,79.031
2021-08-20,81.040,81.120,81.040,81.060,15572.000,79.040
2021-08-19,80.980,81.120,80.980,81.090,17109.000,79.070
2021-08-18,81.000,81.015,80.905,81.000,26970.000,78.982
2021-08-17,80.990,81.050,80.945,81.001,17513.000,78.983
2021-08-16,80.980,81.150,80.980,81.000,27339.000,78.982
2021-08-13,80.830,80.970,80.770,80.945,12858.000,78.928
2021-08-12,80.720,80.830,80.717,80.776,16291.000,78.764
2021-08-11,80.780,80.830,80.672,80.801,18747.000,78.788
2021-08-10,80.900,80.900,80.770,80.770,23399.000,78.758
2021-08-09,80.980,80.999,80.810,80.819,22030.000,78.805
2021-08-06,80.950,80.960,80.840,80.885,31555.000,78.870
2021-08-05,81.290,81.290,81.140,81.168,15548.000,79.145
2021-08-04,81.370,81.370,81.080,81.280,16672.000,79.255
2021-08-03,81.260,81.260,81.180,81.250,20751.000,79.226
2021-08-02,81.130,81.235,81.045,81.200,30767.000,79.177
2021-07-30,81.120,81.141,81.065,81.120,16253.000,79.012
2021-07-29,81.050,81.070,80.945,81.070,68683.000,78.964
2021-07-28,81.030,81.059,80.950,81.050,15854.000,78.944
2021-07-27,81.080,81.080,80.992,81.060,15673.000,78.954
2021-07-26,81.050,81.050,80.910,80.920,20661.000,78.818
2021-07-23,80.900,80.960,80.830,80.960,19859.000,78.857
2021-07-22,80.810,80.975,80.810,80.910,13901.000,78.808
2021-07-21,80.900,80.910,80.810,80.850,18027.000,78.749
2021-07-20,81.230,81.240,80.980,81.010,17148.000,78.905
2021-07-19,80.920,81.080,80.920,81.015,36557.000,78.910
2021-07-16,80.660,80.748,80.620,80.735,17538.000,78.637
2021-07-15,80.710,80.710,80.560,80.690,15523.000,78.594
2021-07-14,80.460,80.550,80.460,80.545,24020.000,78.452
2021-07-13,80.520,80.569,80.310,80.310,22111.000,78.223
2021-07-12,80.560,80.560,80.430,80.480,22890.000,78.389
2021-07-09,80.520,80.520,80.400,80.400,43004.000,78.311
2021-07-08,80.600,80.720,80.600,80.600,24387.000,78.506
2021-07-07,80.500,80.630,80.480,80.590,16810.000,78.496
2021-07-06,80.310,80.477,80.270,80.430,42923.000,78.340
2021-07-02,80.170,80.250,80.160,80.235,13650.000,78.150
2021-07-01,80.070,80.079,80.010,80.079,22877.000,77.998
2021-06-30,80.160,80.230,80.130,80.190,19452.000,78.020
2021-06-29,80.010,80.065,80.000,80.045,14928.000,77.879
2021-06-28,80.000,80.110,79.950,80.080,77666.000,77.913
2021-06-25,80.040,80.040,79.819,79.850,34932.000,77.689
2021-06-24,79.960,80.050,79.960,80.014,17972.000,77.849
2021-06-23,80.030,80.050,79.942,79.960,87687.000,77.796
2021-06-22,80.000,80.010,79.880,79.996,45382.000,77.831
2021-06-21,80.130,80.130,79.950,79.970,29382.000,77.806
2021-06-18,80.010,80.170,80.010,80.125,17622.000,77.957
2021-06-17,79.860,80.090,79.800,80.000,71378.000,77.835
2021-06-16,80.070,80.100,79.800,79.870,33250.000,77.709
2021-06-15,80.010,80.040,79.940,80.000,31505.000,77.835
2021-06-14,80.100,80.143,80.000,80.035,28227.000,77.869
2021-06-11,80.320,80.320,80.206,80.250,18125.000,78.079
2021-06-10,79.990,80.140,79.980,80.140,28210.000,77.972
2021-06-09,80.010,80.110,80.010,80.090,26207.000,77.923
2021-06-08,79.800,79.920,79.800,79.870,15502.000,77.709
2021-06-07,79.810,79.810,79.735,79.795,14039.000,77.636
2021-06-04,79.720,79.850,79.670,79.814,21873.000,77.655
2021-06-03,79.620,79.640,79.610,79.610,17928.000,77.456
2021-06-02,79.620,79.740,79.620,79.720,28237.000,77.563
2021-06-01,79.650,79.680,79.510,79.633,38975.000,77.478
2021-05-28,79.780,79.811,79.730,79.758,50199.000,77.513
2021-05-27,79.810,79.810,79.640,79.731,20823.000,77.486
2021-05-26,79.830,79.900,79.820,79.875,32803.000,77.627
2021-05-25,79.680,79.810,79.610,79.795,13658.000,77.549
2021-05-24,79.620,79.640,79.561,79.610,39155.000,77.369
2021-05-21,79.640,79.640,79.471,79.550,20138.000,77.311
2021-05-20,79.280,79.465,79.280,79.460,15356.000,77.223
2021-05-19,79.290,79.410,79.205,79.280,20834.000,77.048
2021-05-18,79.300,79.380,79.280,79.340,23509.000,77.107
2021-05-17,79.480,79.480,79.360,79.397,14435.000,77.163
2021-05-14,79.430,79.480,79.360,79.460,40188.000,77.223
2021-05-13,79.340,79.380,79.300,79.360,52332.000,77.126
2021-05-12,79.460,79.460,79.230,79.275,21099.000,77.044
2021-05-11,79.750,79.750,79.502,79.530,19477.000,77.291
2021-05-10,79.800,79.820,79.680,79.690,22514.000,77.447
2021-05-07,79.910,79.943,79.750,79.760,20663.000,77.515
2021-05-06,79.670,79.860,79.670,79.834,26748.000,77.586
2021-05-05,79.740,79.820,79.710,79.800,14657.000,77.554
2021-05-04,79.710,79.850,79.700,79.740,61448.000,77.495
2021-05-03,79.590,79.740,79.590,79.650,24124.000,77.408
2021-04-30,79.720,79.750,79.693,79.740,15146.000,77.411
2021-04-29,79.670,79.700,79.575,79.670,30888.000,77.343
2021-04-28,79.710,79.820,79.710,79.790,16485.000,77.460
2021-04-27,79.940,79.940,79.788,79.820,32275.000,77.489
2021-04-26,80.000,80.000,79.910,79.959,34889.000,77.624
2021-04-23,80.050,80.050,79.950,79.999,29794.000,77.662
2021-04-22,79.980,80.070,79.935,80.050,28747.000,77.712
2021-04-21,79.970,80.030,79.950,80.030,30580.000,77.693
2021-04-20,79.840,79.960,79.800,79.950,39564.000,77.615
2021-04-19,79.800,79.840,79.720,79.790,47266.000,77.460
2021-04-16,79.890,79.940,79.850,79.855,56346.000,77.523
2021-04-15,79.890,80.120,79.871,80.020,23464.000,77.683
2021-04-14,79.760,79.840,79.750,79.750,22797.000,77.421
2021-04-13,79.670,79.880,79.670,79.840,33117.000,77.508
2021-04-12,79.760,79.760,79.716,79.720,25699.000,77.392
2021-04-09,79.760,79.840,79.710,79.809,20826.000,77.478
2021-04-08,79.840,79.930,79.815,79.860,37663.000,77.528
2021-04-07,79.840,79.860,79.750,79.780,30200.000,77.450
2021-04-06,79.730,79.840,79.684,79.830,23363.000,77.499
2021-04-05,79.500,79.630,79.500,79.580,43710.000,77.256
2021-04-01,79.750,79.750,79.620,79.705,25696.000,77.377
2021-03-31,79.710,79.730,79.561,79.640,34329.000,77.226
2021-03-30,79.540,79.650,79.460,79.640,39028.000,77.226
2021-03-29,79.670,79.810,79.590,79.640,30592.000,77.226
2021-03-26,79.770,79.850,79.700,79.800,42339.000,77.381
2021-03-25,79.890,79.970,79.830,79.910,44516.000,77.488
2021-03-24,79.770,79.910,79.710,79.910,19237.000,77.488
2021-03-23,79.760,79.800,79.640,79.800,32851.000,77.381
2021-03-22,79.550,79.630,79.500,79.590,39320.000,77.177
2021-03-19,79.530,79.530,79.380,79.410,25799.000,77.003
2021-03-18,79.350,79.390,79.250,79.340,31319.000,76.935
2021-03-17,79.510,79.670,79.432,79.610,33720.000,77.197
2021-03-16,79.730,79.779,79.620,79.650,29331.000,77.236
2021-03-15,79.550,79.760,79.550,79.740,30211.000,77.323
2021-03-12,79.660,79.660,79.538,79.580,25929.000,77.168
2021-03-11,79.920,80.000,79.920,79.950,23510.000,77.526
2021-03-10,79.800,79.970,79.780,79.860,45378.000,77.439
2021-03-09,79.820,79.843,79.760,79.820,19558.000,77.400
2021-03-08,79.750,79.750,79.545,79.550,40760.000,77.139
2021-03-05,79.800,79.820,79.664,79.760,40804.000,77.342
2021-03-04,80.040,80.040,79.710,79.780,45111.000,77.362
2021-03-03,80.090,80.090,79.880,79.950,28415.000,77.526
2021-03-02,80.050,80.224,80.030,80.190,34266.000,77.759
2021-03-01,80.030,80.200,80.030,80.150,81374.000,77.720
2021-02-26,79.820,80.090,79.711,80.070,39334.000,77.555
2021-02-25,80.000,80.000,79.500,79.500,88697.000,77.003
2021-02-24,80.120,80.260,80.000,80.210,41554.000,77.690
2021-02-23,80.260,80.290,80.165,80.250,42482.000,77.729
2021-02-22,80.380,80.510,80.310,80.360,109915.000,77.836
2021-02-19,80.530,80.590,80.430,80.430,33710.000,77.904
2021-02-18,80.710,80.760,80.665,80.700,56919.000,78.165
2021-02-17,80.690,80.810,80.690,80.800,189393.000,78.262
2021-02-16,80.870,80.870,80.650,80.680,149488.000,78.146
2021-02-12,81.160,81.160,81.040,81.090,55529.000,78.543
2021-02-11,81.400,81.410,81.306,81.320,84893.000,78.766
2021-02-10,81.260,81.330,81.260,81.330,45856.000,78.775
2021-02-09,81.310,81.340,81.280,81.289,32069.000,78.735
2021-02-08,81.170,81.320,81.120,81.240,54266.000,78.688
2021-02-05,81.320,81.360,81.242,81.245,61833.000,78.693
2021-02-04,81.350,81.360,81.270,81.300,43906.000,78.746
2021-02-03,81.400,81.410,81.355,81.370,45009.000,78.814
2021-02-02,81.410,81.479,81.410,81.455,37775.000,78.896
2021-02-01,81.520,81.580,81.470,81.580,31985.000,79.017
2021-01-29,81.540,81.630,81.500,81.575,54580.000,78.922
2021-01-28,81.750,81.750,81.650,81.690,34475.000,79.034
2021-01-27,81.790,81.815,81.710,81.745,30424.000,79.087
2021-01-26,81.820,81.820,81.760,81.796,63807.000,79.136
2021-01-25,81.640,81.810,81.640,81.790,67761.000,79.130
2021-01-22,81.620,81.620,81.520,81.600,36968.000,78.946
2021-01-21,81.640,81.640,81.529,81.600,41920.000,78.946
2021-01-20,81.750,81.760,81.720,81.730,46206.000,79.072
2021-01-19,81.680,81.750,81.607,81.750,64688.000,79.092
2021-01-15,81.680,81.710,81.600,81.700,38915.000,79.043
2021-01-14,81.770,81.790,81.600,81.600,117360.000,78.946
2021-01-13,81.600,81.810,81.600,81.750,35790.000,79.092
2021-01-12,81.500,81.500,81.362,81.430,57792.000,78.782
2021-01-11,81.570,81.680,81.530,81.560,51923.000,78.908
2021-01-08,81.680,81.710,81.620,81.680,73871.000,79.024
2021-01-07,81.670,81.790,81.670,81.700,106320.000,79.043
2021-01-06,81.910,81.920,81.700,81.800,96941.000,79.140
2021-01-05,82.160,82.160,82.010,82.050,99512.000,79.382
2021-01-04,82.120,82.180,82.052,82.150,69622.000,79.479
2020-12-31,82.150,82.210,82.130,82.200,47202.000,79.527
2020-12-30,82.100,82.150,82.040,82.130,53810.000,79.459
2020-12-29,82.090,82.130,82.050,82.110,32077.000,79.440
2020-12-28,82.020,82.090,81.980,82.040,64523.000,79.372
2020-12-24,81.950,82.074,81.950,82.055,22151.000,79.387
2020-12-23,81.860,81.954,81.830,81.930,59282.000,79.266
2020-12-22,82.090,82.170,82.080,82.170,42518.000,79.402
2020-12-21,82.150,82.150,82.060,82.085,37651.000,79.320
2020-12-18,82.070,82.100,82.012,82.030,31883.000,79.267
2020-12-17,82.140,82.175,82.000,82.080,62014.000,79.315
2020-12-16,82.000,82.060,81.930,82.050,36739.000,79.286
2020-12-15,82.160,82.160,82.108,82.150,32955.000,79.383
2020-12-14,82.060,82.150,82.010,82.110,85121.000,79.344
2020-12-11,82.220,82.260,82.175,82.210,38005.000,79.441
2020-12-10,81.900,82.090,81.900,82.070,37284.000,79.306
2020-12-09,82.010,82.010,81.870,81.920,34552.000,79.161
2020-12-08,82.030,82.069,82.006,82.010,28081.000,79.248
2020-12-07,82.000,82.000,81.887,81.950,39004.000,79.190
2020-12-04,81.880,81.880,81.770,81.810,29018.000,79.055
2020-12-03,81.800,81.964,81.800,81.880,63688.000,79.122
2020-12-02,81.880,81.880,81.680,81.740,43192.000,78.987
2020-12-01,81.870,81.923,81.780,81.810,43449.000,79.055
2020-11-30,82.060,82.190,82.060,82.180,61686.000,79.320
2020-11-27,81.970,82.140,81.970,82.140,12476.000,79.281
2020-11-25,82.080,82.080,81.960,81.990,30959.000,79.136
2020-11-24,82.050,82.070,81.975,82.000,25321.000,79.146
2020-11-23,82.050,82.100,82.040,82.070,41383.000,79.214
2020-11-20,82.020,82.130,82.000,82.115,24587.000,79.257
2020-11-19,81.900,82.030,81.900,82.013,11704.000,79.158
2020-11-18,81.890,81.940,81.840,81.900,19127.000,79.050
2020-11-17,81.720,81.860,81.720,81.810,34583.000,78.963
2020-11-16,81.720,81.730,81.650,81.720,64099.000,78.876
2020-11-13,81.750,81.760,81.690,81.739,26036.000,78.894
2020-11-12,81.500,81.670,81.500,81.620,33540.000,78.779
2020-11-11,81.310,81.460,81.310,81.460,63624.000,78.625
2020-11-10,81.370,81.390,81.310,81.310,21216.000,78.480
2020-11-09,81.600,81.600,81.440,81.460,59802.000,78.625
2020-11-06,81.930,81.930,81.830,81.910,13648.000,79.059
2020-11-05,82.030,82.050,81.930,82.030,27684.000,79.175
2020-11-04,81.870,82.010,81.870,82.000,20865.000,79.146
2020-11-03,81.600,81.610,81.525,81.600,46942.000,78.760
2020-11-02,81.660,81.670,81.600,81.660,35743.000,78.818
2020-10-30,81.720,81.729,81.570,81.580,26290.000,78.643
2020-10-29,81.890,81.890,81.710,81.730,16800.000,78.787
2020-10-28,81.980,81.980,81.850,81.870,26261.000,78.922
2020-10-27,81.830,81.930,81.830,81.920,26543.000,78.971
2020-10-26,81.760,81.779,81.710,81.760,28322.000,78.816
2020-10-23,81.600,81.670,81.550,81.660,25607.000,78.720
2020-10-22,81.680,81.680,81.545,81.570,31352.000,78.633
2020-10-21,81.660,81.790,81.650,81.700,27191.000,78.759
2020-10-20,81.900,81.900,81.790,81.800,37915.000,78.855
2020-10-19,81.830,81.949,81.830,81.870,34392.000,78.922
2020-10-16,81.960,82.010,81.960,81.975,35755.000,79.024
2020-10-15,81.950,82.020,81.890,81.962,10918.000,79.011
2020-10-14,82.000,82.000,81.870,81.925,25033.000,78.975
2020-10-13,81.860,81.909,81.780,81.900,66627.000,78.951
2020-10-12,82.000,82.000,81.710,81.765,20769.000,78.821
2020-10-09,81.590,81.730,81.580,81.730,16204.000,78.787
2020-10-08,81.520,81.670,81.520,81.630,41071.000,78.691
2020-10-07,81.770,81.770,81.510,81.520,18259.000,78.585
2020-10-06,81.610,81.635,81.510,81.550,21171.000,78.614
2020-10-05,81.730,81.730,81.510,81.510,31039.000,78.575
2020-10-02,81.850,81.850,81.730,81.780,22881.000,78.836
2020-10-01,81.590,81.800,81.570,81.790,75133.000,78.845
2020-09-30,81.920,81.920,81.721,81.820,33381.000,78.778
2020-09-29,81.850,81.950,81.850,81.930,20387.000,78.885
2020-09-28,81.860,81.880,81.814,81.855,34754.000,78.812
2020-09-25,81.830,81.840,81.740,81.840,17293.000,78.798
2020-09-24,81.880,81.880,81.750,81.770,28313.000,78.730
2020-09-23,81.870,81.870,81.740,81.740,52243.000,78.701
2020-09-22,81.910,81.920,81.870,81.890,29195.000,78.846
2020-09-21,81.950,81.970,81.850,81.850,25345.000,78.807
2020-09-18,81.960,81.960,81.820,81.820,40163.000,78.778
2020-09-17,81.990,81.990,81.860,81.900,36702.000,78.855
2020-09-16,81.970,81.970,81.740,81.850,31740.000,78.807
2020-09-15,81.860,81.860,81.820,81.830,13413.000,78.788
2020-09-14,81.810,81.900,81.810,81.840,22684.000,78.798
2020-09-11,81.670,81.840,81.670,81.820,21970.000,78.779
2020-09-10,81.630,81.700,81.560,81.700,26818.000,78.663
2020-09-09,81.680,81.770,81.650,81.660,19824.000,78.624
2020-09-08,81.660,81.820,81.660,81.680,38649.000,78.644
2020-09-04,81.840,81.840,81.603,81.630,24045.000,78.595
2020-09-03,81.980,82.000,81.900,81.950,60528.000,78.904
2020-09-02,81.800,81.950,81.770,81.940,35942.000,78.894
2020-09-01,81.530,81.746,81.470,81.730,24348.000,78.692
2020-08-31,81.540,81.610,81.450,81.590,28160.000,78.459
2020-08-28,81.580,81.580,81.490,81.520,36410.000,78.392
2020-08-27,81.880,81.890,81.500,81.530,21373.000,78.401
2020-08-26,81.720,81.720,81.630,81.710,21680.000,78.574
2020-08-25,81.760,81.760,81.600,81.730,50891.000,78.594
2020-08-24,81.850,81.980,81.850,81.880,24310.000,78.738
2020-08-21,81.910,81.940,81.847,81.930,372960.000,78.785
2020-08-20,81.970,81.970,81.840,81.890,20403.000,78.747
2020-08-19,81.870,81.930,81.755,81.755,27877.000,78.618
2020-08-18,81.830,81.890,81.741,81.870,22539.000,78.728
2020-08-17,81.740,81.830,81.680,81.750,34574.000,78.613
2020-08-14,81.750,81.750,81.580,81.585,21035.000,78.454
2020-08-13,81.820,81.830,81.560,81.700,22997.000,78.565
2020-08-12,82.020,82.020,81.860,81.940,22093.000,78.795
2020-08-11,82.100,82.100,82.000,82.020,35077.000,78.872
2020-08-10,82.350,82.421,82.200,82.210,70728.000,79.055
2020-08-07,82.440,82.460,82.310,82.320,25912.000,79.161
2020-08-06,82.460,82.500,82.400,82.415,29590.000,79.252
2020-08-05,82.370,82.370,82.280,82.310,38574.000,79.151
2020-08-04,82.420,82.460,82.280,82.460,20438.000,79.296
2020-08-03,82.380,82.380,82.205,82.280,62875.000,79.122
2020-07-31,82.350,82.390,82.290,82.390,31204.000,79.128
2020-07-30,82.380,82.400,82.270,82.290,62809.000,79.032
2020-07-29,82.220,82.240,82.160,82.195,29082.000,78.941
2020-07-28,82.250,82.250,82.185,82.212,17227.000,78.957
2020-07-27,82.270,82.270,82.150,82.150,47547.000,78.897
2020-07-24,82.140,82.160,82.043,82.120,18281.000,78.869
2020-07-23,82.240,82.240,82.122,82.170,21762.000,78.917
2020-07-22,82.070,82.150,82.049,82.070,45073.000,78.821
2020-07-21,81.890,82.000,81.850,81.930,53551.000,78.686
2020-07-20,81.940,81.940,81.810,81.840,44260.000,78.600
2020-07-17,81.850,81.870,81.770,81.810,29107.000,78.571
2020-07-16,81.710,81.880,81.710,81.830,45626.000,78.590
2020-07-15,81.740,81.745,81.680,81.729,29620.000,78.493
2020-07-14,81.610,81.788,81.610,81.740,15455.000,78.504
2020-07-13,81.590,81.590,81.530,81.540,24472.000,78.312
2020-07-10,81.680,81.800,81.640,81.640,23637.000,78.408
2020-07-09,81.690,81.780,81.625,81.710,42947.000,78.475
2020-07-08,81.620,81.620,81.500,81.500,58722.000,78.273
2020-07-07,81.540,81.610,81.470,81.590,28471.000,78.360
2020-07-06,81.470,81.490,81.390,81.480,238009.000,78.254
2020-07-02,81.430,81.480,81.330,81.460,151064.000,78.235
2020-07-01,81.320,81.330,81.180,81.330,29755.000,78.110
2020-06-30,81.640,81.640,81.410,81.550,41945.000,78.218
2020-06-29,81.490,81.530,81.430,81.495,157777.000,78.165
2020-06-26,81.510,81.510,81.390,81.436,42698.000,78.109
2020-06-25,81.360,81.460,81.350,81.410,16280.000,78.084
2020-06-24,81.260,81.295,81.220,81.265,146863.000,77.945
2020-06-23,81.210,81.320,81.200,81.200,81867.000,77.882
2020-06-22,81.470,81.470,81.210,81.260,51467.000,77.940
2020-06-19,81.300,81.330,81.270,81.300,15160.000,77.978
2020-06-18,81.280,81.309,81.255,81.300,12900.000,77.978
2020-06-17,81.310,81.310,81.160,81.237,207552.000,77.918
2020-06-16,81.220,81.220,81.110,81.190,11968.000,77.873
2020-06-15,81.060,81.240,81.060,81.202,17968.000,77.884
2020-06-12,81.190,81.190,81.000,81.110,25245.000,77.796
2020-06-11,81.210,81.210,81.102,81.130,25203.000,77.815
2020-06-10,80.910,81.070,80.750,81.020,42521.000,77.710
2020-06-09,80.900,80.940,80.830,80.850,39818.000,77.547
2020-06-08,80.680,80.830,80.655,80.800,44763.000,77.499
2020-06-05,80.620,80.659,80.470,80.600,32648.000,77.307
2020-06-04,80.700,80.715,80.600,80.620,26639.000,77.326
2020-06-03,80.860,80.870,80.610,80.720,39606.000,77.422
2020-06-02,80.870,80.980,80.870,80.966,20938.000,77.658
2020-06-01,80.910,80.930,80.813,80.870,26993.000,77.566
2020-05-29,81.140,81.160,80.980,81.160,14681.000,77.739
2020-05-28,80.960,80.970,80.870,80.935,15842.000,77.523
2020-05-27,81.040,81.040,80.780,80.950,21895.000,77.538
2020-05-26,80.930,80.930,80.780,80.808,22816.000,77.402
2020-05-22,80.960,80.960,80.850,80.930,13920.000,77.519
2020-05-21,80.970,80.970,80.850,80.900,32579.000,77.490
2020-05-20,80.780,80.870,80.670,80.860,26700.000,77.452
2020-05-19,80.510,80.630,80.500,80.621,13222.000,77.223
2020-05-18,80.700,80.700,80.480,80.507,29513.000,77.113
2020-05-15,80.830,80.830,80.600,80.660,26299.000,77.260
2020-05-14,80.620,80.672,80.550,80.620,20103.000,77.222
2020-05-13,80.620,80.620,80.500,80.530,20082.000,77.135
2020-05-12,80.240,80.512,80.240,80.380,11579.000,76.992
2020-05-11,80.450,80.450,80.170,80.211,32369.000,76.830
2020-05-08,80.610,80.610,80.420,80.430,14634.000,77.040
2020-05-07,81.180,81.180,80.420,80.600,22807.000,77.203
2020-05-06,80.640,80.640,80.325,80.390,26608.000,77.001
2020-05-05,80.810,80.810,80.670,80.725,30236.000,77.322
2020-05-04,80.610,80.780,80.610,80.730,48289.000,77.327
2020-05-01,80.860,80.870,80.570,80.680,13419.000,77.279
2020-04-30,81.000,81.000,80.770,80.770,56632.000,77.257
2020-04-29,80.910,80.920,80.760,80.800,18763.000,77.286
2020-04-28,80.830,80.830,80.640,80.750,24975.000,77.238
2020-04-27,80.760,80.760,80.520,80.524,95864.000,77.022
2020-04-24,80.580,80.720,80.515,80.720,20400.000,77.209
2020-04-23,80.450,80.630,80.405,80.590,13150.000,77.085
2020-04-22,80.490,80.490,80.278,80.390,36349.000,76.894
2020-04-21,80.400,80.484,80.347,80.470,20697.000,76.970
2020-04-20,80.350,80.450,80.350,80.440,27308.000,76.942
2020-04-17,80.770,80.770,80.459,80.580,33438.000,77.076
2020-04-16,80.670,80.690,80.500,80.630,15482.000,77.123
2020-04-15,80.200,80.570,80.200,80.570,25274.000,77.066
2020-04-14,80.360,80.360,80.113,80.220,34529.000,76.731
2020-04-13,80.500,80.500,80.060,80.100,23600.000,76.616
2020-04-09,79.790,80.400,79.790,80.301,63055.000,76.809
2020-04-08,79.700,79.759,79.550,79.720,148852.000,76.253
2020-04-07,79.620,79.750,79.440,79.675,47995.000,76.210
2020-04-06,79.620,79.690,79.397,79.690,75392.000,76.224
2020-04-03,79.510,79.510,79.255,79.410,15309.000,75.956
2020-04-02,78.740,79.460,78.740,79.360,25758.000,75.909
2020-04-01,79.230,79.585,79.060,79.100,37200.000,75.660
2020-03-31,79.610,79.925,79.420,79.447,485823.000,75.874
2020-03-30,79.130,80.000,79.130,79.610,20592.000,76.029
2020-03-27,79.310,79.620,79.310,79.470,39538.000,75.896
2020-03-26,78.990,79.320,78.965,79.320,83899.000,75.753
2020-03-25,77.650,78.912,77.650,78.810,63029.000,75.265
2020-03-24,77.650,78.160,77.580,77.949,208376.000,74.443
2020-03-23,76.160,78.090,76.160,77.680,75111.000,74.186
2020-03-20,75.880,77.490,75.880,76.875,106734.000,73.418
2020-03-19,74.530,76.460,74.000,75.630,138425.000,72.229
2020-03-18,77.000,77.135,75.420,76.207,96560.000,72.779
2020-03-17,78.520,78.700,77.490,77.651,55791.000,74.159
2020-03-16,76.630,78.866,75.750,78.716,66237.000,75.176
2020-03-13,77.340,78.940,77.240,78.510,78927.000,74.979
2020-03-12,79.390,79.500,76.890,77.196,140319.000,73.724
2020-03-11,81.040,81.195,80.050,80.085,68874.000,76.483
2020-03-10,81.190,81.346,80.690,80.725,88613.000,77.094
2020-03-09,82.580,82.580,81.630,81.630,82768.000,77.959
2020-03-06,81.960,81.990,81.600,81.810,52866.000,78.131
2020-03-05,81.330,81.420,81.275,81.300,62816.000,77.643
2020-03-04,81.480,81.480,81.200,81.220,42970.000,77.567
2020-03-03,80.790,81.330,80.745,81.100,75809.000,77.452
2020-03-02,80.840,80.960,80.760,80.763,61181.000,77.131
2020-02-28,80.950,80.960,80.820,80.948,103602.000,77.202
2020-02-27,80.760,80.780,80.560,80.597,42383.000,76.867
2020-02-26,80.560,80.700,80.525,80.580,42887.000,76.851
2020-02-25,80.630,80.740,80.610,80.684,41888.000,76.950
2020-02-24,80.660,80.660,80.600,80.615,40746.000,76.884
2020-02-21,80.310,80.500,80.310,80.419,149912.000,76.697
2020-02-20,80.170,80.270,80.090,80.245,60377.000,76.531
2020-02-19,80.050,80.095,80.020,80.090,32170.000,76.383
2020-02-18,80.090,80.150,80.029,80.077,57598.000,76.371
2020-02-14,79.960,80.000,79.910,79.930,17367.000,76.231
2020-02-13,79.880,79.940,79.856,79.920,24024.000,76.221
2020-02-12,79.850,79.910,79.817,79.848,73769.000,76.152
2020-02-11,80.010,80.010,79.910,79.910,38051.000,76.212
2020-02-10,79.980,80.050,79.940,80.017,49831.000,76.313
2020-02-07,79.880,79.920,79.820,79.887,36522.000,76.189
2020-02-06,79.630,79.690,79.601,79.660,49817.000,75.973
2020-02-05,79.660,79.670,79.610,79.650,29870.000,75.964
2020-02-04,79.820,79.820,79.714,79.780,69281.000,76.088
2020-02-03,79.960,80.030,79.890,80.030,50751.000,76.326
2020-01-31,80.040,80.150,80.040,80.127,21550.000,76.309
2020-01-30,80.000,80.080,79.960,79.990,36783.000,76.178
2020-01-29,79.850,79.960,79.850,79.950,22875.000,76.140
2020-01-28,79.800,79.800,79.705,79.739,17307.000,75.939
2020-01-27,79.870,79.910,79.830,79.900,49491.000,76.092
2020-01-24,79.490,79.640,79.476,79.590,46791.000,75.797
2020-01-23,79.410,79.477,79.402,79.450,33640.000,75.664
2020-01-22,79.230,79.280,79.215,79.270,31741.000,75.492
2020-01-21,79.410,79.410,79.090,79.200,39150.000,75.425
2020-01-17,78.970,79.060,78.969,79.015,45708.000,75.249
2020-01-16,79.030,79.050,79.000,79.040,34353.000,75.273
2020-01-15,79.030,79.060,78.960,79.045,80092.000,75.278
2020-01-14,78.860,78.920,78.859,78.910,23386.000,75.149
2020-01-13,78.860,78.870,78.800,78.859,29861.000,75.101
2020-01-10,78.870,78.950,78.850,78.909,56118.000,75.148
2020-01-09,78.720,78.820,78.637,78.813,31455.000,75.057
2020-01-08,78.830,78.894,78.700,78.756,50939.000,75.002
2020-01-07,78.950,78.950,78.880,78.880,22427.000,75.121
2020-01-06,79.070,79.070,78.910,78.950,30179.000,75.187
2020-01-03,78.760,79.020,78.760,78.995,101875.000,75.230
2020-01-02,78.720,78.830,78.700,78.760,41478.000,75.006
2019-12-31,78.650,78.665,78.595,78.620,20446.000,74.873
2019-12-30,78.580,78.650,78.550,78.600,134684.000,74.854
2019-12-27,78.800,78.800,78.740,78.780,38433.000,75.025
2019-12-26,78.650,78.730,78.640,78.730,41650.000,74.978
2019-12-24,78.510,78.660,78.510,78.632,35421.000,74.885
2019-12-23,78.640,78.900,78.510,78.553,67475.000,74.810
2019-12-20,79.590,79.662,79.550,79.636,25798.000,74.855
2019-12-19,79.570,79.680,79.530,79.610,61927.000,74.830
2019-12-18,79.710,79.737,79.580,79.640,205347.000,74.859
2019-12-17,79.770,79.770,79.690,79.730,23577.000,74.943
2019-12-16,79.800,79.800,79.680,79.730,21471.000,74.943
2019-12-13,79.612,79.820,79.570,79.814,21768.000,75.022
2019-12-12,79.820,79.829,79.530,79.575,21221.000,74.797
2019-12-11,79.660,79.841,79.660,79.830,21160.000,75.037
2019-12-10,79.700,79.710,79.625,79.658,17974.000,74.876
2019-12-09,79.680,79.715,79.620,79.650,19028.000,74.868
2019-12-06,79.600,79.680,79.600,79.623,16975.000,74.843
2019-12-05,79.620,79.690,79.570,79.680,24232.000,74.896
2019-12-04,79.900,79.900,79.765,79.840,38658.000,75.047
2019-12-03,79.800,79.990,79.780,79.940,14916.000,75.141
2019-12-02,79.580,79.600,79.491,79.600,20803.000,74.821
2019-11-29,79.970,79.980,79.910,79.932,8771.000,75.022
2019-11-27,80.000,80.040,80.000,80.010,23985.000,75.095
2019-11-26,80.040,80.080,80.040,80.060,101012.000,75.142
2019-11-25,79.940,79.970,79.900,79.940,90509.000,75.030
2019-11-22,79.900,79.900,79.825,79.890,23636.000,74.983
2019-11-21,79.810,79.850,79.780,79.814,35106.000,74.911
2019-11-20,79.890,79.951,79.860,79.940,40754.000,75.030
2019-11-19,79.690,79.800,79.690,79.770,33500.000,74.870
2019-11-18,79.710,79.743,79.661,79.710,39044.000,74.814
2019-11-15,79.600,79.680,79.600,79.660,15164.000,74.767
2019-11-14,79.660,79.710,79.650,79.680,113248.000,74.785
2019-11-13,79.470,79.540,79.460,79.500,52236.000,74.617
2019-11-12,79.270,79.320,79.224,79.300,8084.000,74.429
2019-11-11,79.250,79.360,79.230,79.270,13709.000,74.401
2019-11-08,79.270,79.390,79.260,79.280,15408.000,74.410
2019-11-07,79.450,79.460,79.190,79.320,25190.000,74.448
2019-11-06,79.640,79.720,79.590,79.710,30620.000,74.814
2019-11-05,79.650,79.650,79.536,79.610,14030.000,74.720
2019-11-04,79.890,79.890,79.800,79.820,21697.000,74.917
2019-11-01,80.100,80.100,79.920,80.030,14848.000,75.114
2019-10-31,80.060,80.260,80.060,80.220,8062.000,75.175
2019-10-30,79.810,79.950,79.791,79.950,13686.000,74.922
2019-10-29,79.750,79.750,79.690,79.730,8349.000,74.716
2019-10-28,79.750,79.750,79.610,79.690,22661.000,74.678
2019-10-25,80.000,80.000,79.825,79.870,12295.000,74.847
2019-10-24,79.980,80.070,79.980,80.030,9327.000,74.997
2019-10-23,79.950,80.040,79.950,79.950,13631.000,74.922
2019-10-22,79.920,79.920,79.801,79.891,8792.000,74.866
2019-10-21,79.740,79.840,79.740,79.780,13887.000,74.762
2019-10-18,79.930,79.990,79.925,79.925,12538.000,74.898
2019-10-17,79.894,80.020,79.890,80.000,6236.000,74.969
2019-10-16,79.860,79.940,79.860,79.880,219668.000,74.856
2019-10-15,80.100,80.120,79.891,79.910,24246.000,74.884
2019-10-14,80.100,80.110,80.050,80.110,45521.000,75.072
2019-10-11,80.000,80.030,79.910,79.950,19984.000,74.922
2019-10-10,80.340,80.340,80.190,80.190,16973.000,75.147
2019-10-09,80.550,80.593,80.470,80.560,40930.000,75.493
2019-10-08,80.610,80.700,80.570,80.610,29809.000,75.540
2019-10-07,80.670,80.670,80.572,80.580,22321.000,75.512
2019-10-04,80.680,80.760,80.680,80.760,16618.000,75.681
2019-10-03,80.570,80.738,80.530,80.690,22124.000,75.615
2019-10-02,80.390,80.450,80.375,80.400,18798.000,75.343
2019-10-01,80.140,80.425,80.100,80.370,64123.000,75.315
2019-09-30,80.310,80.460,80.310,80.430,22665.000,75.262
2019-09-27,80.420,80.490,80.411,80.470,12730.000,75.299
2019-09-26,80.380,80.470,80.380,80.419,15886.000,75.251
2019-09-25,80.550,80.550,80.319,80.360,24677.000,75.196
2019-09-24,80.390,80.590,80.384,80.570,6922.000,75.393
2019-09-23,80.370,80.480,80.370,80.400,15966.000,75.234
2019-09-20,80.090,80.210,80.045,80.190,11773.000,75.037
2019-09-19,80.040,80.080,79.985,79.991,26880.000,74.851
2019-09-18,79.980,80.070,79.890,79.945,17689.000,74.808
2019-09-17,79.760,79.840,79.730,79.800,5786.000,74.672
2019-09-16,79.600,79.700,79.600,79.650,10845.000,74.532
2019-09-13,79.680,79.705,79.400,79.410,21364.000,74.307
2019-09-12,80.150,80.233,79.880,79.880,13476.000,74.747
2019-09-11,79.950,80.070,79.950,79.980,23694.000,74.841
2019-09-10,80.250,80.250,79.980,79.980,65544.000,74.841
2019-09-09,80.420,80.431,80.320,80.355,16619.000,75.192
2019-09-06,80.630,80.699,80.630,80.680,9133.000,75.496
2019-09-05,80.690,80.690,80.450,80.540,23719.000,75.365
2019-09-04,80.810,80.960,80.810,80.930,10402.000,75.730
2019-09-03,80.900,81.110,80.900,81.000,24099.000,75.795
2019-08-30,81.020,81.030,80.900,81.030,10001.000,75.694
2019-08-29,81.050,81.145,80.955,81.070,12201.000,75.732
2019-08-28,81.160,81.160,81.074,81.080,14505.000,75.741
2019-08-27,80.780,80.920,80.780,80.870,10730.000,75.545
2019-08-26,80.730,80.780,80.657,80.660,10591.000,75.349
2019-08-23,80.520,80.735,80.441,80.695,18115.000,75.381
2019-08-22,80.520,80.550,80.480,80.490,11797.000,75.190
2019-08-21,80.630,80.735,80.601,80.680,15463.000,75.367
2019-08-20,80.720,80.740,80.650,80.740,27213.000,75.423
2019-08-19,80.540,80.630,80.500,80.575,13476.000,75.269
2019-08-16,80.820,80.850,80.450,80.810,28636.000,75.489
2019-08-15,80.580,80.960,80.580,80.860,13415.000,75.535
2019-08-14,80.470,80.510,80.420,80.500,7284.000,75.199
2019-08-13,80.290,80.290,80.130,80.250,11087.000,74.966
2019-08-12,80.110,80.249,80.065,80.230,26011.000,74.947
2019-08-09,80.030,80.100,79.951,79.951,14008.000,74.687
2019-08-08,79.940,80.050,79.890,80.030,5780.000,74.760
2019-08-07,80.340,80.340,80.125,80.130,11186.000,74.853
2019-08-06,79.780,79.910,79.780,79.890,15973.000,74.629
2019-08-05,79.820,79.830,79.735,79.830,16161.000,74.573
2019-08-02,79.460,79.570,79.460,79.510,11835.000,74.274
2019-08-01,79.200,79.470,79.185,79.440,8036.000,74.209
2019-07-31,79.110,79.267,79.110,79.220,19827.000,73.888
2019-07-30,79.115,79.130,79.070,79.110,17259.000,73.785
2019-07-29,79.130,79.150,79.050,79.110,15832.000,73.785
2019-07-26,79.090,79.091,79.037,79.037,15525.000,73.717
2019-07-25,79.120,79.120,79.025,79.030,9417.000,73.711
2019-07-24,79.090,79.120,79.090,79.105,7284.000,73.781
2019-07-23,79.000,79.020,78.965,78.990,9559.000,73.673
2019-07-22,79.040,79.040,78.965,79.000,15352.000,73.682
2019-07-19,78.920,78.970,78.920,78.945,13481.000,73.631
2019-07-18,78.830,78.970,78.830,78.943,4515.000,73.629
2019-07-17,78.720,78.840,78.720,78.840,16622.000,73.533
2019-07-16,78.620,78.670,78.540,78.635,11383.000,73.342
2019-07-15,78.620,78.670,78.615,78.660,12573.000,73.365
2019-07-12,78.500,78.510,78.430,78.489,4262.000,73.206
2019-07-11,78.640,78.670,78.480,78.518,21789.000,73.233
2019-07-10,78.750,78.750,78.685,78.710,9779.000,73.412
2019-07-09,78.810,78.810,78.760,78.775,14725.000,73.473
2019-07-08,78.880,78.910,78.820,78.825,15919.000,73.519
2019-07-05,78.840,78.840,78.700,78.830,18274.000,73.524
2019-07-03,79.000,79.080,79.000,79.060,7883.000,73.739
2019-07-02,78.690,78.846,78.690,78.820,11421.000,73.515
2019-07-01,78.680,78.730,78.610,78.670,25943.000,73.375
2019-06-28,78.730,78.790,78.723,78.780,10788.000,73.366
2019-06-27,78.620,78.715,78.560,78.710,13640.000,73.301
2019-06-26,78.690,78.690,78.560,78.560,12463.000,73.162
2019-06-25,78.770,78.770,78.651,78.720,22830.000,73.311
2019-06-24,78.620,78.680,78.620,78.680,11600.000,73.273
2019-06-21,78.590,78.590,78.480,78.515,12674.000,73.120
2019-06-20,78.750,78.810,78.700,78.720,12964.000,73.311
2019-06-19,78.360,78.590,78.330,78.580,12099.000,73.180
2019-06-18,78.410,78.510,78.410,78.430,11582.000,73.040
2019-06-17,78.160,78.200,78.140,78.180,21357.000,72.808
2019-06-14,78.110,78.195,78.110,78.170,9655.000,72.798
2019-06-13,78.050,78.150,78.050,78.120,15265.000,72.752
2019-06-12,77.940,78.020,77.940,78.000,4314.000,72.640
2019-06-11,77.930,77.950,77.910,77.925,8215.000,72.570
2019-06-10,77.920,77.950,77.900,77.910,11948.000,72.556
2019-06-07,78.030,78.105,78.010,78.045,12582.000,72.681
2019-06-06,77.880,77.926,77.880,77.900,11270.000,72.547
2019-06-05,77.880,77.880,77.810,77.820,8684.000,72.472
2019-06-04,77.860,77.860,77.740,77.748,5212.000,72.406
2019-06-03,77.740,77.805,77.670,77.805,19470.000,72.458
2019-05-31,77.690,77.788,77.660,77.788,21328.000,72.327
2019-05-30,77.470,77.560,77.430,77.555,32553.000,72.111
2019-05-29,77.480,77.480,77.425,77.450,9611.000,72.013
2019-05-28,77.280,77.390,77.280,77.390,5590.000,71.957
2019-05-24,77.205,77.280,77.195,77.280,8107.000,71.855
2019-05-23,77.130,77.260,77.085,77.220,5009.000,71.799
2019-05-22,76.940,77.041,76.940,77.041,2632.000,71.633
2019-05-21,76.930,76.930,76.880,76.880,10285.000,71.483
2019-05-20,77.030,77.030,76.907,76.907,5599.000,71.508
2019-05-17,77.030,77.030,76.930,76.981,6580.000,71.577
2019-05-16,76.920,77.010,76.910,76.910,10738.000,71.511
2019-05-15,77.020,77.020,76.945,76.999,5403.000,71.594
2019-05-14,76.850,76.900,76.815,76.870,16914.000,71.474
2019-05-13,76.810,76.870,76.760,76.849,5228.000,71.454
2019-05-10,76.740,76.800,76.680,76.700,13799.000,71.316
2019-05-09,76.770,76.790,76.700,76.740,19289.000,71.353
2019-05-08,76.700,76.819,76.700,76.710,4801.000,71.325
2019-05-07,76.610,76.770,76.610,76.700,10438.000,71.316
2019-05-06,76.650,76.663,76.552,76.610,24444.000,71.232
2019-05-03,76.617,76.625,76.572,76.575,7431.000,71.200
2019-05-02,76.610,76.610,76.490,76.505,18670.000,71.134
2019-05-01,76.580,76.710,76.580,76.590,10426.000,71.213
2019-04-30,76.530,76.730,76.530,76.705,12370.000,71.202
2019-04-29,76.660,76.680,76.640,76.640,11648.000,71.142
2019-04-26,76.740,76.760,76.725,76.740,3928.000,71.235
2019-04-25,76.640,76.660,76.480,76.600,22915.000,71.105
2019-04-24,76.580,76.650,76.580,76.640,12830.000,71.142
2019-04-23,76.446,76.480,76.415,76.478,24434.000,70.992
2019-04-22,76.410,76.410,76.350,76.360,13082.000,70.882
2019-04-18,76.350,76.435,76.350,76.420,7161.000,70.938
2019-04-17,76.250,76.310,76.250,76.265,6518.000,70.794
2019-04-16,76.370,76.370,76.275,76.275,19823.000,70.803
2019-04-15,76.360,76.400,76.360,76.380,9193.000,70.901
2019-04-12,76.380,76.460,76.380,76.410,3695.000,70.929
2019-04-11,76.600,76.600,76.505,76.505,7681.000,71.017
2019-04-10,76.510,76.620,76.510,76.610,10852.000,71.114
2019-04-09,76.450,76.559,76.450,76.532,13805.000,71.042
2019-04-08,76.480,76.480,76.430,76.440,19960.000,70.956
2019-04-05,76.430,76.480,76.410,76.478,9872.000,70.992
2019-04-04,76.400,76.470,76.369,76.460,2443.000,70.975
2019-04-03,76.520,76.520,76.336,76.353,11277.000,70.875
2019-04-02,76.440,76.550,76.440,76.520,9974.000,71.031
2019-04-01,76.600,76.600,76.440,76.445,22058.000,70.961
2019-03-29,76.750,76.850,76.720,76.838,20289.000,71.209
2019-03-28,76.870,76.908,76.840,76.870,11787.000,71.239
2019-03-27,76.820,76.910,76.820,76.890,22433.000,71.257
2019-03-26,76.660,76.741,76.660,76.705,7254.000,71.086
2019-03-25,76.660,76.829,76.618,76.750,15794.000,71.128
2019-03-22,76.610,76.640,76.595,76.603,3645.000,70.991
2019-03-21,76.370,76.370,76.290,76.310,9364.000,70.720
2019-03-20,76.020,76.220,76.020,76.220,6639.000,70.636
2019-03-19,75.980,76.050,75.960,76.040,18342.000,70.470
2019-03-18,75.940,76.020,75.940,75.990,6330.000,70.423
2019-03-15,76.035,76.045,75.995,76.020,9982.000,70.451
2019-03-14,75.960,75.970,75.910,75.930,11837.000,70.368
2019-03-13,75.950,75.970,75.940,75.970,8230.000,70.405
2019-03-12,75.870,75.970,75.870,75.970,5888.000,70.405
2019-03-11,75.900,75.900,75.855,75.870,14091.000,70.312
2019-03-08,75.840,75.910,75.823,75.880,6923.000,70.321
2019-03-07,75.740,75.849,75.720,75.830,26467.000,70.275
2019-03-06,75.540,75.610,75.540,75.600,10213.000,70.062
2019-03-05,75.400,75.480,75.385,75.480,9302.000,69.951
2019-03-04,75.360,75.400,75.315,75.400,12100.000,69.876
2019-03-01,75.340,75.340,75.280,75.280,7780.000,69.765
2019-02-28,75.580,75.580,75.480,75.520,4900.000,69.880
2019-02-27,75.700,75.700,75.551,75.620,17784.000,69.973
2019-02-26,75.780,75.780,75.700,75.725,4081.000,70.070
2019-02-25,75.700,75.720,75.651,75.660,21200.000,70.010
2019-02-22,75.710,75.750,75.671,75.750,4786.000,70.093
2019-02-21,75.600,75.620,75.575,75.591,7127.000,69.946
2019-02-20,75.590,75.700,75.590,75.650,31792.000,70.000
2019-02-19,75.560,75.678,75.560,75.655,7380.000,70.005
2019-02-15,75.490,75.630,75.490,75.595,17351.000,69.950
2019-02-14,75.670,75.670,75.546,75.546,9513.000,69.904
2019-02-13,75.410,75.500,75.410,75.460,6197.000,69.825
2019-02-12,75.560,75.580,75.506,75.506,17592.000,69.867
2019-02-11,75.540,75.610,75.540,75.570,9957.000,69.926
2019-02-08,75.570,75.630,75.550,75.605,10552.000,69.959
2019-02-07,75.510,75.519,75.455,75.510,3514.000,69.871
2019-02-06,75.470,75.480,75.398,75.435,8139.000,69.801
2019-02-05,75.360,75.470,75.360,75.420,5554.000,69.788
2019-02-04,75.340,75.350,75.230,75.298,37416.000,69.675
2019-02-01,75.430,75.430,75.320,75.370,5865.000,69.741
2019-01-31,75.550,75.624,75.550,75.590,24454.000,69.829
2019-01-30,75.300,75.410,75.260,75.410,8197.000,69.662
2019-01-29,75.280,75.330,75.230,75.300,8913.000,69.561
2019-01-28,75.200,75.240,75.140,75.140,26331.000,69.413
2019-01-25,75.160,75.243,75.160,75.240,28454.000,69.505
2019-01-24,75.250,75.270,75.230,75.235,2059.000,69.501
2019-01-23,75.010,75.120,75.010,75.065,16349.000,69.344
2019-01-22,74.910,75.050,74.910,75.020,24072.000,69.302
2019-01-18,74.920,74.920,74.850,74.885,14617.000,69.177
2019-01-17,74.970,74.970,74.920,74.930,7723.000,69.219
2019-01-16,74.850,74.960,74.840,74.892,15775.000,69.184
2019-01-15,74.960,74.960,74.830,74.890,8754.000,69.182
2019-01-14,74.800,74.865,74.780,74.780,10851.000,69.080
2019-01-11,74.856,74.905,74.802,74.830,43125.000,69.127
2019-01-10,74.815,74.825,74.680,74.715,8013.000,69.020
2019-01-09,74.760,74.830,74.710,74.830,6877.000,69.127
2019-01-08,74.730,74.750,74.620,74.620,15022.000,68.933
2019-01-07,74.950,74.950,74.730,74.730,11520.000,69.034
2019-01-04,74.900,74.970,74.850,74.910,13824.000,69.201
2019-01-03,74.950,75.140,74.900,75.050,10041.000,69.330
2019-01-02,74.880,74.960,74.880,74.960,52551.000,69.247
2018-12-31,74.650,74.850,74.629,74.789,33278.000,69.088
2018-12-28,74.610,74.690,74.548,74.615,32250.000,68.928
2018-12-27,74.530,74.750,74.530,74.650,17017.000,68.960
2018-12-26,74.630,74.630,74.450,74.470,10949.000,68.794
2018-12-24,74.620,74.620,74.506,74.540,20697.000,68.859
2018-12-21,75.460,75.460,75.333,75.350,45029.000,68.798
2018-12-20,75.510,75.560,75.400,75.470,43781.000,68.908
2018-12-19,75.370,75.530,75.370,75.480,30901.000,68.917
2018-12-18,75.240,75.390,75.230,75.380,64429.000,68.826
2018-12-17,75.090,75.250,75.090,75.250,23473.000,68.707
2018-12-14,75.150,75.210,75.115,75.165,42675.000,68.629
2018-12-13,75.000,75.110,75.000,75.090,7051.000,68.561
2018-12-12,75.020,75.080,75.020,75.035,21514.000,68.511
2018-12-11,75.010,75.180,75.010,75.115,11772.000,68.584
2018-12-10,75.100,75.140,74.990,75.120,20601.000,68.588
2018-12-07,74.970,75.070,74.921,75.070,9767.000,68.542
2018-12-06,75.050,75.060,74.937,74.937,15525.000,68.421
2018-12-04,74.800,74.918,74.780,74.860,12478.000,68.351
2018-12-03,74.610,74.700,74.610,74.655,28024.000,68.164
2018-11-30,74.730,74.730,74.695,74.700,27412.000,68.090
2018-11-29,74.720,74.720,74.620,74.670,14914.000,68.064
2018-11-28,74.590,74.660,74.545,74.600,15155.000,68.000
2018-11-27,74.600,74.630,74.560,74.599,11517.000,67.999
2018-11-26,74.570,74.570,74.520,74.540,20132.000,67.945
2018-11-23,74.530,74.600,74.530,74.580,4477.000,67.981
2018-11-21,74.510,74.530,74.480,74.530,163376.000,67.936
2018-11-20,74.490,74.500,74.460,74.479,24086.000,67.890
2018-11-19,74.500,74.500,74.460,74.485,96718.000,67.895
2018-11-16,74.470,74.490,74.460,74.470,48216.000,67.881
2018-11-15,74.393,74.440,74.375,74.375,3439.000,67.795
2018-11-14,74.330,74.355,74.275,74.355,13422.000,67.776
2018-11-13,74.380,74.380,74.320,74.330,8873.000,67.754
2018-11-12,74.440,74.440,74.352,74.352,3951.000,67.773
2018-11-09,74.100,74.300,74.100,74.280,7709.000,67.708
2018-11-08,74.270,74.270,74.170,74.170,2015.000,67.608
2018-11-07,74.255,74.255,74.210,74.220,2087.000,67.653
2018-11-06,74.280,74.280,74.205,74.210,6715.000,67.644
2018-11-05,74.200,74.260,74.195,74.225,2133.000,67.658
2018-11-02,74.290,74.290,74.180,74.182,5799.000,67.619
2018-11-01,74.330,74.330,74.300,74.310,1189.000,67.735
2018-10-31,74.480,74.480,74.420,74.430,17480.000,67.730
2018-10-30,74.580,74.580,74.460,74.460,2139.000,67.757
2018-10-29,74.520,74.640,74.520,74.640,8266.000,67.921
2018-10-26,74.664,74.716,74.630,74.670,19342.000,67.948
2018-10-25,74.450,74.510,74.440,74.495,3321.000,67.789
2018-10-24,74.480,74.510,74.480,74.505,6484.000,67.798
2018-10-23,74.350,74.440,74.350,74.440,6375.000,67.739
2018-10-22,74.290,74.315,74.270,74.290,9690.000,67.602
2018-10-19,74.295,74.300,74.280,74.290,5178.000,67.602
2018-10-18,74.310,74.360,74.190,74.335,5508.000,67.643
2018-10-17,74.420,74.420,74.320,74.320,9675.000,67.630
2018-10-16,74.350,74.360,74.300,74.350,7793.000,67.657
2018-10-15,74.360,74.360,74.280,74.290,6009.000,67.602
2018-10-12,74.290,74.349,74.220,74.300,7871.000,67.611
2018-10-11,74.250,74.290,74.175,74.270,12650.000,67.584
2018-10-10,74.080,74.120,74.030,74.120,13314.000,67.448
2018-10-09,74.100,74.135,74.080,74.135,4607.000,67.461
2018-10-08,74.180,74.180,74.050,74.090,5951.000,67.420
2018-10-05,74.180,74.180,74.020,74.050,11478.000,67.384
2018-10-04,74.320,74.320,74.200,74.225,14869.000,67.543
2018-10-03,74.620,74.620,74.352,74.380,14535.000,67.684
2018-10-02,74.570,74.650,74.570,74.650,8339.000,67.930
2018-10-01,74.600,74.600,74.550,74.550,11682.000,67.839
2018-09-28,74.860,74.860,74.775,74.784,12206.000,67.945
2018-09-27,74.800,74.810,74.730,74.810,14546.000,67.968
2018-09-26,74.750,74.766,74.670,74.755,10926.000,67.918
2018-09-25,74.640,74.640,74.570,74.600,19144.000,67.778
2018-09-24,74.720,74.720,74.650,74.650,28116.000,67.823
2018-09-21,74.810,74.810,74.750,74.770,23145.000,67.932
2018-09-20,74.700,74.770,74.670,74.742,18788.000,67.907
2018-09-19,74.780,74.780,74.665,74.698,24594.000,67.867
2018-09-18,74.910,74.910,74.790,74.795,17420.000,67.955
2018-09-17,74.890,74.930,74.850,74.895,26918.000,68.046
2018-09-14,74.930,74.930,74.870,74.880,32996.000,68.032
2018-09-13,75.070,75.070,74.970,74.970,24309.000,68.114
2018-09-12,74.970,75.000,74.970,74.975,33557.000,68.118
2018-09-11,74.990,74.990,74.880,74.925,99696.000,68.073
2018-09-10,75.000,75.040,74.950,74.995,57187.000,68.137
2018-09-07,75.050,75.050,74.935,74.960,60351.000,68.105
