Date,Open,High,Low,Close,Volume,Adj Close,,2022-04-13
2022-04-13,98.500,105.050,97.990,104.560,3633998.000,104.560
2022-04-12,103.520,105.410,97.630,98.760,3658214.000,98.760
2022-04-11,100.240,102.875,97.180,101.710,3262181.000,101.710
2022-04-08,101.840,104.940,100.590,101.950,3902514.000,101.950
2022-04-07,102.240,105.498,100.010,102.720,4207327.000,102.720
2022-04-06,105.650,105.940,100.810,102.700,5946335.000,102.700
2022-04-05,111.300,113.000,106.380,107.370,4102307.000,107.370
2022-04-04,109.640,113.670,108.700,112.280,3468923.000,112.280
2022-04-01,107.000,111.470,106.700,108.630,4242443.000,108.630
2022-03-31,107.080,109.899,105.650,107.120,4000289.000,107.120
2022-03-30,109.260,111.740,106.630,107.950,4429001.000,107.950
2022-03-29,106.470,111.990,104.100,111.240,6306551.000,111.240
2022-03-28,100.900,105.050,98.810,104.670,5170024.000,104.670
2022-03-25,104.220,104.460,98.370,100.450,5987199.000,100.450
2022-03-24,101.090,104.700,98.139,104.550,6654303.000,104.550
2022-03-23,98.170,102.610,94.725,100.170,6228842.000,100.170
2022-03-22,94.120,102.050,94.000,99.450,5823077.000,99.450
2022-03-21,94.210,100.060,93.010,95.860,7934793.000,95.860
2022-03-18,88.280,96.970,88.270,95.510,11741470.000,95.510
2022-03-17,82.740,88.040,82.250,87.260,6891514.000,87.260
2022-03-16,78.350,83.460,77.770,83.170,10955137.000,83.170
2022-03-15,73.300,77.190,72.520,76.640,8366228.000,76.640
2022-03-14,73.170,75.735,71.790,73.240,11239907.000,73.240
2022-03-11,76.700,77.810,71.000,75.010,44966816.000,75.010
2022-03-10,94.910,96.000,91.920,93.880,11519626.000,93.880
2022-03-09,95.950,100.240,95.490,98.050,5176835.000,98.050
2022-03-08,95.000,96.960,90.900,91.980,5917077.000,91.980
2022-03-07,102.270,103.740,95.049,95.060,6580996.000,95.060
2022-03-04,108.700,110.366,101.200,101.380,5272745.000,101.380
2022-03-03,115.900,115.900,107.500,108.660,3760018.000,108.660
2022-03-02,117.960,118.150,109.520,114.400,4833675.000,114.400
2022-03-01,117.550,123.500,117.020,117.900,3841256.000,117.900
2022-02-28,114.540,118.920,114.150,118.430,4859188.000,118.430
2022-02-25,114.445,115.220,109.690,115.070,3924284.000,115.070
2022-02-24,101.120,113.980,100.000,113.560,4761055.000,113.560
2022-02-23,112.010,112.340,106.310,106.350,2576846.000,106.350
2022-02-22,108.040,114.500,108.020,110.990,3969296.000,110.990
2022-02-18,115.000,116.110,109.280,110.280,4304302.000,110.280
2022-02-17,118.610,120.610,114.190,115.000,3190559.000,115.000
2022-02-16,123.150,123.920,118.510,120.140,3459780.000,120.140
2022-02-15,123.600,125.930,121.350,125.570,1952563.000,125.570
2022-02-14,122.630,125.110,120.410,120.780,2628676.000,120.780
2022-02-11,127.400,129.050,121.180,122.480,2905144.000,122.480
2022-02-10,124.500,131.907,123.200,127.220,3967215.000,127.220
2022-02-09,123.905,128.280,121.600,128.160,3712223.000,128.160
2022-02-08,117.140,122.360,116.500,121.870,3186079.000,121.870
2022-02-07,118.510,123.340,118.140,118.410,3041585.000,118.410
2022-02-04,114.430,119.870,113.850,118.460,3661369.000,118.460
2022-02-03,118.060,120.290,113.740,114.240,3351428.000,114.240
2022-02-02,127.290,127.290,120.060,121.570,3663955.000,121.570
2022-02-01,127.590,128.294,123.560,127.500,2688254.000,127.500
2022-01-31,118.250,125.920,118.000,125.770,4267970.000,125.770
2022-01-28,111.970,117.470,109.520,117.290,3907477.000,117.290
2022-01-27,116.377,119.670,110.290,110.690,5482634.000,110.690
2022-01-26,121.890,123.690,113.210,114.330,5579760.000,114.330
2022-01-25,120.000,122.210,114.550,117.800,5011808.000,117.800
2022-01-24,111.590,122.230,108.060,121.830,9041126.000,121.830
2022-01-21,122.449,122.960,115.520,116.130,6696993.000,116.130
2022-01-20,129.280,132.880,123.710,124.440,3399934.000,124.440
2022-01-19,127.810,132.050,126.690,126.990,3104986.000,126.990
2022-01-18,128.000,131.850,125.200,127.310,3623448.000,127.310
2022-01-14,128.300,133.460,127.100,130.440,3910070.000,130.440
2022-01-13,139.400,139.470,130.550,130.590,3668511.000,130.590
2022-01-12,142.910,145.940,137.580,139.250,3756321.000,139.250
2022-01-11,137.680,145.930,136.798,142.130,5503372.000,142.130
2022-01-10,133.511,136.500,126.911,136.230,7181070.000,136.230
2022-01-07,140.485,144.730,135.120,135.930,6221187.000,135.930
2022-01-06,142.050,147.050,139.450,143.100,5968947.000,143.100
2022-01-05,150.260,153.490,143.530,144.170,6104538.000,144.170
2022-01-04,155.100,156.410,147.567,154.440,6265165.000,154.440
2022-01-03,152.350,157.370,147.460,157.010,3728912.000,157.010
2021-12-31,154.000,156.740,152.170,152.310,2194111.000,152.310
2021-12-30,151.920,157.790,150.120,155.160,2959869.000,155.160
2021-12-29,152.380,153.260,148.260,152.480,2488083.000,152.480
2021-12-28,156.890,156.930,151.770,152.390,2631009.000,152.390
2021-12-27,154.990,159.730,154.420,156.520,3540797.000,156.520
2021-12-23,153.170,158.150,151.380,157.010,3267508.000,157.010
2021-12-22,153.591,155.735,150.915,153.850,3544336.000,153.850
2021-12-21,148.760,155.270,147.115,154.240,3816339.000,154.240
2021-12-20,154.510,158.630,147.130,148.060,5419191.000,148.060
2021-12-17,148.725,155.990,146.180,155.370,8357200.000,155.370
2021-12-16,145.850,150.900,145.010,150.010,8039785.000,150.010
2021-12-15,145.000,152.371,143.480,151.070,7449630.000,151.070
2021-12-14,137.723,146.160,136.359,144.460,7689704.000,144.460
2021-12-13,143.880,146.480,139.560,139.770,5870774.000,139.770
2021-12-10,148.250,152.930,142.620,144.480,7906582.000,144.480
2021-12-09,155.265,163.770,147.700,149.370,17125238.000,149.370
2021-12-08,141.136,154.990,139.620,153.740,18746056.000,153.740
2021-12-07,147.500,148.800,138.510,138.600,16190552.000,138.600
2021-12-06,135.640,146.060,132.980,143.880,23242174.000,143.880
2021-12-03,154.800,155.400,131.510,135.090,76138919.000,135.090
2021-12-02,230.950,235.990,227.470,233.820,8062694.000,233.820
2021-12-01,248.080,249.640,230.370,230.790,2235188.000,230.790
2021-11-30,252.520,255.400,243.780,246.360,1972436.000,246.360
2021-11-29,250.320,252.660,245.520,251.500,1725696.000,251.500
2021-11-26,257.475,257.475,247.660,249.630,1692136.000,249.630
2021-11-24,241.040,243.700,233.330,243.470,1627359.000,243.470
2021-11-23,241.420,246.985,237.330,242.650,2172080.000,242.650
2021-11-22,262.010,262.360,244.500,247.750,2633700.000,247.750
2021-11-19,267.925,275.540,263.110,263.340,1265661.000,263.340
2021-11-18,267.750,268.000,261.615,264.180,1019560.000,264.180
2021-11-17,267.840,272.960,265.321,267.120,1351607.000,267.120
2021-11-16,263.410,268.960,261.317,267.740,1433686.000,267.740
2021-11-15,266.095,267.590,262.500,263.710,1801468.000,263.710
2021-11-12,259.000,265.620,258.000,264.660,2036972.000,264.660
2021-11-11,257.390,260.200,254.290,254.550,1533715.000,254.550
2021-11-10,273.610,274.530,253.305,255.660,3665819.000,255.660
2021-11-09,275.260,279.512,273.250,275.170,1054581.000,275.170
2021-11-08,267.890,275.900,266.850,273.910,2287386.000,273.910
2021-11-05,280.540,281.330,265.260,267.490,2777866.000,267.490
2021-11-04,283.210,288.135,282.680,284.110,905821.000,284.110
2021-11-03,283.020,283.940,278.245,283.210,893338.000,283.210
2021-11-02,279.030,282.480,277.620,281.860,1458182.000,281.860
2021-11-01,277.270,279.130,274.520,277.960,927491.000,277.960
2021-10-29,275.880,280.090,274.825,278.290,1218280.000,278.290
2021-10-28,274.500,276.900,266.810,275.910,1651898.000,275.910
2021-10-27,282.000,285.000,277.680,277.960,1387976.000,277.960
2021-10-26,281.570,288.500,279.210,280.580,1883028.000,280.580
2021-10-25,275.580,279.940,273.900,277.860,970333.000,277.860
2021-10-22,280.810,281.390,273.050,274.730,1541317.000,274.730
2021-10-21,270.850,280.790,270.780,279.870,2565304.000,279.870
2021-10-20,275.000,277.490,268.080,271.260,1201163.000,271.260
2021-10-19,272.000,276.510,270.360,272.890,1772407.000,272.890
2021-10-18,261.350,269.910,261.290,269.700,1633858.000,269.700
2021-10-15,261.950,262.338,258.120,260.470,1220418.000,260.470
2021-10-14,263.010,268.185,260.660,261.170,1556974.000,261.170
2021-10-13,258.480,260.650,255.510,259.310,2388462.000,259.310
2021-10-12,261.990,262.000,250.118,254.690,3437322.000,254.690
2021-10-11,261.980,265.500,259.030,261.500,949639.000,261.500
2021-10-08,268.820,269.990,261.750,263.030,2037107.000,263.030
2021-10-07,266.910,271.940,265.000,267.830,2043428.000,267.830
2021-10-06,253.770,265.230,253.620,265.120,3326568.000,265.120
2021-10-05,248.000,257.080,247.580,256.200,2491264.000,256.200
2021-10-04,255.150,255.240,241.952,246.570,3048599.000,246.570
2021-10-01,257.000,259.410,253.295,257.770,1559843.000,257.770
2021-09-30,257.955,261.360,257.350,257.430,1494677.000,257.430
2021-09-29,257.240,261.005,255.580,256.890,2088614.000,256.890
2021-09-28,260.000,260.000,253.030,259.000,3022892.000,259.000
2021-09-27,268.500,268.655,262.120,263.820,1994256.000,263.820
2021-09-24,271.850,273.050,267.350,272.370,1176345.000,272.370
2021-09-23,275.210,277.380,273.410,273.700,1401806.000,273.700
2021-09-22,271.005,275.680,268.047,274.040,1384543.000,274.040
2021-09-21,273.136,274.305,267.960,271.160,2083984.000,271.160
2021-09-20,270.890,276.100,267.150,271.290,2761708.000,271.290
2021-09-17,277.000,278.670,273.890,277.740,4051470.000,277.740
2021-09-16,273.640,277.110,271.970,277.100,2746070.000,277.100
2021-09-15,269.360,273.900,263.890,273.650,3659092.000,273.650
2021-09-14,271.850,272.943,267.060,267.980,2552451.000,267.980
2021-09-13,277.980,277.980,268.223,271.220,2982114.000,271.220
2021-09-10,283.792,285.620,276.230,277.150,2339210.000,277.150
2021-09-09,282.030,284.713,279.290,281.310,2454684.000,281.310
2021-09-08,292.750,294.370,280.675,281.640,4051335.000,281.640
2021-09-07,310.700,311.680,290.770,291.500,5159474.000,291.500
2021-09-03,296.045,314.700,295.980,310.050,9922234.000,310.050
2021-09-02,297.000,297.220,290.500,294.570,3797554.000,294.570
2021-09-01,296.343,299.170,294.000,297.220,1641647.000,297.220
2021-08-31,295.140,299.844,291.299,296.240,2419298.000,296.240
2021-08-30,304.690,308.740,301.320,303.640,1428443.000,303.640
2021-08-27,297.980,302.680,296.000,300.760,1260812.000,300.760
2021-08-26,299.796,303.760,294.960,295.150,1050744.000,295.150
2021-08-25,294.590,299.780,292.990,298.900,1526487.000,298.900
2021-08-24,295.470,296.331,291.170,293.990,1379769.000,293.990
2021-08-23,287.010,296.000,285.680,290.890,2118655.000,290.890
2021-08-20,288.540,289.650,284.510,286.000,1431227.000,286.000
2021-08-19,283.570,291.390,283.395,286.840,2048604.000,286.840
2021-08-18,286.920,288.610,284.080,284.810,955064.000,284.810
2021-08-17,285.000,289.930,281.280,285.580,1137480.000,285.580
2021-08-16,296.230,296.360,282.110,286.750,1552977.000,286.750
2021-08-13,296.010,299.270,293.620,295.970,851253.000,295.970
2021-08-12,290.367,300.090,290.367,295.540,1072377.000,295.540
2021-08-11,303.000,303.490,290.690,293.060,1885710.000,293.060
2021-08-10,308.000,314.760,300.500,301.440,2029054.000,301.440
2021-08-09,302.500,307.520,299.485,306.500,1061162.000,306.500
2021-08-06,304.160,307.950,298.930,302.630,1017223.000,302.630
2021-08-05,302.000,308.800,299.330,305.610,1763458.000,305.610
2021-08-04,293.350,302.161,293.070,301.970,1662227.000,301.970
2021-08-03,293.810,299.840,289.350,292.660,1453937.000,292.660
2021-08-02,299.800,299.800,288.368,295.100,2002952.000,295.100
2021-07-30,297.180,302.585,296.100,298.040,1406998.000,298.040
2021-07-29,302.240,308.490,299.750,301.180,1472981.000,301.180
2021-07-28,303.030,307.374,299.180,304.820,1107604.000,304.820
2021-07-27,302.800,306.944,295.063,302.040,1724280.000,302.040
2021-07-26,305.380,308.290,302.500,305.770,1391736.000,305.770
2021-07-23,307.020,310.290,305.110,308.500,1594381.000,308.500
2021-07-22,303.460,310.506,303.170,308.000,1945151.000,308.000
2021-07-21,300.989,304.950,294.210,302.810,2247937.000,302.810
2021-07-20,291.600,306.000,290.500,301.270,4394300.000,301.270
2021-07-19,281.430,291.660,277.904,289.480,3080810.000,289.480
2021-07-16,280.950,283.594,277.789,282.050,1914663.000,282.050
2021-07-15,274.680,279.740,270.410,277.010,3528072.000,277.010
2021-07-14,285.040,285.980,274.020,275.430,1707179.000,275.430
2021-07-13,288.460,288.550,281.830,283.680,1496196.000,283.680
2021-07-12,290.380,298.750,287.020,288.100,1978002.000,288.100
2021-07-09,287.500,290.000,285.050,288.020,1497077.000,288.020
2021-07-08,280.640,291.890,279.500,288.740,2346603.000,288.740
2021-07-07,292.000,293.650,285.610,288.940,3136657.000,288.940
2021-07-06,279.000,293.610,277.160,288.180,3438654.000,288.180
2021-07-02,279.603,283.000,277.210,278.820,1232190.000,278.820
2021-07-01,278.630,280.630,275.140,278.090,1359640.000,278.090
2021-06-30,284.000,286.510,279.345,279.570,1771428.000,279.570
2021-06-29,282.580,284.990,279.500,284.480,1989853.000,284.480
2021-06-28,279.102,285.350,279.102,284.150,1740286.000,284.150
2021-06-25,277.940,279.420,274.600,279.200,2186684.000,279.200
2021-06-24,276.450,282.545,275.640,276.720,2249463.000,276.720
2021-06-23,276.767,279.900,273.030,274.800,2691435.000,274.800
2021-06-22,269.990,279.055,269.000,277.270,3149920.000,277.270
2021-06-21,268.810,273.890,265.500,270.020,2581514.000,270.020
2021-06-18,261.190,275.840,261.190,274.430,6098964.000,274.430
2021-06-17,250.000,261.489,249.000,260.610,3478469.000,260.610
2021-06-16,251.000,255.800,248.050,253.070,3203109.000,253.070
2021-06-15,253.990,254.500,247.870,250.480,2870781.000,250.480
2021-06-14,253.060,261.000,250.580,257.260,4533881.000,257.260
2021-06-11,243.010,253.140,242.480,253.010,3922676.000,253.010
2021-06-10,237.575,243.490,235.110,243.080,3043279.000,243.080
2021-06-09,241.000,242.880,237.370,237.750,3168736.000,237.750
2021-06-08,240.000,246.800,239.681,242.320,4348658.000,242.320
2021-06-07,231.010,244.650,230.735,240.970,10106610.000,240.970
2021-06-04,209.935,234.890,209.935,233.240,18401249.000,233.240
2021-06-03,197.850,198.460,193.660,194.750,2960168.000,194.750
2021-06-02,201.092,202.870,198.772,200.530,1406374.000,200.530
2021-06-01,202.100,203.081,196.710,200.380,1856298.000,200.380
2021-05-28,200.980,204.290,200.000,201.620,1850712.000,201.620
2021-05-27,196.270,200.350,192.462,199.400,2878318.000,199.400
2021-05-26,197.495,199.780,196.430,197.360,2181594.000,197.360
2021-05-25,196.490,196.880,193.490,195.680,1923364.000,195.680
2021-05-24,196.000,198.370,194.570,195.550,1702958.000,195.550
2021-05-21,198.940,199.297,192.930,193.750,2231940.000,193.750
2021-05-20,190.470,197.410,189.520,195.490,3030020.000,195.490
2021-05-19,184.490,189.900,183.090,189.490,1711181.000,189.490
2021-05-18,187.030,192.580,186.205,188.910,2250950.000,188.910
2021-05-17,186.370,188.000,182.455,186.510,1456299.000,186.510
2021-05-14,181.570,187.508,181.220,187.080,2037709.000,187.080
2021-05-13,190.100,191.600,179.490,180.160,3821302.000,180.160
2021-05-12,191.050,192.790,184.595,187.790,2575038.000,187.790
2021-05-11,181.540,196.720,180.550,195.980,3726290.000,195.980
2021-05-10,193.990,194.703,189.140,190.000,2337277.000,190.000
2021-05-07,196.222,201.500,194.330,195.280,3284375.000,195.280
2021-05-06,196.044,196.460,187.590,193.620,4610711.000,193.620
2021-05-05,205.650,205.950,195.430,196.470,3694754.000,196.470
2021-05-04,212.080,212.980,202.450,204.310,4642514.000,204.310
2021-05-03,224.030,224.030,213.790,215.100,1843645.000,215.100
2021-04-30,221.090,228.360,220.620,222.940,1289102.000,222.940
2021-04-29,232.890,232.890,221.500,224.590,1622743.000,224.590
2021-04-28,227.425,236.107,227.164,232.300,1584904.000,232.300
2021-04-27,234.010,234.730,228.500,230.020,1355614.000,230.020
2021-04-26,225.400,234.440,223.681,234.360,2255580.000,234.360
2021-04-23,222.850,226.880,222.695,224.840,1432234.000,224.840
2021-04-22,218.930,227.990,218.930,221.690,2074147.000,221.690
2021-04-21,218.360,220.779,215.510,219.360,1621547.000,219.360
2021-04-20,222.800,225.860,218.390,219.430,1432378.000,219.430
2021-04-19,229.470,231.630,222.100,223.300,1899193.000,223.300
2021-04-16,232.782,234.000,228.550,231.930,1889004.000,231.930
2021-04-15,229.000,233.690,226.800,233.200,2843657.000,233.200
2021-04-14,225.573,227.580,223.640,225.360,4814323.000,225.360
2021-04-13,216.870,229.210,216.400,223.640,4287282.000,223.640
2021-04-12,210.010,215.660,209.220,213.480,1575699.000,213.480
2021-04-09,210.960,213.350,207.620,212.970,2121854.000,212.970
2021-04-08,209.550,213.290,208.310,212.280,2775809.000,212.280
2021-04-07,206.000,208.516,204.300,205.710,1595014.000,205.710
2021-04-06,205.273,209.480,203.350,205.710,1894850.000,205.710
2021-04-05,208.000,208.380,202.300,205.650,1717054.000,205.650
2021-04-01,205.300,210.490,205.290,206.290,2251863.000,206.290
2021-03-31,199.760,204.820,197.390,202.450,2162252.000,202.450
2021-03-30,194.250,198.010,192.020,196.940,2201908.000,196.940
2021-03-29,201.884,202.610,193.400,197.400,1984205.000,197.400
2021-03-26,200.150,204.440,195.114,201.960,2150550.000,201.960
2021-03-25,193.890,202.800,192.500,200.290,3432270.000,200.290
2021-03-24,209.000,209.000,198.020,198.460,2856657.000,198.460
2021-03-23,208.140,209.800,206.110,207.960,1661163.000,207.960
2021-03-22,205.360,208.750,203.720,207.430,2423179.000,207.430
2021-03-19,204.800,207.510,199.550,205.670,3476100.000,205.670
2021-03-18,209.000,209.160,204.450,204.800,3417855.000,204.800
2021-03-17,208.060,215.700,204.894,213.340,3015140.000,213.340
2021-03-16,221.680,224.530,210.160,211.180,3192881.000,211.180
2021-03-15,209.760,220.480,209.760,220.080,3905083.000,220.080
2021-03-12,215.900,216.860,207.690,210.340,9276632.000,210.340
2021-03-11,220.990,226.300,215.570,225.220,5185237.000,225.220
2021-03-10,219.840,221.650,210.100,212.670,3170061.000,212.670
2021-03-09,203.470,214.530,201.885,213.220,4404842.000,213.220
2021-03-08,203.540,208.470,191.590,192.840,3949999.000,192.840
2021-03-05,212.510,213.290,188.910,204.310,6785158.000,204.310
2021-03-04,219.260,223.980,205.764,210.620,5089150.000,210.620
2021-03-03,232.090,232.590,216.160,219.640,3671174.000,219.640
2021-03-02,245.249,246.110,231.400,232.590,3216555.000,232.590
2021-03-01,233.370,240.930,229.370,238.560,5143257.000,238.560
2021-02-26,225.000,228.560,219.150,226.660,7401012.000,226.660
2021-02-25,239.370,242.490,223.702,225.730,4535458.000,225.730
2021-02-24,240.640,243.000,234.460,239.660,3427780.000,239.660
2021-02-23,231.220,245.200,222.220,243.600,4459009.000,243.600
2021-02-22,258.220,259.580,240.220,243.510,4586365.000,243.510
2021-02-19,262.270,269.910,262.043,265.160,2167512.000,265.160
2021-02-18,252.480,263.450,248.690,260.990,2047267.000,260.990
2021-02-17,259.318,262.210,248.800,254.980,2371820.000,254.980
2021-02-16,262.950,275.460,259.510,264.690,4382078.000,264.690
2021-02-12,255.450,263.490,251.742,263.300,2124028.000,263.300
2021-02-11,257.760,259.038,253.810,256.270,1382879.000,256.270
2021-02-10,257.540,261.755,250.480,255.250,2223915.000,255.250
2021-02-09,249.920,256.958,249.010,255.820,2010216.000,255.820
2021-02-08,252.308,256.200,247.799,248.900,2039856.000,248.900
2021-02-05,246.663,251.000,244.770,250.370,2557395.000,250.370
2021-02-04,238.500,247.000,236.620,246.010,2808926.000,246.010
2021-02-03,243.450,243.550,235.150,236.830,1875469.000,236.830
2021-02-02,234.490,242.080,232.500,239.840,3043827.000,239.840
2021-02-01,233.250,234.470,224.670,230.140,3224249.000,230.140
2021-01-29,233.150,235.640,228.025,232.890,1999323.000,232.890
2021-01-28,231.200,237.870,228.000,234.140,3047876.000,234.140
2021-01-27,232.352,232.850,222.660,225.190,3787305.000,225.190
2021-01-26,244.400,245.980,233.700,235.110,2746035.000,235.110
2021-01-25,257.910,260.000,236.680,244.400,4198921.000,244.400
2021-01-22,253.020,257.125,250.880,255.150,1479047.000,255.150
2021-01-21,257.680,257.680,251.650,253.940,1495684.000,253.940
2021-01-20,260.820,262.470,253.695,255.310,2788219.000,255.310
2021-01-19,251.800,260.380,251.640,256.570,3117730.000,256.570
2021-01-15,251.350,256.440,246.890,249.280,2512615.000,249.280
2021-01-14,256.880,258.270,247.770,250.250,2717821.000,250.250
2021-01-13,260.000,262.310,252.918,255.850,4417351.000,255.850
2021-01-12,245.570,263.000,245.420,262.650,7698788.000,262.650
2021-01-11,241.000,244.980,237.180,240.960,1372716.000,240.960
2021-01-08,241.600,246.390,240.780,244.540,3334887.000,244.540
2021-01-07,228.540,239.790,227.900,239.030,4093397.000,239.030
2021-01-06,222.880,228.293,218.550,223.850,2891771.000,223.850
2021-01-05,226.940,233.800,224.030,228.500,4460919.000,228.500
2021-01-04,222.390,224.625,216.500,222.410,2757674.000,222.410
2020-12-31,225.300,225.990,220.600,222.300,2209644.000,222.300
2020-12-30,229.000,230.140,224.300,225.900,2074472.000,225.900
2020-12-29,232.970,233.140,226.800,228.160,2684386.000,228.160
2020-12-28,245.190,246.880,228.370,229.200,3294065.000,229.200
2020-12-24,245.000,250.300,243.500,244.930,1024485.000,244.930
2020-12-23,252.000,252.480,242.612,244.050,2062043.000,244.050
2020-12-22,250.000,252.790,243.800,251.600,3069322.000,251.600
2020-12-21,242.890,249.900,239.410,248.000,3015880.000,248.000
2020-12-18,248.430,249.250,238.510,241.000,4231034.000,241.000
2020-12-17,238.950,247.740,238.070,247.000,3566152.000,247.000
2020-12-16,234.294,239.700,233.260,237.080,2132150.000,237.080
2020-12-15,229.535,237.740,228.195,233.700,3334598.000,233.700
2020-12-14,224.850,228.790,222.700,228.330,2373414.000,228.330
2020-12-11,223.000,228.205,220.930,225.490,2471336.000,225.490
2020-12-10,217.330,227.500,216.000,222.590,3117459.000,222.590
2020-12-09,232.100,234.000,219.710,220.970,4758619.000,220.970
2020-12-08,235.220,237.500,228.664,234.820,4608742.000,234.820
2020-12-07,241.000,241.810,232.270,232.520,6155010.000,232.520
2020-12-04,244.831,256.000,240.200,243.220,19048083.000,243.220
2020-12-03,221.680,236.240,218.754,231.010,10982206.000,231.010
2020-12-02,213.341,219.900,209.110,217.700,3054920.000,217.700
2020-12-01,222.000,223.000,210.960,215.710,5151365.000,215.710
2020-11-30,228.320,233.880,218.950,227.880,3775622.000,227.880
2020-11-27,226.520,226.910,221.210,226.870,1703008.000,226.870
2020-11-25,218.440,224.540,218.270,224.150,1888115.000,224.150
2020-11-24,215.000,217.700,212.500,217.200,2313878.000,217.200
2020-11-23,220.260,221.370,213.560,217.170,2436401.000,217.170
2020-11-20,220.600,226.390,219.120,221.590,2340592.000,221.590
2020-11-19,214.150,222.850,214.150,219.700,2417416.000,219.700
2020-11-18,212.392,216.799,209.000,214.320,2654569.000,214.320
2020-11-17,210.000,214.180,207.920,211.910,1941017.000,211.910
2020-11-16,200.680,208.875,199.680,208.130,2461489.000,208.130
2020-11-13,212.610,213.250,204.000,205.700,2726283.000,205.700
2020-11-12,211.000,214.500,209.090,212.620,3009675.000,212.620
2020-11-11,202.370,209.390,200.122,208.550,3660872.000,208.550
2020-11-10,201.840,203.885,185.359,198.310,8821627.000,198.310
2020-11-09,216.014,216.014,197.200,197.600,11684542.000,197.600
2020-11-06,234.090,235.650,227.000,231.690,2384415.000,231.690
2020-11-05,236.600,246.000,232.700,236.770,4355341.000,236.770
2020-11-04,217.990,235.340,217.700,235.010,5728261.000,235.010
2020-11-03,201.050,209.142,199.570,208.430,2300632.000,208.430
2020-11-02,204.210,204.649,196.010,201.560,3330600.000,201.560
2020-10-30,210.500,210.910,200.230,202.250,3985768.000,202.250
2020-10-29,221.650,223.900,213.470,213.650,2118970.000,213.650
2020-10-28,220.520,222.800,215.120,218.250,2078685.000,218.250
2020-10-27,224.440,225.240,219.190,222.185,1877248.000,222.185
2020-10-26,218.000,227.280,215.630,220.170,2982805.000,220.170
2020-10-23,215.380,219.970,211.280,219.820,2177627.000,219.820
2020-10-22,220.000,221.020,211.000,214.800,3458647.000,214.800
2020-10-21,228.390,232.000,217.720,218.120,2909786.000,218.120
2020-10-20,229.560,231.690,227.100,227.800,2133800.000,227.800
2020-10-19,237.070,238.470,227.560,228.410,2981131.000,228.410
2020-10-16,242.290,243.705,234.160,234.600,2557603.000,234.600
2020-10-15,232.280,240.970,230.650,240.450,3201839.000,240.450
2020-10-14,244.990,246.800,233.000,237.100,5139483.000,237.100
2020-10-13,233.970,240.000,233.450,238.210,3373320.000,238.210
2020-10-12,229.500,234.000,228.290,231.860,3689965.000,231.860
2020-10-09,222.900,228.860,221.340,225.600,4329391.000,225.600
2020-10-08,226.080,226.900,218.120,220.390,3980682.000,220.390
2020-10-07,224.520,226.850,221.890,224.050,3474699.000,224.050
2020-10-06,227.580,228.300,218.550,221.200,4659549.000,221.200
2020-10-05,228.050,236.370,223.820,225.920,7636194.000,225.920
2020-10-02,219.000,227.200,217.700,218.270,5194838.000,218.270
2020-10-01,218.800,224.230,218.250,222.260,4946535.000,222.260
2020-09-30,212.000,218.430,210.110,215.240,3881712.000,215.240
2020-09-29,214.160,217.020,211.805,212.930,3228439.000,212.930
2020-09-28,213.120,216.800,209.930,213.240,3944598.000,213.240
2020-09-25,206.440,213.110,204.660,212.360,3449706.000,212.360
2020-09-24,208.510,209.550,199.330,203.850,4979720.000,203.850
2020-09-23,210.510,219.280,207.335,211.520,7127560.000,211.520
2020-09-22,207.560,212.490,200.750,212.130,5591944.000,212.130
2020-09-21,190.340,205.100,189.254,205.020,6454219.000,205.020
2020-09-18,195.380,195.850,188.060,194.860,7504875.000,194.860
2020-09-17,190.520,195.235,187.210,193.390,5685322.000,193.390
2020-09-16,200.430,203.520,195.010,197.010,5043403.000,197.010
2020-09-15,206.020,207.000,199.290,202.020,4497542.000,202.020
2020-09-14,200.460,204.922,196.640,202.950,5189061.000,202.950
2020-09-11,207.844,208.660,193.660,197.940,8183205.000,197.940
2020-09-10,214.300,217.250,203.526,205.950,6047407.000,205.950
2020-09-09,210.200,216.250,205.650,211.790,11243448.000,211.790
2020-09-08,206.050,214.140,202.420,205.630,11695860.000,205.630
2020-09-04,233.770,234.940,205.250,216.260,26988730.000,216.260
2020-09-03,248.610,251.900,225.162,242.010,31591160.000,242.010
2020-09-02,282.720,290.230,251.120,265.160,25428162.000,265.160
2020-09-01,240.680,271.440,237.000,268.800,20852253.000,268.800
2020-08-31,218.669,224.140,215.515,223.000,3933346.000,223.000
2020-08-28,218.050,223.825,215.100,215.240,3472057.000,215.240
2020-08-27,214.150,217.900,209.155,214.770,2419018.000,214.770
2020-08-26,209.010,218.420,207.340,214.410,3575091.000,214.410
2020-08-25,203.460,205.500,199.010,205.090,2317049.000,205.090
2020-08-24,212.570,213.440,201.554,204.490,3033047.000,204.490
2020-08-21,214.420,216.400,209.170,210.180,2965764.000,210.180
2020-08-20,207.490,215.500,206.270,214.480,2359188.000,214.480
2020-08-19,209.910,212.170,205.330,208.210,1880838.000,208.210
2020-08-18,213.490,213.530,207.688,209.470,2763874.000,209.470
2020-08-17,202.240,209.830,201.980,207.700,2561378.000,207.700
2020-08-14,201.355,204.460,197.210,199.710,1952648.000,199.710
2020-08-13,194.220,203.850,193.620,199.380,4048023.000,199.380
2020-08-12,192.650,196.880,189.120,193.300,4591084.000,193.300
2020-08-11,197.510,199.840,191.380,191.820,4488571.000,191.820
2020-08-10,206.360,207.597,193.600,198.380,5006479.000,198.380
2020-08-07,215.190,215.420,199.170,204.760,5653450.000,204.760
2020-08-06,226.750,228.500,212.060,215.680,4525320.000,215.680
2020-08-05,227.680,229.830,225.060,226.020,1964458.000,226.020
2020-08-04,225.200,229.410,221.240,227.680,2598236.000,227.680
2020-08-03,218.720,227.330,218.330,226.280,3210133.000,226.280
2020-07-31,216.880,217.700,210.346,216.830,3083330.000,216.830
2020-07-30,206.110,215.000,205.000,213.940,4382810.000,213.940
2020-07-29,198.600,210.480,198.600,209.150,4529502.000,209.150
2020-07-28,196.270,202.110,195.140,196.730,2475205.000,196.730
2020-07-27,191.650,197.800,188.710,196.270,2341787.000,196.270
2020-07-24,193.000,194.740,186.770,190.950,3984210.000,190.950
2020-07-23,204.000,208.800,196.610,198.490,3302378.000,198.490
2020-07-22,201.370,204.500,199.330,203.980,3011527.000,203.980
2020-07-21,203.820,204.870,198.292,201.030,3933330.000,201.030
2020-07-20,197.900,202.910,196.580,201.990,4301726.000,201.990
2020-07-17,191.100,196.840,188.660,196.410,3102357.000,196.410
2020-07-16,190.000,193.500,186.202,191.720,3771213.000,191.720
2020-07-15,193.930,195.200,188.340,192.830,5429597.000,192.830
2020-07-14,191.000,196.940,181.500,196.430,7466201.000,196.430
2020-07-13,211.510,211.839,185.140,190.020,9412949.000,190.020
2020-07-10,212.530,213.400,204.150,210.110,4809479.000,210.110
2020-07-09,211.500,217.000,206.590,212.420,10243562.000,212.420
2020-07-08,200.970,206.550,200.280,206.350,6248707.000,206.350
2020-07-07,191.390,202.650,189.585,197.750,6189545.000,197.750
2020-07-06,196.450,199.450,190.000,190.660,6495807.000,190.660
2020-07-02,181.000,199.490,178.515,190.990,13225067.000,190.990
2020-07-01,171.250,180.380,170.800,178.960,3770542.000,178.960
2020-06-30,172.358,174.480,169.770,172.210,3462366.000,172.210
2020-06-29,176.240,177.000,166.613,171.670,5126883.000,171.670
2020-06-26,168.770,180.451,164.220,177.580,8570630.000,177.580
2020-06-25,165.000,169.800,161.630,168.400,3364916.000,168.400
2020-06-24,167.410,172.210,163.730,163.910,5546054.000,163.910
2020-06-23,170.340,171.200,165.390,166.800,6113695.000,166.800
2020-06-22,164.330,169.850,163.490,168.300,5687705.000,168.300
2020-06-19,163.070,165.000,160.000,161.420,14150306.000,161.420
2020-06-18,161.710,163.600,160.410,162.300,5971940.000,162.300
2020-06-17,164.270,167.868,160.930,161.710,6212915.000,161.710
2020-06-16,164.940,165.080,158.184,163.050,5556502.000,163.050
2020-06-15,154.880,163.700,152.863,162.690,8193759.000,162.690
2020-06-12,152.060,155.140,146.280,150.600,3986817.000,150.600
2020-06-11,145.000,154.000,144.290,148.900,5593850.000,148.900
2020-06-10,144.500,149.940,143.660,148.050,4206335.000,148.050
2020-06-09,145.410,146.050,140.340,141.920,4231151.000,141.920
2020-06-08,136.990,147.070,135.420,146.540,4928442.000,146.540
2020-06-05,139.820,144.950,131.260,139.640,8238795.000,139.640
2020-06-04,147.750,148.640,138.540,140.060,8408814.000,140.060
2020-06-03,146.860,150.570,145.220,147.450,4485008.000,147.450
2020-06-02,151.970,152.000,141.030,147.680,7561681.000,147.680
2020-06-01,142.350,150.580,140.449,147.220,6854252.000,147.220
2020-05-29,130.030,141.430,129.900,139.740,8932583.000,139.740
2020-05-28,126.750,132.130,126.540,127.800,4279493.000,127.800
2020-05-27,126.650,127.460,118.210,126.540,4472720.000,126.540
2020-05-26,136.010,136.040,126.500,128.950,4884904.000,128.950
2020-05-22,136.170,136.180,131.640,133.000,2937603.000,133.000
2020-05-21,132.000,136.290,131.080,132.850,4853808.000,132.850
2020-05-20,130.000,134.740,127.330,128.770,4327892.000,128.770
2020-05-19,124.140,130.360,123.390,127.220,2963669.000,127.220
2020-05-18,126.780,128.460,121.610,122.920,3901600.000,122.920
2020-05-15,121.750,126.280,121.470,125.880,2596185.000,125.880
2020-05-14,118.300,123.490,117.110,122.010,3045297.000,122.010
2020-05-13,121.110,124.280,115.570,119.070,3581118.000,119.070
2020-05-12,122.000,123.790,118.120,120.260,2618811.000,120.260
2020-05-11,117.680,121.840,117.500,120.650,4240849.000,120.650
2020-05-08,118.480,120.900,115.660,116.560,3157664.000,116.560
2020-05-07,117.380,119.538,115.110,117.700,3752455.000,117.700
2020-05-06,110.880,116.000,110.880,115.490,2984154.000,115.490
2020-05-05,109.000,111.760,107.360,109.350,2006107.000,109.350
2020-05-04,103.430,108.960,103.160,107.080,2089155.000,107.080
2020-05-01,103.190,105.479,101.880,103.520,1431468.000,103.520
2020-04-30,103.590,107.850,103.294,104.750,2308325.000,104.750
2020-04-29,103.420,105.420,100.710,103.400,3220731.000,103.400
2020-04-28,109.520,111.360,103.300,103.940,2910943.000,103.940
2020-04-27,107.000,109.450,106.200,108.250,2462626.000,108.250
2020-04-24,103.250,105.440,100.115,105.070,2933961.000,105.070
2020-04-23,101.830,104.300,100.500,102.190,2624713.000,102.190
2020-04-22,100.710,102.480,98.250,101.790,2746171.000,101.790
2020-04-21,102.250,103.063,96.550,99.330,2885455.000,99.330
2020-04-20,101.370,103.450,100.600,101.800,2576869.000,101.800
2020-04-17,99.430,102.068,96.790,100.350,2906324.000,100.350
2020-04-16,102.900,105.150,99.010,100.680,4618751.000,100.680
2020-04-15,97.930,101.500,95.920,100.530,2883452.000,100.530
2020-04-14,95.690,99.650,95.040,98.430,3830286.000,98.430
2020-04-13,91.440,94.960,90.040,93.970,3264857.000,93.970
2020-04-09,89.000,91.380,86.130,90.630,3370510.000,90.630
2020-04-08,88.990,90.650,85.840,88.370,2399357.000,88.370
2020-04-07,90.910,91.040,86.010,87.970,3167885.000,87.970
2020-04-06,81.630,90.480,80.550,90.150,5594125.000,90.150
2020-04-03,84.260,85.930,78.720,79.000,4043617.000,79.000
2020-04-02,92.450,93.950,82.609,84.040,4900888.000,84.040
2020-04-01,90.820,95.630,88.750,92.090,4680821.000,92.090
2020-03-31,88.080,98.380,87.920,92.400,7084420.000,92.400
2020-03-30,83.980,89.290,83.200,88.140,4910855.000,88.140
2020-03-27,83.060,83.090,79.740,82.570,3329655.000,82.570
2020-03-26,82.020,84.820,81.271,83.660,3292662.000,83.660
2020-03-25,85.000,86.700,80.250,81.370,2700458.000,81.370
2020-03-24,88.000,88.270,84.060,85.000,4768383.000,85.000
2020-03-23,80.010,87.000,79.590,83.500,4712116.000,83.500
2020-03-20,77.000,82.060,75.305,79.700,6081575.000,79.700
2020-03-19,76.530,83.460,74.520,75.880,5673495.000,75.880
2020-03-18,66.800,77.190,65.610,76.610,4414294.000,76.610
2020-03-17,73.070,75.632,68.520,70.940,5056813.000,70.940
2020-03-16,68.880,85.750,66.120,72.310,7014971.000,72.310
2020-03-13,75.020,79.590,70.020,77.320,6006373.000,77.320
2020-03-12,68.354,71.700,64.880,68.680,4354276.000,68.680
2020-03-11,78.540,80.350,74.060,75.000,2712224.000,75.000
2020-03-10,80.000,80.000,75.300,79.820,2338799.000,79.820
2020-03-09,77.180,80.970,75.255,77.630,3110393.000,77.630
2020-03-06,87.100,87.780,81.250,84.020,2573883.000,84.020
2020-03-05,88.070,90.735,87.660,88.600,2102470.000,88.600
2020-03-04,87.480,89.550,85.870,89.550,1988432.000,89.550
2020-03-03,87.770,88.370,83.500,85.810,1965169.000,85.810
2020-03-02,87.390,88.545,84.810,87.960,2521741.000,87.960
2020-02-28,80.110,86.880,79.890,86.310,3016017.000,86.310
2020-02-27,80.190,86.440,76.180,83.210,2854879.000,83.210
2020-02-26,83.120,86.460,82.830,83.580,1909059.000,83.580
2020-02-25,87.390,88.090,82.670,83.060,1962714.000,83.060
2020-02-24,83.610,86.995,80.140,86.370,2206591.000,86.370
2020-02-21,89.990,91.110,87.080,88.730,2239810.000,88.730
2020-02-20,91.780,92.520,87.510,90.310,1806598.000,90.310
2020-02-19,91.680,92.550,90.860,91.490,1599537.000,91.490
2020-02-18,88.830,91.020,88.500,90.760,1167931.000,90.760
2020-02-14,88.430,89.600,88.000,89.410,1122289.000,89.410
2020-02-13,87.110,88.480,86.920,88.030,1770356.000,88.030
2020-02-12,87.180,87.410,84.240,87.330,1623997.000,87.330
2020-02-11,84.860,85.980,84.260,85.330,1125408.000,85.330
2020-02-10,82.950,85.080,82.870,84.610,1839683.000,84.610
2020-02-07,81.440,84.040,80.890,83.160,1517373.000,83.160
2020-02-06,80.700,82.000,80.590,81.440,825594.000,81.440
2020-02-05,82.910,83.300,79.930,80.740,1584756.000,80.740
2020-02-04,81.460,83.200,80.461,82.020,2372699.000,82.020
2020-02-03,79.100,80.740,79.040,80.630,1735051.000,80.630
2020-01-31,78.830,80.260,77.160,78.510,2503001.000,78.510
2020-01-30,76.700,79.260,76.270,79.110,2672817.000,79.110
2020-01-29,75.300,77.770,74.930,76.920,2616267.000,76.920
2020-01-28,73.060,75.200,72.781,74.930,1169360.000,74.930
2020-01-27,72.410,73.290,70.550,72.770,1584305.000,72.770
2020-01-24,74.720,75.980,73.090,74.180,1399607.000,74.180
2020-01-23,74.610,74.735,73.150,74.330,1823944.000,74.330
2020-01-22,73.700,75.190,73.700,74.420,1799050.000,74.420
2020-01-21,72.350,74.830,72.040,73.130,1922443.000,73.130
2020-01-17,73.430,73.710,72.265,72.530,1958335.000,72.530
2020-01-16,73.200,74.090,72.630,73.080,1148299.000,73.080
2020-01-15,73.000,75.140,72.720,73.030,1528836.000,73.030
2020-01-14,73.960,74.360,71.680,72.800,2158944.000,72.800
2020-01-13,73.690,74.830,72.813,74.150,1606163.000,74.150
2020-01-10,75.550,75.850,74.360,74.830,2317253.000,74.830
2020-01-09,76.490,77.010,75.530,75.800,1850848.000,75.800
2020-01-08,75.130,76.900,74.810,76.270,3421473.000,76.270
2020-01-07,75.670,75.670,74.010,75.240,2292843.000,75.240
2020-01-06,74.380,75.460,73.720,75.390,2271257.000,75.390
2020-01-03,74.870,75.810,73.680,75.560,1255463.000,75.560
2020-01-02,74.310,76.830,74.110,75.900,2042562.000,75.900
2019-12-31,73.670,74.290,73.140,74.110,799628.000,74.110
2019-12-30,74.130,74.500,72.200,73.750,1266202.000,73.750
2019-12-27,74.940,74.980,73.550,74.390,924571.000,74.390
2019-12-26,73.800,75.020,73.500,74.440,1012017.000,74.440
2019-12-24,73.200,73.870,72.860,73.700,361772.000,73.700
2019-12-23,74.010,74.400,73.160,73.350,995374.000,73.350
2019-12-20,74.210,74.250,73.060,74.180,1641274.000,74.180
2019-12-19,73.410,74.450,73.170,73.380,999134.000,73.380
2019-12-18,73.350,75.060,73.080,73.550,1401718.000,73.550
2019-12-17,73.640,73.970,72.710,73.630,1930939.000,73.630
2019-12-16,74.094,74.830,73.230,73.640,1407576.000,73.640
2019-12-13,71.780,73.950,71.780,73.720,2317663.000,73.720
2019-12-12,72.760,72.830,71.438,71.970,1419411.000,71.970
2019-12-11,72.850,72.960,71.200,72.460,1951552.000,72.460
2019-12-10,75.300,75.376,71.790,72.790,3156484.000,72.790
2019-12-09,75.510,76.280,73.900,75.460,2753919.000,75.460
2019-12-06,74.940,75.850,71.060,75.570,9991420.000,75.570
2019-12-05,70.200,70.466,68.950,69.500,3273055.000,69.500
2019-12-04,71.010,71.900,69.100,70.000,2350931.000,70.000
2019-12-03,67.690,70.870,66.970,70.680,2014235.000,70.680
2019-12-02,72.440,72.500,68.367,69.920,2259041.000,69.920
2019-11-29,71.440,71.970,70.880,71.210,691737.000,71.210
2019-11-27,72.160,72.690,71.180,71.660,1115586.000,71.660
2019-11-26,71.750,72.610,70.730,72.310,1765846.000,72.310
2019-11-25,71.630,73.220,71.260,71.500,3016796.000,71.500
2019-11-22,70.300,71.310,69.290,71.120,2056128.000,71.120
2019-11-21,69.290,71.500,69.198,69.940,3687142.000,69.940
2019-11-20,66.540,68.300,66.400,67.890,1879122.000,67.890
2019-11-19,66.920,67.150,65.828,66.570,2483692.000,66.570
2019-11-18,67.480,67.750,66.240,66.660,1757077.000,66.660
2019-11-15,67.900,68.470,67.080,67.780,1151472.000,67.780
2019-11-14,68.000,68.600,67.400,67.750,988511.000,67.750
2019-11-13,66.690,68.030,66.448,67.820,1161466.000,67.820
2019-11-12,67.480,67.767,66.360,67.010,1268778.000,67.010
2019-11-11,66.650,68.470,66.540,67.250,1335386.000,67.250
2019-11-08,65.470,66.790,65.005,66.730,1331026.000,66.730
2019-11-07,66.250,67.350,65.320,65.410,1210929.000,65.410
2019-11-06,66.280,66.310,64.250,66.080,1989702.000,66.080
2019-11-05,68.610,68.840,65.910,66.000,2233506.000,66.000
2019-11-04,68.000,69.890,67.620,68.450,3044886.000,68.450
2019-11-01,66.780,68.000,65.780,66.880,1791193.000,66.880
2019-10-31,66.770,66.770,64.970,66.190,1191386.000,66.190
2019-10-30,66.630,66.900,65.240,66.770,1209679.000,66.770
2019-10-29,66.190,67.100,65.830,66.390,1125408.000,66.390
2019-10-28,65.670,66.870,65.590,66.370,1158764.000,66.370
2019-10-25,64.620,66.110,64.200,65.400,1051894.000,65.400
2019-10-24,63.710,65.220,63.370,64.910,1518665.000,64.910
2019-10-23,62.960,64.890,62.060,62.830,2406416.000,62.830
2019-10-22,66.110,66.370,62.940,63.200,2187677.000,63.200
2019-10-21,64.910,66.320,64.630,66.030,2172270.000,66.030
2019-10-18,66.550,66.880,61.680,64.520,3691654.000,64.520
2019-10-17,67.150,67.625,66.150,66.720,1598473.000,66.720
2019-10-16,67.170,68.170,65.850,67.060,2250324.000,67.060
2019-10-15,67.640,67.940,66.850,66.990,1815121.000,66.990
2019-10-14,66.730,67.770,66.620,67.090,1619869.000,67.090
2019-10-11,67.800,68.110,65.610,66.530,2680349.000,66.530
2019-10-10,66.810,67.770,66.510,67.140,2676448.000,67.140
2019-10-09,65.260,67.610,64.700,67.040,4532202.000,67.040
2019-10-08,64.400,65.365,63.060,64.620,3483145.000,64.620
2019-10-07,62.570,65.600,62.080,65.050,4855064.000,65.050
2019-10-04,62.460,63.380,61.930,62.400,2620543.000,62.400
2019-10-03,61.450,63.000,60.380,62.210,5350550.000,62.210
2019-10-02,60.800,61.038,59.770,60.760,2913722.000,60.760
2019-10-01,62.030,62.240,60.650,60.890,2744433.000,60.890
2019-09-30,60.620,62.220,59.580,61.920,2229245.000,61.920
2019-09-27,62.710,62.890,60.130,60.640,2277572.000,60.640
2019-09-26,62.310,62.700,61.540,62.390,1825121.000,62.390
2019-09-25,61.740,62.860,60.610,62.610,2819114.000,62.610
2019-09-24,64.700,64.780,61.375,61.720,4429458.000,61.720
2019-09-23,64.510,64.780,63.800,64.520,4127243.000,64.520
2019-09-20,63.720,65.070,63.510,64.800,8980965.000,64.800
2019-09-19,63.130,63.625,62.600,63.360,3674405.000,63.360
2019-09-18,61.850,63.830,61.500,63.300,3664780.000,63.300
2019-09-17,61.160,62.115,61.040,61.900,3378219.000,61.900
2019-09-16,61.050,62.851,59.990,61.880,4190630.000,61.880
2019-09-13,62.990,63.990,62.410,62.490,3438895.000,62.490
2019-09-12,62.970,64.180,62.300,62.930,5089465.000,62.930
2019-09-11,59.500,63.450,59.178,63.300,5257431.000,63.300
2019-09-10,56.230,60.803,55.800,59.910,8136918.000,59.910
2019-09-09,56.000,59.740,55.550,58.570,9313809.000,58.570
2019-09-06,55.700,57.300,54.100,56.270,25958236.000,56.270
2019-09-05,47.480,47.490,45.520,46.250,6924353.000,46.250
2019-09-04,47.200,47.755,46.420,46.850,2323036.000,46.850
2019-09-03,46.570,47.350,46.090,46.610,2236324.000,46.610
2019-08-30,46.900,46.980,45.830,46.690,1630408.000,46.690
2019-08-29,45.910,46.630,45.680,46.420,1215063.000,46.420
2019-08-28,44.450,45.570,44.080,45.440,1298522.000,45.440
2019-08-27,45.670,45.670,44.170,44.760,1340228.000,44.760
2019-08-26,44.630,45.340,43.910,45.230,1183567.000,45.230
2019-08-23,44.660,45.240,43.770,43.980,1247518.000,43.980
2019-08-22,45.340,45.340,44.220,44.750,1254571.000,44.750
2019-08-21,45.000,45.880,44.660,45.020,1259584.000,45.020
2019-08-20,44.360,44.950,43.735,44.630,1911594.000,44.630
2019-08-19,45.610,45.990,44.325,44.540,2134175.000,44.540
2019-08-16,44.930,45.580,44.640,44.810,1417941.000,44.810
2019-08-15,44.270,44.610,43.610,44.130,2145992.000,44.130
2019-08-14,44.230,44.469,43.130,43.910,1663146.000,43.910
2019-08-13,44.000,45.920,43.750,45.620,1385650.000,45.620
2019-08-12,44.880,45.100,43.900,44.210,1545546.000,44.210
2019-08-09,45.920,46.530,44.630,45.330,1900557.000,45.330
2019-08-08,45.830,46.450,44.110,46.360,3181187.000,46.360
2019-08-07,44.000,45.390,43.250,45.040,2439575.000,45.040
2019-08-06,45.590,46.275,44.120,44.590,2990370.000,44.590
2019-08-05,47.000,47.330,43.930,44.700,4647102.000,44.700
2019-08-02,49.860,50.070,48.250,48.800,1533340.000,48.800
2019-08-01,51.730,53.000,49.520,49.930,2106668.000,49.930
2019-07-31,54.170,54.200,51.300,51.720,1981357.000,51.720
2019-07-30,53.550,54.410,53.180,54.150,1190155.000,54.150
2019-07-29,54.680,54.694,52.360,53.900,1370571.000,53.900
2019-07-26,52.810,54.780,52.670,54.680,2809139.000,54.680
2019-07-25,54.300,54.300,52.230,52.470,2386533.000,52.470
2019-07-24,52.670,54.530,52.530,54.350,1211667.000,54.350
2019-07-23,52.510,53.230,52.210,52.940,836827.000,52.940
2019-07-22,52.680,52.970,52.020,52.370,2029414.000,52.370
2019-07-19,53.490,53.490,52.160,52.420,1180658.000,52.420
2019-07-18,52.510,53.300,52.410,53.050,2874303.000,53.050
2019-07-17,54.280,54.300,52.390,52.770,1720907.000,52.770
2019-07-16,54.000,54.090,53.320,53.620,953888.000,53.620
2019-07-15,53.500,54.170,52.900,54.050,845917.000,54.050
2019-07-12,53.850,53.900,52.530,53.200,1210923.000,53.200
2019-07-11,51.760,53.880,51.745,53.800,2353545.000,53.800
2019-07-10,52.340,53.000,51.340,51.350,1999791.000,51.350
2019-07-09,51.460,52.520,51.270,52.000,2480752.000,52.000
2019-07-08,52.000,52.235,51.330,51.650,1199087.000,51.650
2019-07-05,50.910,52.200,50.700,52.160,1292914.000,52.160
2019-07-03,51.440,51.800,50.650,51.650,1287753.000,51.650
2019-07-02,50.840,51.860,50.210,51.340,1835249.000,51.340
2019-07-01,50.530,51.160,49.520,50.650,1896995.000,50.650
2019-06-28,50.690,51.085,49.230,49.710,6188818.000,49.710
2019-06-27,49.650,51.140,49.550,50.650,2625999.000,50.650
2019-06-26,50.160,50.650,49.490,49.490,2086196.000,49.490
2019-06-25,50.950,51.570,49.730,49.830,1790919.000,49.830
2019-06-24,52.950,53.380,50.860,51.010,2730987.000,51.010
2019-06-21,54.250,54.870,52.650,52.830,3092318.000,52.830
2019-06-20,54.000,54.960,53.700,54.870,2727583.000,54.870
2019-06-19,53.560,53.880,52.125,53.090,1755222.000,53.090
2019-06-18,53.190,54.200,52.660,53.510,3024183.000,53.510
2019-06-17,50.900,53.365,50.800,52.750,3103865.000,52.750
2019-06-14,47.810,51.000,47.800,50.780,4208811.000,50.780
2019-06-13,48.450,48.490,47.610,48.280,2095036.000,48.280
2019-06-12,47.900,48.450,47.540,48.080,1578520.000,48.080
2019-06-11,48.580,48.900,47.320,47.900,3807689.000,47.900
2019-06-10,49.630,49.890,47.600,48.310,5639426.000,48.310
2019-06-07,47.020,49.230,45.675,48.160,20954428.000,48.160
2019-06-06,53.770,54.940,52.770,54.740,5257994.000,54.740
2019-06-05,53.640,53.940,51.890,53.320,2409681.000,53.320
2019-06-04,52.500,53.000,50.735,52.940,2249520.000,52.940
2019-06-03,56.000,56.100,50.250,50.570,4240006.000,50.570
2019-05-31,54.300,56.420,54.070,56.060,2904358.000,56.060
2019-05-30,54.510,55.700,54.510,55.480,1471241.000,55.480
2019-05-29,53.960,54.820,52.775,54.380,1448356.000,54.380
2019-05-28,54.250,55.100,53.880,54.470,5576263.000,54.470
2019-05-24,53.760,54.760,53.510,54.100,988684.000,54.100
2019-05-23,53.980,54.000,52.520,53.210,1248918.000,53.210
2019-05-22,54.590,55.280,54.020,54.780,1898654.000,54.780
2019-05-21,53.810,54.940,53.810,54.760,1353065.000,54.760
2019-05-20,52.770,53.690,51.900,53.170,1000000.000,53.170
2019-05-17,54.220,54.840,53.550,53.590,1017436.000,53.590
2019-05-16,53.690,55.320,53.690,54.740,1393606.000,54.740
2019-05-15,52.290,53.900,52.000,53.670,1300463.000,53.670
2019-05-14,51.000,52.840,50.900,52.540,2335795.000,52.540
2019-05-13,51.420,51.770,50.020,50.420,1607388.000,50.420
2019-05-10,53.050,53.882,50.950,53.050,1398468.000,53.050
2019-05-09,52.780,54.000,51.520,53.500,1320747.000,53.500
2019-05-08,53.220,53.980,52.690,53.590,1481126.000,53.590
2019-05-07,54.980,55.500,52.310,53.230,2198813.000,53.230
2019-05-06,54.920,56.720,54.210,55.890,1610917.000,55.890
2019-05-03,55.080,56.730,54.550,56.460,1657836.000,56.460
2019-05-02,55.770,56.501,54.040,54.890,1447965.000,54.890
2019-05-01,57.100,57.420,55.800,55.820,1501949.000,55.820
2019-04-30,56.500,56.940,55.375,56.670,2242988.000,56.670
2019-04-29,57.610,58.370,57.030,57.660,1517467.000,57.660
2019-04-26,57.200,57.950,56.650,57.260,1556997.000,57.260
2019-04-25,56.210,57.640,55.900,57.010,2475971.000,57.010
2019-04-24,55.470,56.250,55.090,55.840,1122237.000,55.840
2019-04-23,54.400,55.551,54.200,55.240,1497789.000,55.240
2019-04-22,52.740,54.366,52.500,54.130,1043364.000,54.130
2019-04-18,53.200,53.500,50.920,52.790,1940987.000,52.790
2019-04-17,55.450,55.490,52.090,53.180,2390132.000,53.180
2019-04-16,55.770,56.020,54.810,55.210,1200498.000,55.210
2019-04-15,55.360,56.650,55.160,55.420,2226486.000,55.420
2019-04-12,55.750,55.860,54.810,55.250,1308260.000,55.250
2019-04-11,56.090,56.360,55.008,55.350,1178932.000,55.350
2019-04-10,53.800,56.860,53.790,55.910,3040556.000,55.910
2019-04-09,53.380,53.980,53.200,53.580,3115961.000,53.580
2019-04-08,53.670,54.190,53.030,53.810,1313013.000,53.810
2019-04-05,53.450,54.202,53.300,53.840,1659577.000,53.840
2019-04-04,54.320,54.350,52.200,53.340,1659832.000,53.340
2019-04-03,54.000,54.720,53.750,54.140,2415379.000,54.140
2019-04-02,52.230,53.850,51.764,53.720,1804346.000,53.720
2019-04-01,52.450,52.687,51.630,52.140,1244307.000,52.140
2019-03-29,52.070,52.490,51.320,51.840,1597341.000,51.840
2019-03-28,52.000,52.460,51.140,51.780,1253120.000,51.780
2019-03-27,53.560,53.660,51.380,51.880,1751243.000,51.880
2019-03-26,53.250,54.340,53.100,53.740,2237957.000,53.740
2019-03-25,53.010,53.840,52.070,52.590,1703124.000,52.590
2019-03-22,56.680,57.010,53.130,53.340,2915173.000,53.340
2019-03-21,54.930,57.230,54.570,57.080,2455434.000,57.080
2019-03-20,56.070,56.220,54.300,55.380,3457575.000,55.380
2019-03-19,56.810,57.250,55.540,56.660,4810644.000,56.660
2019-03-18,56.950,57.780,56.110,57.750,2797612.000,57.750
2019-03-15,58.000,59.620,56.350,56.470,7535989.000,56.470
2019-03-14,57.710,59.140,57.590,58.850,5028000.000,58.850
2019-03-13,57.500,57.890,57.082,57.660,2367482.000,57.660
2019-03-12,57.190,57.980,57.070,57.270,1935508.000,57.270
2019-03-11,56.320,57.740,56.106,57.150,2478327.000,57.150
2019-03-08,54.890,56.100,54.420,55.990,1191772.000,55.990
2019-03-07,55.000,56.000,54.800,55.500,1660492.000,55.500
2019-03-06,55.590,55.980,54.550,55.220,1301450.000,55.220
2019-03-05,55.550,56.000,53.810,55.740,1904845.000,55.740
2019-03-04,56.770,56.890,54.437,55.560,3009776.000,55.560
2019-03-01,55.910,56.690,55.730,56.290,3229194.000,56.290
2019-02-28,55.200,55.685,54.470,55.150,1575973.000,55.150
2019-02-27,54.950,56.230,54.660,55.540,3678671.000,55.540
2019-02-26,54.500,55.250,54.290,55.010,2335184.000,55.010
2019-02-25,54.500,54.970,54.090,54.740,1584259.000,54.740
2019-02-22,54.060,54.290,53.610,53.990,1224757.000,53.990
2019-02-21,54.110,54.490,53.640,53.830,1021089.000,53.830
2019-02-20,54.330,54.885,53.850,54.110,1591256.000,54.110
2019-02-19,53.780,54.860,53.400,54.330,1895036.000,54.330
2019-02-15,53.500,54.040,53.390,53.630,1433592.000,53.630
2019-02-14,53.500,53.600,52.560,53.330,2836616.000,53.330
2019-02-13,53.150,54.080,52.750,53.650,3384059.000,53.650
2019-02-12,52.000,52.840,51.810,52.660,2389974.000,52.660
2019-02-11,51.510,52.249,50.400,51.630,1143487.000,51.630
2019-02-08,50.050,51.935,49.550,51.770,1065613.000,51.770
2019-02-07,50.900,51.550,49.770,50.710,1954133.000,50.710
2019-02-06,52.450,52.450,50.540,51.300,1812943.000,51.300
2019-02-05,51.260,52.600,50.750,52.450,2583712.000,52.450
2019-02-04,49.990,51.230,49.760,51.040,2422527.000,51.040
2019-02-01,49.330,49.990,48.210,49.960,2802541.000,49.960
2019-01-31,49.460,50.030,49.110,49.450,2556705.000,49.450
2019-01-30,48.780,49.430,48.240,49.370,2217170.000,49.370
2019-01-29,48.990,49.380,47.540,48.300,1616454.000,48.300
2019-01-28,47.940,48.880,47.550,48.820,1977001.000,48.820
2019-01-25,47.220,48.600,47.000,48.570,1937175.000,48.570
2019-01-24,45.680,46.750,45.250,46.710,1291272.000,46.710
2019-01-23,45.880,47.000,44.540,45.400,1748115.000,45.400
2019-01-22,46.450,46.600,45.600,45.850,1758373.000,45.850
2019-01-18,45.100,47.205,45.050,47.000,3420395.000,47.000
2019-01-17,42.640,45.020,42.220,44.900,2914735.000,44.900
2019-01-16,45.000,45.000,42.520,43.060,3720823.000,43.060
2019-01-15,44.500,45.190,43.500,44.990,2879504.000,44.990
2019-01-14,43.130,43.300,42.400,43.220,708637.000,43.220
2019-01-11,43.850,44.102,43.100,43.480,1656075.000,43.480
2019-01-10,42.200,44.600,42.160,44.030,7249487.000,44.030
2019-01-09,42.000,42.990,41.840,42.670,2035814.000,42.670
2019-01-08,41.960,42.320,40.931,42.080,3192569.000,42.080
2019-01-07,40.040,42.200,39.500,41.690,2630909.000,41.690
2019-01-04,39.520,41.415,39.420,40.900,1852562.000,40.900
2019-01-03,40.000,40.520,38.800,38.830,987078.000,38.830
2019-01-02,39.270,40.830,39.140,40.820,1674698.000,40.820
2018-12-31,40.600,40.980,39.150,40.080,2255919.000,40.080
2018-12-28,40.990,41.050,39.890,40.500,2522659.000,40.500
2018-12-27,39.100,41.000,39.000,40.990,1549638.000,40.990
2018-12-26,37.830,39.720,37.570,39.650,1532911.000,39.650
2018-12-24,37.290,37.960,36.249,37.480,1374789.000,37.480
2018-12-21,39.820,40.870,37.270,37.990,8328269.000,37.990
2018-12-20,40.900,41.740,39.020,39.910,4337466.000,39.910
2018-12-19,41.210,42.020,40.760,41.110,4239230.000,41.110
2018-12-18,41.830,42.570,40.884,41.870,5487278.000,41.870
2018-12-17,42.510,43.350,41.230,41.750,4276128.000,41.750
2018-12-14,42.270,43.320,41.610,42.890,3513384.000,42.890
2018-12-13,42.230,43.320,42.140,43.150,3293791.000,43.150
2018-12-12,41.660,43.320,41.660,42.400,4112877.000,42.400
2018-12-11,39.670,41.660,39.400,41.660,4912341.000,41.660
2018-12-10,38.760,41.060,38.760,40.690,2797895.000,40.690
2018-12-07,42.000,43.220,38.750,39.660,4744653.000,39.660
2018-12-06,40.060,41.980,40.050,41.770,3002346.000,41.770
2018-12-04,42.150,42.940,41.160,41.470,2656570.000,41.470
2018-12-03,42.720,42.920,41.770,42.520,1920214.000,42.520
2018-11-30,41.905,42.413,40.140,41.760,1190083.000,41.760
2018-11-29,41.750,42.510,41.110,41.770,1355079.000,41.770
2018-11-28,41.030,42.500,40.920,41.820,1766644.000,41.820
2018-11-27,40.770,41.250,39.840,40.640,997184.000,40.640
2018-11-26,41.330,42.000,40.270,41.110,1262460.000,41.110
2018-11-23,40.420,41.240,40.020,40.820,425393.000,40.820
2018-11-21,39.600,41.360,38.900,40.760,2087526.000,40.760
2018-11-20,35.550,38.580,35.060,38.330,3089359.000,38.330
2018-11-19,38.850,39.770,36.140,37.410,2643216.000,37.410
2018-11-16,40.000,40.010,38.600,39.000,1612408.000,39.000
2018-11-15,39.640,40.440,38.300,40.370,2064164.000,40.370
2018-11-14,43.070,43.150,39.680,39.860,2109890.000,39.860
2018-11-13,41.700,43.080,41.380,42.590,931455.000,42.590
2018-11-12,44.450,44.450,40.740,41.340,2260092.000,41.340
2018-11-09,44.320,45.000,43.360,44.430,994731.000,44.430
2018-11-08,43.990,45.150,43.800,44.820,2081230.000,44.820
2018-11-07,43.000,44.600,42.570,43.880,2883805.000,43.880
2018-11-06,41.980,42.900,41.470,42.550,917427.000,42.550
2018-11-05,42.630,42.990,40.900,42.410,1394245.000,42.410
2018-11-02,42.000,43.360,41.210,42.820,1813221.000,42.820
2018-11-01,42.140,42.560,40.350,41.850,1741577.000,41.850
2018-10-31,42.050,43.200,41.470,41.940,2353079.000,41.940
2018-10-30,40.160,42.000,39.810,41.740,1640607.000,41.740
2018-10-29,42.280,43.000,39.050,40.350,1765927.000,40.350
2018-10-26,39.510,41.340,38.550,41.180,2737834.000,41.180
2018-10-25,39.100,40.820,38.550,40.320,2772069.000,40.320
2018-10-24,40.500,41.160,39.120,39.170,4252326.000,39.170
2018-10-23,41.330,42.280,40.710,41.330,2047249.000,41.330
2018-10-22,42.720,43.700,41.801,42.460,1326329.000,42.460
2018-10-19,46.300,46.500,41.600,42.005,2709986.000,42.005
2018-10-18,47.030,48.300,45.550,46.240,1453619.000,46.240
2018-10-17,48.000,48.148,46.500,47.520,1559003.000,47.520
2018-10-16,44.750,48.010,44.520,47.720,2432750.000,47.720
2018-10-15,44.440,45.160,42.640,43.830,1208186.000,43.830
2018-10-12,42.090,45.000,41.710,44.640,3386507.000,44.640
2018-10-11,39.820,41.650,39.342,40.250,2719975.000,40.250
2018-10-10,42.030,42.030,38.280,40.600,3680972.000,40.600
2018-10-09,42.980,45.000,41.330,41.510,2133548.000,41.510
2018-10-08,44.630,45.000,42.250,43.230,2104090.000,43.230
2018-10-05,45.650,46.030,43.520,45.270,1629723.000,45.270
2018-10-04,46.900,47.550,44.900,45.800,1631764.000,45.800
2018-10-03,46.400,47.735,45.300,47.110,2895219.000,47.110
2018-10-02,49.190,49.243,45.040,46.400,5206150.000,46.400
2018-10-01,52.980,53.000,48.560,48.850,4153290.000,48.850
2018-09-28,52.770,53.030,52.100,52.570,1560175.000,52.570
2018-09-27,52.640,53.750,52.250,52.820,1914917.000,52.820
2018-09-26,53.510,54.020,52.440,52.540,1608683.000,52.540
2018-09-25,52.160,53.710,51.620,53.400,1783237.000,53.400
2018-09-24,52.100,52.330,51.400,51.830,1570905.000,51.830
2018-09-21,52.930,53.320,51.782,52.540,2218784.000,52.540
2018-09-20,52.320,52.690,51.120,52.230,1521545.000,52.230
2018-09-19,52.770,53.100,51.500,51.730,1229963.000,51.730
2018-09-18,52.230,53.400,51.650,53.030,1750408.000,53.030
2018-09-17,53.850,54.890,51.600,52.180,2705887.000,52.180
2018-09-14,55.300,55.300,53.430,53.790,6557206.000,53.790
2018-09-13,57.250,57.490,55.060,55.370,2103911.000,55.370
2018-09-12,53.020,57.560,53.020,57.180,2644050.000,57.180
2018-09-11,53.750,54.800,52.830,53.960,1875951.000,53.960
2018-09-10,58.000,58.240,53.640,53.930,3048116.000,53.930
2018-09-07,56.800,59.670,56.260,56.940,2294619.000,56.940
2018-09-06,59.080,59.900,56.790,57.850,4455890.000,57.850
2018-09-05,64.690,65.870,62.550,63.100,3291462.000,63.100
2018-09-04,62.800,65.700,60.830,64.850,2579998.000,64.850
2018-08-31,64.470,65.360,62.190,62.440,2944308.000,62.440
2018-08-30,67.300,67.400,64.550,65.000,1578680.000,65.000
2018-08-29,66.500,68.020,65.750,67.870,862216.000,67.870
2018-08-28,66.000,68.350,65.720,66.300,1225362.000,66.300
2018-08-27,66.990,67.710,64.630,65.530,1053263.000,65.530
2018-08-24,64.250,67.210,64.000,65.540,1133392.000,65.540
2018-08-23,61.860,64.939,61.860,63.900,1279716.000,63.900
2018-08-22,62.300,63.367,60.340,61.840,870236.000,61.840
2018-08-21,61.690,63.800,61.560,62.500,1381150.000,62.500
2018-08-20,58.910,62.000,57.900,61.220,1395594.000,61.220
2018-08-17,57.470,59.400,56.355,58.680,611193.000,58.680
2018-08-16,56.960,57.910,56.060,57.690,620177.000,57.690
2018-08-15,57.250,57.800,55.300,56.150,779498.000,56.150
2018-08-14,56.560,58.225,55.730,57.850,590765.000,57.850
2018-08-13,58.100,58.380,55.570,56.140,965146.000,56.140
2018-08-10,60.300,60.450,57.120,58.200,1525797.000,58.200
2018-08-09,61.670,62.150,60.175,60.450,820272.000,60.450
2018-08-08,59.450,61.810,59.200,61.350,855024.000,61.350
2018-08-07,60.750,60.950,59.456,59.890,919697.000,59.890
2018-08-06,57.160,60.390,57.160,60.000,957615.000,60.000
2018-08-03,59.150,59.600,56.250,57.010,858334.000,57.010
2018-08-02,55.390,59.180,55.000,58.910,1361061.000,58.910
2018-08-01,54.300,56.150,54.195,55.750,895808.000,55.750
2018-07-31,51.890,54.960,51.510,53.900,1178245.000,53.900
2018-07-30,54.920,55.240,50.060,51.710,2140130.000,51.710
2018-07-27,56.730,57.000,53.500,54.820,1317612.000,54.820
2018-07-26,54.010,55.880,53.770,55.510,1622956.000,55.510
2018-07-25,53.760,55.662,53.760,54.690,559543.000,54.690
2018-07-24,56.120,57.500,52.900,53.790,1763749.000,53.790
2018-07-23,51.970,55.850,51.750,55.530,1260325.000,55.530
2018-07-20,52.250,52.765,51.710,52.210,663053.000,52.210
2018-07-19,52.930,53.810,51.930,52.360,1209115.000,52.360
2018-07-18,53.930,54.600,52.910,53.050,939139.000,53.050
2018-07-17,54.500,55.400,52.940,54.090,1461329.000,54.090
2018-07-16,55.250,57.279,54.900,55.050,831103.000,55.050
2018-07-13,55.380,56.000,54.680,55.330,1038908.000,55.330
2018-07-12,52.240,56.440,51.500,55.370,2377655.000,55.370
2018-07-11,52.000,53.760,51.610,51.980,1120288.000,51.980
2018-07-10,55.770,55.770,52.190,52.370,1583095.000,52.370
2018-07-09,55.280,56.490,54.871,55.350,901392.000,55.350
2018-07-06,54.750,55.960,54.070,54.950,1177586.000,54.950
2018-07-05,52.490,55.390,51.593,54.620,2171958.000,54.620
2018-07-03,52.460,53.500,51.850,51.970,721656.000,51.970
2018-07-02,52.460,53.160,50.500,52.340,1933451.000,52.340
2018-06-29,53.670,54.000,51.831,52.950,1636890.000,52.950
2018-06-28,51.620,54.000,50.344,53.040,2311962.000,53.040
2018-06-27,56.950,57.200,51.740,51.770,2266959.000,51.770
2018-06-26,55.490,56.969,54.900,56.470,1601609.000,56.470
2018-06-25,55.580,55.655,52.050,55.000,2847085.000,55.000
2018-06-22,58.900,58.990,55.000,57.550,4039279.000,57.550
2018-06-21,63.060,63.190,57.470,57.590,3209053.000,57.590
2018-06-20,64.670,66.800,62.030,62.460,2381465.000,62.460
2018-06-19,62.140,64.700,57.600,63.870,3791386.000,63.870
2018-06-18,63.510,66.191,61.645,63.900,1557289.000,63.900
2018-06-15,63.090,64.580,62.300,63.950,3584226.000,63.950
2018-06-14,64.990,65.816,63.100,63.530,1932240.000,63.530
2018-06-13,63.280,64.970,62.000,63.770,2126685.000,63.770
2018-06-12,60.490,63.350,60.000,61.820,2408591.000,61.820
2018-06-11,58.300,60.000,58.200,59.540,2131421.000,59.540
2018-06-08,58.250,60.450,55.310,57.920,7147612.000,57.920
2018-06-07,58.950,59.860,53.500,55.990,3617122.000,55.990
2018-06-06,55.630,57.380,54.360,57.360,989487.000,57.360
2018-06-05,54.290,58.280,52.000,54.590,2463590.000,54.590
2018-06-04,51.000,54.150,50.540,53.650,1121220.000,53.650
2018-06-01,50.280,50.740,49.760,50.120,564739.000,50.120
2018-05-31,50.130,51.201,49.530,49.810,867073.000,49.810
2018-05-30,48.900,51.000,48.560,49.990,830985.000,49.990
2018-05-29,46.670,49.330,45.855,48.430,931091.000,48.430
2018-05-25,47.230,48.900,46.107,46.370,678083.000,46.370
2018-05-24,45.940,47.700,45.296,46.800,1011734.000,46.800
2018-05-23,43.640,45.620,43.100,45.420,1125441.000,45.420
2018-05-22,43.240,44.720,42.851,43.050,1062700.000,43.050
2018-05-21,45.500,45.500,41.720,42.980,804373.000,42.980
2018-05-18,44.750,45.000,44.360,44.780,350812.000,44.780
2018-05-17,45.200,46.400,44.550,44.900,339527.000,44.900
2018-05-16,45.340,45.650,44.560,45.230,299008.000,45.230
2018-05-15,44.390,45.730,43.495,45.460,423001.000,45.460
2018-05-14,44.990,45.727,43.370,44.190,1032010.000,44.190
2018-05-11,44.560,45.890,44.010,44.370,762193.000,44.370
2018-05-10,44.880,46.699,43.660,44.010,1467879.000,44.010
2018-05-09,44.440,44.870,43.245,44.100,1178122.000,44.100
2018-05-08,41.500,43.680,40.500,43.220,821183.000,43.220
2018-05-07,41.650,41.912,41.040,41.310,630844.000,41.310
2018-05-04,42.400,42.660,41.010,41.090,763525.000,41.090
2018-05-03,39.690,42.560,38.810,41.960,2783655.000,41.960
2018-05-02,39.850,40.500,38.750,39.320,1251440.000,39.320
2018-05-01,38.700,39.890,37.850,39.450,1285573.000,39.450
2018-04-30,39.905,40.190,37.530,38.630,3312463.000,38.630
2018-04-27,38.000,40.890,37.000,39.730,16392446.000,39.730
