Date,Open,High,Low,Close,Volume,Adj Close,,2021-12-31
2021-12-31,11.130,11.380,11.070,11.080,1379539.000,11.080
2021-12-30,11.080,11.450,11.060,11.210,1812972.000,11.210
2021-12-29,11.250,11.340,11.040,11.050,1646777.000,11.050
2021-12-28,11.490,11.610,11.270,11.280,1443407.000,11.280
2021-12-27,11.740,11.760,11.530,11.610,1100833.000,11.535
2021-12-23,11.420,11.840,11.382,11.780,1739014.000,11.704
2021-12-22,11.400,11.500,11.245,11.450,895580.000,11.376
2021-12-21,11.160,11.530,11.153,11.490,1215496.000,11.416
2021-12-20,11.110,11.230,10.930,11.080,1323496.000,11.008
2021-12-17,11.050,11.525,10.945,11.480,1342808.000,11.406
2021-12-16,11.360,11.560,11.090,11.220,1031893.000,11.147
2021-12-15,11.170,11.395,10.890,11.300,1361527.000,11.227
2021-12-14,11.340,11.570,11.175,11.200,1297328.000,11.127
2021-12-13,11.670,11.690,11.335,11.550,1326429.000,11.475
2021-12-10,11.800,11.930,11.420,11.450,1569853.000,11.376
2021-12-09,12.090,12.210,11.670,11.710,898928.000,11.634
2021-12-08,11.940,12.298,11.770,12.190,875579.000,12.111
2021-12-07,11.650,12.108,11.650,11.950,1172171.000,11.873
2021-12-06,11.220,11.700,10.980,11.510,1385189.000,11.435
2021-12-03,11.700,11.750,11.160,11.330,1408828.000,11.257
2021-12-02,11.540,11.800,11.403,11.710,1698499.000,11.634
2021-12-01,12.270,12.290,11.445,11.450,1739056.000,11.376
2021-11-30,12.150,12.340,11.710,12.060,1758577.000,11.982
2021-11-29,12.740,12.740,12.190,12.270,1294556.000,12.190
2021-11-26,12.570,12.730,12.450,12.680,895354.000,12.598
2021-11-24,12.730,13.080,12.590,13.010,756338.000,12.926
2021-11-23,12.750,13.130,12.580,12.810,1261228.000,12.727
2021-11-22,13.220,13.230,12.640,12.790,2017737.000,12.707
2021-11-19,13.330,13.524,13.130,13.140,1315509.000,13.055
2021-11-18,14.150,14.183,13.250,13.280,2888975.000,13.194
2021-11-17,14.740,14.890,14.210,14.210,1814859.000,14.118
2021-11-16,15.080,15.085,14.560,14.850,1831640.000,14.754
2021-11-15,15.610,15.780,15.090,15.150,3351489.000,15.052
2021-11-12,14.900,15.390,14.640,15.380,3826843.000,15.280
2021-11-11,14.270,14.580,14.175,14.530,1328545.000,14.436
2021-11-10,14.640,14.810,14.197,14.210,1995150.000,14.118
2021-11-09,14.850,14.910,14.270,14.800,2322673.000,14.704
2021-11-08,14.010,14.917,14.010,14.910,3828915.000,14.813
2021-11-05,13.890,13.935,13.540,13.870,1768981.000,13.780
2021-11-04,14.150,14.220,13.873,13.930,914342.000,13.840
2021-11-03,13.770,14.260,13.730,14.130,1430303.000,14.038
2021-11-02,13.900,13.980,13.655,13.810,1182533.000,13.720
2021-11-01,13.500,14.030,13.433,13.930,1594249.000,13.840
2021-10-29,13.740,13.874,13.470,13.470,609194.000,13.383
2021-10-28,13.640,13.810,13.600,13.780,767359.000,13.691
2021-10-27,14.090,14.090,13.610,13.620,1244614.000,13.532
2021-10-26,14.350,14.400,14.020,14.030,1050293.000,13.939
2021-10-25,14.250,14.310,14.110,14.290,665104.000,14.197
2021-10-22,14.640,14.650,14.160,14.210,1266725.000,14.118
2021-10-21,14.590,14.940,14.560,14.640,774716.000,14.545
2021-10-20,14.580,14.790,14.349,14.630,1430401.000,14.535
2021-10-19,13.980,14.640,13.920,14.620,2130386.000,14.525
2021-10-18,14.100,14.150,13.910,13.910,934778.000,13.820
2021-10-15,14.450,14.460,14.111,14.150,1353090.000,14.058
2021-10-14,14.280,14.660,14.240,14.400,1512990.000,14.307
2021-10-13,14.160,14.340,14.110,14.220,644594.000,14.128
2021-10-12,14.110,14.360,14.110,14.260,1063905.000,14.168
2021-10-11,14.230,14.330,14.070,14.070,871494.000,13.979
2021-10-08,14.480,14.610,14.235,14.290,705590.000,14.197
2021-10-07,14.320,14.700,14.190,14.480,847113.000,14.386
2021-10-06,14.110,14.271,14.030,14.250,778181.000,14.158
2021-10-05,14.140,14.490,14.140,14.320,862827.000,14.227
2021-10-04,14.300,14.330,14.050,14.110,1165504.000,14.019
2021-10-01,14.380,14.475,14.170,14.430,588200.000,14.336
2021-09-30,14.450,14.560,14.220,14.390,918369.000,14.297
2021-09-29,14.760,14.800,14.440,14.440,604284.000,14.346
2021-09-28,14.850,15.032,14.711,14.740,780572.000,14.644
2021-09-27,14.650,15.146,14.600,15.030,1136737.000,14.933
2021-09-24,14.930,14.970,14.620,14.670,728938.000,14.575
2021-09-23,15.030,15.175,14.960,15.100,1115308.000,15.002
2021-09-22,14.600,14.935,14.580,14.810,1434439.000,14.714
2021-09-21,14.480,14.730,14.405,14.500,779024.000,14.406
2021-09-20,14.780,14.820,14.330,14.520,2400913.000,14.366
2021-09-17,15.120,15.230,14.936,15.170,853340.000,15.010
2021-09-16,15.170,15.280,15.030,15.200,739205.000,15.039
2021-09-15,15.040,15.255,14.935,15.240,1233679.000,15.079
2021-09-14,15.500,15.500,14.905,14.960,1513904.000,14.802
2021-09-13,15.650,15.720,15.290,15.470,988684.000,15.306
2021-09-10,15.970,16.000,15.605,15.640,815234.000,15.475
2021-09-09,16.000,16.115,15.850,15.880,1148564.000,15.712
2021-09-08,16.430,16.450,15.940,15.960,965677.000,15.791
2021-09-07,16.600,16.830,16.450,16.470,493761.000,16.296
2021-09-03,16.780,16.945,16.610,16.720,653634.000,16.543
2021-09-02,16.530,17.000,16.490,16.850,817842.000,16.672
2021-09-01,16.680,16.849,16.465,16.520,493258.000,16.345
2021-08-31,16.310,16.870,16.310,16.710,844483.000,16.533
2021-08-30,16.420,16.620,16.240,16.330,689473.000,16.157
2021-08-27,16.280,16.700,16.280,16.620,515344.000,16.444
2021-08-26,16.530,16.830,16.260,16.350,697731.000,16.177
2021-08-25,16.850,16.850,16.550,16.640,538724.000,16.464
2021-08-24,16.490,16.840,16.420,16.830,706141.000,16.652
2021-08-23,16.020,16.530,16.010,16.530,819933.000,16.355
2021-08-20,15.750,16.040,15.710,15.950,712635.000,15.781
2021-08-19,16.170,16.297,15.810,15.880,1051630.000,15.712
2021-08-18,16.330,16.730,16.131,16.350,792926.000,16.177
2021-08-17,16.320,16.530,16.100,16.300,1008956.000,16.128
2021-08-16,16.880,16.892,16.410,16.430,1070711.000,16.256
2021-08-13,17.270,17.330,16.930,17.030,876827.000,16.850
2021-08-12,17.740,17.740,17.225,17.310,796830.000,17.127
2021-08-11,18.050,18.148,17.750,17.870,652767.000,17.681
2021-08-10,17.970,18.198,17.850,18.080,668988.000,17.889
2021-08-09,17.910,18.050,17.650,18.010,487184.000,17.820
2021-08-06,18.040,18.110,17.745,17.990,610067.000,17.800
2021-08-05,17.470,18.225,17.470,18.050,874812.000,17.859
2021-08-04,17.750,17.920,17.420,17.420,717848.000,17.236
2021-08-03,17.900,17.990,17.640,17.890,576283.000,17.701
2021-08-02,18.010,18.386,17.880,17.880,766681.000,17.691
2021-07-30,18.060,18.420,17.888,17.960,587175.000,17.770
2021-07-29,18.727,18.775,18.210,18.320,865211.000,18.126
2021-07-28,17.800,18.600,17.740,18.540,1604321.000,18.344
2021-07-27,17.680,17.890,17.225,17.440,936837.000,17.256
2021-07-26,17.620,18.130,17.600,17.830,640216.000,17.641
2021-07-23,17.770,17.820,17.502,17.710,560140.000,17.523
2021-07-22,18.250,18.293,17.722,17.810,504213.000,17.622
2021-07-21,17.860,18.275,17.830,18.270,741538.000,18.077
2021-07-20,17.550,17.869,17.190,17.790,983568.000,17.602
2021-07-19,17.450,17.625,17.100,17.440,1423657.000,17.256
2021-07-16,18.230,18.370,17.675,17.750,1305006.000,17.562
2021-07-15,18.510,18.740,17.922,18.200,1382779.000,18.008
2021-07-14,19.670,19.760,18.540,18.600,1320436.000,18.403
2021-07-13,19.750,20.071,19.450,19.470,746896.000,19.264
2021-07-12,19.430,19.585,19.190,19.470,598525.000,19.264
2021-07-09,19.360,19.500,19.213,19.500,525896.000,19.294
2021-07-08,19.000,19.380,18.820,19.240,747218.000,19.037
2021-07-07,20.000,20.024,19.310,19.420,995739.000,19.215
2021-07-06,20.150,20.310,19.850,19.970,764503.000,19.759
2021-07-02,20.540,20.631,20.180,20.280,654727.000,20.066
2021-07-01,20.720,20.720,20.260,20.620,657554.000,20.402
2021-06-30,20.580,20.870,20.420,20.580,587841.000,20.362
2021-06-29,21.050,21.220,20.600,20.670,878267.000,20.451
2021-06-28,20.750,21.255,20.710,20.990,795037.000,20.768
2021-06-25,20.910,20.990,20.670,20.800,464339.000,20.580
2021-06-24,20.500,21.008,20.470,20.960,860292.000,20.738
2021-06-23,20.300,20.590,20.250,20.430,588279.000,20.214
2021-06-22,20.100,20.270,19.923,20.130,512484.000,19.917
2021-06-21,19.920,20.352,19.790,20.320,557251.000,20.045
2021-06-18,20.160,20.400,19.860,19.940,1326141.000,19.670
2021-06-17,20.530,20.830,20.275,20.420,639228.000,20.144
2021-06-16,20.650,20.900,20.350,20.630,922745.000,20.351
2021-06-15,21.190,21.395,20.640,20.670,1040402.000,20.391
2021-06-14,21.460,21.720,21.170,21.250,533659.000,20.963
2021-06-11,21.440,21.620,21.370,21.590,450391.000,21.298
2021-06-10,22.040,22.135,21.330,21.490,795604.000,21.200
2021-06-09,22.000,22.650,21.920,22.060,1833992.000,21.762
2021-06-08,22.000,22.200,21.412,21.940,767646.000,21.643
2021-06-07,21.070,21.930,20.930,21.910,1399827.000,21.614
2021-06-04,21.540,21.669,20.985,21.060,646157.000,20.775
2021-06-03,21.840,22.270,21.320,21.390,1712079.000,21.101
2021-06-02,21.110,21.660,20.858,21.620,1452583.000,21.328
2021-06-01,21.720,21.730,20.840,20.910,1737620.000,20.627
2021-05-28,21.290,21.860,21.250,21.580,1778246.000,21.288
2021-05-27,21.330,21.340,20.800,21.240,873273.000,20.953
2021-05-26,20.560,21.070,20.450,21.050,987650.000,20.765
2021-05-25,20.280,20.830,20.250,20.500,1398568.000,20.223
2021-05-24,20.180,20.335,19.880,20.110,549668.000,19.838
2021-05-21,20.160,20.360,20.064,20.160,506802.000,19.888
2021-05-20,20.070,20.240,19.870,20.090,461454.000,19.818
2021-05-19,19.810,20.000,19.638,19.940,725371.000,19.670
2021-05-18,20.080,20.479,19.920,20.320,1155835.000,20.045
2021-05-17,19.650,20.070,19.530,19.920,1019586.000,19.651
2021-05-14,19.400,19.840,19.350,19.690,828378.000,19.424
2021-05-13,19.600,20.000,18.870,19.200,2119762.000,18.940
2021-05-12,20.260,20.470,19.505,19.570,1000158.000,19.305
2021-05-11,19.730,20.600,19.700,20.420,991513.000,20.144
2021-05-10,21.300,21.330,20.670,20.700,1007383.000,20.420
2021-05-07,20.790,21.570,20.612,21.340,1912304.000,21.052
2021-05-06,20.740,20.810,20.160,20.450,1303788.000,20.174
2021-05-05,20.870,21.000,20.709,20.860,383592.000,20.578
2021-05-04,20.780,20.910,20.400,20.860,1176111.000,20.578
2021-05-03,21.520,21.568,20.982,21.050,1071824.000,20.765
2021-04-30,21.290,21.750,21.245,21.380,754905.000,21.091
2021-04-29,21.890,21.890,21.090,21.510,790405.000,21.219
2021-04-28,21.170,22.020,21.110,21.950,1000711.000,21.653
2021-04-27,21.610,21.690,21.135,21.240,644964.000,20.953
2021-04-26,21.170,21.520,21.085,21.500,673371.000,21.209
2021-04-23,20.640,21.200,20.517,21.150,618363.000,20.864
2021-04-22,20.940,20.990,20.380,20.540,646856.000,20.262
2021-04-21,19.960,20.850,19.830,20.850,1201354.000,20.568
2021-04-20,21.120,21.130,19.960,20.050,2007537.000,19.779
2021-04-19,21.140,21.520,20.765,20.990,1487347.000,20.706
2021-04-16,20.850,21.110,20.620,21.090,1128930.000,20.805
2021-04-15,21.150,21.440,20.790,20.920,1276888.000,20.637
2021-04-14,21.340,21.470,21.040,21.060,1168186.000,20.775
2021-04-13,21.000,21.540,20.860,21.420,1113352.000,21.130
2021-04-12,21.900,21.910,21.160,21.220,1938981.000,20.933
2021-04-09,22.140,22.510,22.020,22.310,673872.000,22.008
2021-04-08,22.090,22.380,21.780,22.300,624149.000,21.999
2021-04-07,22.390,22.500,21.816,21.860,817556.000,21.565
2021-04-06,22.910,22.950,22.410,22.460,813632.000,22.156
2021-04-05,23.280,23.290,22.690,22.910,981535.000,22.600
2021-04-01,23.220,23.310,22.810,22.890,1015482.000,22.581
2021-03-31,22.790,23.200,22.617,22.900,2055656.000,22.590
2021-03-30,22.060,22.411,21.760,22.360,1173951.000,22.058
2021-03-29,22.510,22.830,22.040,22.050,845439.000,21.752
2021-03-26,22.910,23.150,22.010,22.470,1257359.000,22.166
2021-03-25,21.770,22.669,21.550,22.560,1410224.000,22.255
2021-03-24,23.000,23.000,22.110,22.130,1387371.000,21.831
2021-03-23,23.460,23.740,22.660,22.770,1602575.000,22.462
2021-03-22,23.990,24.020,23.380,23.440,827125.000,23.103
2021-03-19,23.740,23.930,23.280,23.860,1114210.000,23.517
2021-03-18,24.330,24.530,23.325,23.390,2800151.000,23.054
2021-03-17,23.410,24.360,23.270,24.100,1427323.000,23.753
2021-03-16,25.190,25.248,23.570,23.780,2918783.000,23.438
2021-03-15,24.150,25.130,23.920,25.000,3300773.000,24.640
2021-03-12,23.110,24.230,23.060,24.050,2746208.000,23.704
2021-03-11,23.120,23.880,22.670,23.880,2838396.000,23.537
2021-03-10,23.300,23.310,21.990,22.350,2552728.000,22.029
2021-03-09,21.950,22.660,21.700,22.540,2109121.000,22.216
2021-03-08,21.090,21.760,20.780,21.270,1578753.000,20.964
2021-03-05,21.370,21.460,19.510,21.210,3696521.000,20.905
2021-03-04,22.130,22.560,20.658,21.200,4510734.000,20.895
2021-03-03,23.350,23.530,22.260,22.360,1535893.000,22.038
2021-03-02,23.730,24.500,23.130,23.190,2420123.000,22.856
2021-03-01,23.160,23.700,23.014,23.470,1576080.000,23.132
2021-02-26,22.820,23.370,22.300,22.560,1572951.000,22.236
2021-02-25,24.080,24.301,22.730,22.850,2027938.000,22.521
2021-02-24,23.820,24.328,23.270,24.280,2125146.000,23.931
2021-02-23,23.020,23.430,21.610,23.260,3856528.000,22.925
2021-02-22,24.580,24.860,24.050,24.050,2429770.000,23.704
2021-02-19,24.620,25.260,24.318,24.960,2299748.000,24.601
2021-02-18,25.720,26.100,24.200,24.200,2585636.000,23.852
2021-02-17,25.650,26.150,25.030,25.500,3691178.000,25.133
2021-02-16,25.660,27.110,25.300,26.910,5971960.000,26.523
2021-02-12,24.000,26.450,23.200,24.540,8099951.000,24.187
2021-02-11,31.904,32.090,24.650,25.040,20823309.000,24.680
2021-02-10,34.500,34.580,29.190,33.210,17512866.000,32.732
2021-02-09,26.620,29.490,26.260,28.900,8261699.000,28.484
2021-02-08,23.750,25.560,23.700,25.480,3506018.000,25.114
2021-02-05,23.800,23.880,23.070,23.360,2384582.000,23.024
2021-02-04,23.430,23.880,22.531,23.530,3540282.000,23.192
2021-02-03,22.600,23.890,22.360,23.300,6352936.000,22.965
2021-02-02,19.800,21.360,19.650,21.220,4491411.000,20.915
2021-02-01,19.270,19.420,18.770,19.320,1587517.000,19.042
2021-01-29,19.410,19.990,18.900,19.050,1824214.000,18.776
2021-01-28,19.340,20.187,19.230,19.570,2421373.000,19.289
2021-01-27,18.720,19.980,18.660,19.410,2823721.000,19.131
2021-01-26,19.000,19.740,18.970,19.520,2162530.000,19.239
2021-01-25,19.430,19.492,18.340,18.690,2564087.000,18.421
2021-01-22,18.990,19.450,18.830,19.420,2305195.000,19.141
2021-01-21,19.770,19.810,19.090,19.460,2196606.000,19.180
2021-01-20,20.120,20.270,19.510,19.800,2262715.000,19.515
2021-01-19,20.000,20.200,19.160,20.200,3039057.000,19.909
2021-01-15,20.800,20.970,19.340,19.820,5620180.000,19.535
2021-01-14,18.830,20.110,18.680,19.930,5611243.000,19.643
2021-01-13,17.850,18.630,17.720,18.380,3725414.000,18.116
2021-01-12,17.610,17.820,17.320,17.720,2413476.000,17.465
2021-01-11,16.700,17.785,16.650,17.500,3758286.000,17.248
2021-01-08,17.100,17.150,16.500,16.840,3823974.000,16.598
2021-01-07,17.210,17.490,16.830,16.960,5538079.000,16.716
2021-01-06,16.350,17.220,16.190,16.520,8351426.000,16.282
2021-01-05,14.910,15.360,14.825,15.290,2550845.000,15.070
2021-01-04,14.500,14.982,14.410,14.860,1664783.000,14.646
2020-12-31,14.640,14.645,14.310,14.350,984659.000,14.144
2020-12-30,14.380,14.745,14.272,14.640,1398171.000,14.429
2020-12-29,14.700,14.800,14.150,14.330,1911842.000,14.124
2020-12-28,15.110,15.120,14.630,14.660,1167526.000,14.449
2020-12-24,15.300,15.340,14.910,15.000,778273.000,14.784
2020-12-23,14.830,15.460,14.745,15.270,1323866.000,15.050
2020-12-22,14.850,15.020,14.705,14.890,774501.000,14.676
2020-12-21,14.850,14.980,14.690,14.800,1545909.000,14.587
2020-12-18,15.230,15.360,15.050,15.190,1100543.000,14.972
2020-12-17,15.490,15.490,15.130,15.220,1185019.000,15.001
2020-12-16,15.600,15.650,15.180,15.440,2154275.000,15.218
2020-12-15,14.880,15.235,14.591,15.200,1693456.000,14.981
2020-12-14,15.170,15.370,14.765,14.790,1253500.000,14.577
2020-12-11,15.130,15.280,14.990,15.110,946601.000,14.793
2020-12-10,14.910,15.300,14.860,15.290,978499.000,14.969
2020-12-09,15.650,15.680,14.740,15.120,1902002.000,14.802
2020-12-08,15.360,15.700,15.270,15.660,1243532.000,15.331
2020-12-07,15.770,15.790,15.260,15.500,1852098.000,15.174
2020-12-04,16.040,16.260,15.660,15.780,3528560.000,15.449
2020-12-03,15.630,15.975,15.348,15.830,2306644.000,15.498
2020-12-02,15.010,15.693,15.010,15.580,2621214.000,15.253
2020-12-01,16.190,16.200,14.935,15.000,3504784.000,14.685
2020-11-30,15.600,15.920,14.850,15.830,4819172.000,15.498
2020-11-27,14.500,15.220,14.420,15.210,2298951.000,14.891
2020-11-25,14.320,14.450,14.050,14.350,1983542.000,14.049
2020-11-24,14.250,14.520,14.050,14.340,3413408.000,14.039
2020-11-23,13.470,13.610,13.310,13.560,1527013.000,13.275
2020-11-20,13.400,13.480,13.250,13.360,1097173.000,13.079
2020-11-19,13.370,13.450,13.250,13.400,852291.000,13.119
2020-11-18,13.660,13.770,13.330,13.380,2048806.000,13.099
2020-11-17,13.130,13.570,13.120,13.550,1945833.000,13.265
2020-11-16,13.100,13.250,12.950,13.190,1175466.000,12.913
2020-11-13,12.930,13.080,12.810,13.070,1389698.000,12.796
2020-11-12,12.980,13.200,12.710,12.800,1503609.000,12.531
2020-11-11,12.860,13.280,12.550,13.100,2440891.000,12.825
2020-11-10,13.310,13.330,12.770,13.110,3041333.000,12.835
2020-11-09,15.382,15.513,13.730,13.850,5773765.000,13.559
2020-11-06,13.090,14.700,13.000,13.660,10131099.000,13.373
2020-11-05,11.930,12.510,11.730,12.480,4672684.000,12.218
2020-11-04,11.450,11.530,11.220,11.290,2346525.000,11.053
2020-11-03,11.670,11.700,11.290,11.650,3211691.000,11.405
2020-11-02,10.910,11.500,10.900,11.430,2739560.000,11.190
2020-10-30,10.810,10.820,10.510,10.720,1316613.000,10.495
2020-10-29,10.760,10.980,10.555,10.940,728047.000,10.710
2020-10-28,10.870,10.990,10.680,10.780,1981926.000,10.554
2020-10-27,11.180,11.246,11.020,11.030,697259.000,10.798
2020-10-26,11.480,11.480,11.010,11.090,1315411.000,10.857
2020-10-23,11.720,11.750,11.470,11.500,997051.000,11.258
2020-10-22,11.470,11.640,11.300,11.630,759487.000,11.386
2020-10-21,11.380,11.630,11.350,11.430,1086561.000,11.190
2020-10-20,11.520,11.560,11.200,11.340,1197292.000,11.102
2020-10-19,11.190,11.530,11.084,11.520,1172029.000,11.278
2020-10-16,11.260,11.290,11.070,11.100,1597233.000,10.867
2020-10-15,11.250,11.281,11.050,11.210,770163.000,10.975
2020-10-14,11.690,11.690,11.380,11.490,728386.000,11.249
2020-10-13,11.760,11.780,11.510,11.620,1577805.000,11.376
2020-10-12,11.690,12.020,11.615,11.880,2092318.000,11.631
2020-10-09,11.880,11.930,11.510,11.570,3029531.000,11.327
2020-10-08,11.060,11.605,11.020,11.540,2406209.000,11.298
2020-10-07,10.620,10.960,10.620,10.950,743278.000,10.720
2020-10-06,10.740,10.810,10.500,10.530,831224.000,10.309
2020-10-05,10.430,10.830,10.420,10.830,929125.000,10.603
2020-10-02,10.210,10.370,10.140,10.360,658895.000,10.142
2020-10-01,10.500,10.500,10.315,10.390,390479.000,10.172
2020-09-30,10.420,10.575,10.350,10.410,610891.000,10.191
2020-09-29,10.430,10.529,10.280,10.430,601473.000,10.211
2020-09-28,10.450,10.505,10.360,10.390,531506.000,10.172
2020-09-25,10.260,10.430,10.220,10.420,500005.000,10.201
2020-09-24,10.310,10.490,10.120,10.370,576664.000,10.152
2020-09-23,10.750,10.870,10.310,10.370,1498373.000,10.152
2020-09-22,10.860,11.098,10.750,11.070,440258.000,10.838
2020-09-21,11.020,11.057,10.695,10.830,678468.000,10.603
2020-09-18,11.350,11.350,11.030,11.180,671937.000,10.945
2020-09-17,11.330,11.350,11.170,11.290,585465.000,11.053
2020-09-16,11.360,11.600,11.341,11.430,353939.000,11.190
2020-09-15,11.440,11.455,11.300,11.360,456627.000,11.121
2020-09-14,11.350,11.530,11.201,11.480,423462.000,11.064
2020-09-11,11.440,11.500,11.157,11.250,350892.000,10.842
2020-09-10,11.610,11.700,11.416,11.420,506169.000,11.006
2020-09-09,11.470,11.620,11.400,11.550,343099.000,11.131
2020-09-08,11.530,11.530,11.270,11.310,1019971.000,10.900
2020-09-04,12.200,12.270,11.680,12.110,774257.000,11.671
2020-09-03,12.310,12.540,12.080,12.200,607990.000,11.757
2020-09-02,12.460,12.470,12.280,12.410,567640.000,11.960
2020-09-01,12.640,12.660,12.310,12.390,1181770.000,11.941
2020-08-31,12.720,12.720,12.450,12.630,851595.000,12.172
2020-08-28,12.370,12.680,12.310,12.680,485202.000,12.220
2020-08-27,12.360,12.475,12.280,12.340,311046.000,11.892
2020-08-26,12.460,12.460,12.270,12.340,378578.000,11.892
2020-08-25,12.370,12.484,12.270,12.470,460978.000,12.018
2020-08-24,12.380,12.400,12.210,12.400,616483.000,11.950
2020-08-21,12.500,12.520,12.300,12.400,762507.000,11.950
2020-08-20,12.650,12.650,12.500,12.550,587814.000,12.095
2020-08-19,12.680,12.840,12.650,12.750,298104.000,12.288
2020-08-18,12.730,12.780,12.620,12.690,647423.000,12.230
2020-08-17,12.760,12.800,12.670,12.720,491574.000,12.259
2020-08-14,12.890,12.890,12.630,12.690,577025.000,12.230
2020-08-13,12.740,12.910,12.680,12.870,445410.000,12.403
2020-08-12,12.850,12.900,12.680,12.780,638740.000,12.316
2020-08-11,12.840,12.970,12.620,12.660,913721.000,12.201
2020-08-10,12.890,12.977,12.790,12.940,765140.000,12.471
2020-08-07,12.900,12.911,12.470,12.600,949719.000,12.143
2020-08-06,13.350,13.350,12.920,12.940,794546.000,12.471
2020-08-05,13.650,13.650,13.400,13.520,416422.000,13.030
2020-08-04,13.360,13.600,13.200,13.590,598602.000,13.097
2020-08-03,13.050,13.380,13.000,13.340,870395.000,12.856
2020-07-31,13.270,13.380,12.900,12.940,995500.000,12.471
2020-07-30,13.180,13.330,13.100,13.290,358634.000,12.808
2020-07-29,13.730,13.750,13.260,13.280,932776.000,12.798
2020-07-28,13.350,13.899,13.320,13.750,1299539.000,13.251
2020-07-27,12.970,13.310,12.950,13.290,477774.000,12.808
2020-07-24,13.070,13.092,12.800,12.970,578798.000,12.500
2020-07-23,13.200,13.246,12.950,13.060,731214.000,12.586
2020-07-22,13.350,13.458,13.180,13.220,390157.000,12.740
2020-07-21,13.370,13.540,13.350,13.400,573221.000,12.914
2020-07-20,13.490,13.520,13.300,13.370,470272.000,12.885
2020-07-17,13.600,13.700,13.430,13.520,577879.000,13.030
2020-07-16,13.540,13.648,13.310,13.510,524660.000,13.020
2020-07-15,13.350,13.717,13.310,13.640,1153868.000,13.145
2020-07-14,13.060,13.260,12.880,13.260,481821.000,12.779
2020-07-13,13.180,13.590,13.010,13.100,1299194.000,12.625
2020-07-10,12.820,13.110,12.770,13.100,493899.000,12.625
2020-07-09,13.010,13.077,12.610,12.760,449329.000,12.297
2020-07-08,13.080,13.164,12.916,13.040,327736.000,12.567
2020-07-07,12.970,13.150,12.934,13.080,400355.000,12.606
2020-07-06,13.000,13.170,12.880,13.090,596618.000,12.615
2020-07-02,13.120,13.200,12.870,12.920,510333.000,12.451
2020-07-01,12.780,13.180,12.780,12.980,418332.000,12.509
2020-06-30,12.930,12.930,12.750,12.870,423095.000,12.403
2020-06-29,12.890,13.130,12.570,13.010,545207.000,12.538
2020-06-26,13.200,13.220,12.700,12.820,447502.000,12.355
2020-06-25,13.100,13.240,12.980,13.200,458990.000,12.721
2020-06-24,13.450,13.545,12.950,13.170,605080.000,12.692
2020-06-23,13.530,13.980,13.510,13.560,785909.000,13.068
2020-06-22,13.470,13.534,13.360,13.500,338919.000,13.010
2020-06-19,13.800,13.900,13.410,13.510,426832.000,13.020
2020-06-18,13.540,13.800,13.420,13.660,503078.000,13.165
2020-06-17,13.890,13.920,13.510,13.600,683771.000,13.107
2020-06-16,14.030,14.045,13.620,13.850,644480.000,13.348
2020-06-15,13.180,13.650,12.910,13.600,467832.000,13.107
2020-06-12,13.780,14.053,13.450,13.750,574824.000,12.984
2020-06-11,14.280,14.380,13.410,13.450,1506313.000,12.701
2020-06-10,15.030,15.230,14.720,14.850,652085.000,14.023
2020-06-09,15.100,15.340,14.810,14.990,930775.000,14.155
2020-06-08,14.140,15.280,14.100,15.270,1843193.000,14.419
2020-06-05,14.140,14.220,13.970,14.040,799034.000,13.258
2020-06-04,13.990,14.170,13.820,14.000,539124.000,13.220
2020-06-03,13.910,14.150,13.880,14.060,637418.000,13.277
2020-06-02,13.930,14.000,13.713,13.850,496515.000,13.078
2020-06-01,13.660,13.947,13.530,13.870,727654.000,13.097
2020-05-29,13.790,13.900,13.420,13.760,1025825.000,12.993
2020-05-28,14.200,14.750,14.101,14.380,971836.000,13.579
2020-05-27,14.410,14.500,13.670,14.250,1196979.000,13.456
2020-05-26,14.520,14.628,14.176,14.280,1774866.000,13.484
2020-05-22,13.540,14.080,13.161,14.030,2312375.000,13.248
2020-05-21,13.000,13.560,12.750,13.470,1704337.000,12.720
2020-05-20,12.810,12.880,12.580,12.700,387721.000,11.992
2020-05-19,12.960,12.990,12.510,12.660,897271.000,11.955
2020-05-18,12.610,13.190,12.520,12.940,1882213.000,12.219
2020-05-15,11.330,11.990,11.232,11.990,995961.000,11.322
2020-05-14,10.770,11.100,10.510,11.100,544023.000,10.482
2020-05-13,11.520,11.590,10.800,10.960,981372.000,10.349
2020-05-12,11.870,11.960,11.520,11.550,528338.000,10.907
2020-05-11,11.760,11.800,11.620,11.700,376401.000,11.048
2020-05-08,11.890,11.980,11.760,11.810,427726.000,11.152
2020-05-07,11.850,11.950,11.650,11.820,303565.000,11.161
2020-05-06,11.820,11.950,11.680,11.770,345165.000,11.114
2020-05-05,11.960,12.187,11.800,11.850,502774.000,11.190
2020-05-04,11.550,11.950,11.440,11.950,494266.000,11.284
2020-05-01,11.890,12.000,11.351,11.550,796424.000,10.907
2020-04-30,12.380,12.380,11.980,12.060,674460.000,11.388
2020-04-29,12.370,12.510,12.300,12.440,696070.000,11.747
2020-04-28,12.760,12.820,12.104,12.260,698531.000,11.577
2020-04-27,12.030,12.528,12.030,12.380,1206251.000,11.690
2020-04-24,11.610,11.950,11.460,11.900,640578.000,11.237
2020-04-23,11.380,11.655,11.370,11.500,845462.000,10.859
2020-04-22,11.560,11.620,11.320,11.440,288990.000,10.803
2020-04-21,11.300,11.578,11.170,11.290,468455.000,10.661
2020-04-20,11.390,11.870,11.270,11.550,644777.000,10.907
2020-04-17,11.410,11.600,11.340,11.520,650514.000,10.878
2020-04-16,11.380,11.420,10.960,11.120,472829.000,10.500
2020-04-15,11.550,11.550,11.240,11.370,804819.000,10.737
2020-04-14,11.600,11.770,11.430,11.650,590838.000,11.001
2020-04-13,11.420,11.450,11.150,11.450,408261.000,10.812
2020-04-09,11.540,11.650,11.270,11.450,542258.000,10.812
2020-04-08,11.120,11.420,10.910,11.310,478122.000,10.680
2020-04-07,11.360,11.420,10.970,11.000,534125.000,10.387
2020-04-06,10.920,11.060,10.710,10.960,627529.000,10.349
2020-04-03,10.730,10.900,10.410,10.440,548136.000,9.858
2020-04-02,10.590,11.090,10.490,10.770,604418.000,10.170
2020-04-01,11.090,11.276,10.520,10.560,879426.000,9.972
2020-03-31,11.360,11.910,11.250,11.400,408557.000,10.765
2020-03-30,12.000,12.080,11.400,11.550,570847.000,10.907
2020-03-27,11.880,12.430,11.791,12.130,1001965.000,11.454
2020-03-26,11.280,12.650,11.264,12.110,1982413.000,11.435
2020-03-25,10.560,11.250,10.320,11.000,1055880.000,10.387
2020-03-24,10.220,10.470,10.020,10.410,908910.000,9.830
2020-03-23,9.600,9.960,9.337,9.600,973530.000,9.065
2020-03-20,9.740,10.433,9.700,9.720,1386648.000,9.178
2020-03-19,9.060,9.970,9.000,9.650,870620.000,9.112
2020-03-18,9.020,9.700,8.810,9.100,1148671.000,8.593
2020-03-17,9.550,10.027,9.120,9.950,720059.000,9.396
2020-03-16,9.140,10.090,9.030,9.540,961935.000,8.919
2020-03-13,10.530,10.530,9.600,10.340,1267333.000,9.667
2020-03-12,10.090,10.528,9.880,9.920,1562719.000,9.274
2020-03-11,11.850,12.086,11.200,11.340,919548.000,10.602
2020-03-10,12.290,12.390,11.700,12.140,763850.000,11.350
2020-03-09,11.640,12.446,11.450,11.750,1166716.000,10.985
2020-03-06,13.260,13.513,12.900,13.100,1101828.000,12.247
2020-03-05,13.940,14.195,13.640,13.740,685728.000,12.845
2020-03-04,13.910,14.380,13.790,14.340,699747.000,13.406
2020-03-03,14.010,14.310,13.560,13.730,1088200.000,12.836
2020-03-02,14.140,14.280,13.690,14.210,702219.000,13.285
2020-02-28,13.650,13.966,12.500,13.910,1797777.000,13.004
2020-02-27,14.650,14.700,13.780,14.180,1399563.000,13.257
2020-02-26,14.980,15.350,14.810,14.940,645564.000,13.967
2020-02-25,15.780,15.800,14.990,15.020,1518264.000,14.042
2020-02-24,15.890,15.940,15.540,15.580,1110837.000,14.566
2020-02-21,16.630,16.720,16.371,16.480,635614.000,15.407
2020-02-20,16.530,17.120,16.350,16.690,978738.000,15.603
2020-02-19,16.380,16.530,16.330,16.530,507601.000,15.454
2020-02-18,16.430,16.540,16.160,16.380,515882.000,15.314
2020-02-14,16.530,16.670,16.160,16.430,1268756.000,15.360
2020-02-13,15.710,15.970,15.670,15.840,612308.000,14.809
2020-02-12,16.100,16.179,15.730,15.740,960995.000,14.715
2020-02-11,15.880,16.270,15.750,16.040,827274.000,14.996
2020-02-10,16.080,16.100,15.830,15.830,1101824.000,14.799
2020-02-07,16.100,16.270,15.910,16.090,1459688.000,15.042
2020-02-06,16.740,16.880,16.430,16.430,645948.000,15.360
2020-02-05,17.100,17.110,16.700,16.720,618311.000,15.631
2020-02-04,16.790,17.140,16.760,16.960,647391.000,15.856
2020-02-03,16.670,16.810,16.500,16.660,579725.000,15.575
2020-01-31,16.880,16.900,16.430,16.540,807816.000,15.463
2020-01-30,16.960,17.121,16.770,16.910,893773.000,15.809
2020-01-29,17.410,17.480,17.080,17.120,610021.000,16.005
2020-01-28,17.110,17.310,16.950,17.290,1160509.000,16.164
2020-01-27,16.980,17.130,16.600,16.850,1046869.000,15.753
2020-01-24,18.330,18.480,17.300,17.430,1556854.000,16.295
2020-01-23,18.290,18.505,17.917,18.280,939727.000,17.090
2020-01-22,18.460,18.546,18.120,18.270,681204.000,17.080
2020-01-21,18.810,19.060,18.205,18.290,1616973.000,17.099
2020-01-17,18.730,19.070,18.460,18.750,955437.000,17.529
2020-01-16,19.060,19.325,18.530,18.690,1960188.000,17.473
2020-01-15,18.080,19.044,17.850,18.750,3301630.000,17.529
2020-01-14,17.270,17.860,16.830,17.790,2433976.000,16.632
2020-01-13,16.500,17.390,16.220,17.340,1805647.000,16.211
2020-01-10,16.740,16.750,16.380,16.440,879971.000,15.370
2020-01-09,16.490,16.780,16.329,16.740,1054189.000,15.650
2020-01-08,16.230,16.710,15.980,16.390,1642712.000,15.323
2020-01-07,16.410,16.650,16.225,16.240,696438.000,15.183
2020-01-06,16.650,16.700,16.410,16.450,1260284.000,15.379
2020-01-03,16.790,16.990,16.580,16.730,1122013.000,15.641
2020-01-02,17.460,17.460,16.725,16.900,1420909.000,15.800
2019-12-31,16.110,17.230,16.100,17.120,2426242.000,16.005
2019-12-30,16.410,16.480,16.190,16.210,2007621.000,15.155
2019-12-27,16.730,16.861,16.650,16.700,1279684.000,15.310
2019-12-26,17.040,17.070,16.725,16.730,1343213.000,15.338
2019-12-24,16.910,17.140,16.850,17.140,896351.000,15.714
2019-12-23,17.060,17.120,16.815,16.940,1028113.000,15.530
2019-12-20,17.100,17.200,16.910,17.090,578018.000,15.668
2019-12-19,16.860,17.180,16.771,17.050,676091.000,15.631
2019-12-18,17.250,17.270,16.830,16.880,847993.000,15.475
2019-12-17,17.530,17.530,17.170,17.260,691246.000,15.824
2019-12-16,17.610,17.750,17.400,17.520,753642.000,16.062
2019-12-13,17.720,17.910,17.480,17.490,863705.000,16.035
2019-12-12,17.070,17.484,17.000,17.460,671155.000,16.007
2019-12-11,17.000,17.270,16.910,16.970,640443.000,15.558
2019-12-10,17.400,17.431,17.000,17.070,649058.000,15.650
2019-12-09,16.830,17.450,16.820,17.400,924797.000,15.952
2019-12-06,16.840,16.900,16.760,16.840,356863.000,15.439
2019-12-05,16.980,17.060,16.712,16.840,655613.000,15.439
2019-12-04,17.140,17.200,16.860,16.860,377863.000,15.457
2019-12-03,16.740,17.080,16.570,17.050,568370.000,15.631
2019-12-02,17.290,17.290,16.800,16.920,485235.000,15.512
2019-11-29,17.350,17.450,17.130,17.260,272574.000,15.824
2019-11-27,17.020,17.310,17.020,17.270,609681.000,15.833
2019-11-26,17.130,17.374,16.850,16.980,1012585.000,15.567
2019-11-25,17.610,18.000,17.220,17.280,849578.000,15.842
2019-11-22,18.440,18.480,17.400,17.550,1170280.000,16.090
2019-11-21,17.800,18.980,17.440,18.580,2900705.000,17.034
2019-11-20,16.850,17.500,16.830,17.180,1859821.000,15.750
2019-11-19,16.000,16.860,15.950,16.630,1071643.000,15.246
2019-11-18,16.710,16.825,16.000,16.070,1668898.000,14.733
2019-11-15,16.860,17.090,16.705,16.800,1384308.000,15.402
2019-11-14,17.600,17.640,17.030,17.190,1663365.000,15.760
2019-11-13,18.500,18.583,18.010,18.010,898585.000,16.511
2019-11-12,19.070,19.110,18.510,18.560,804286.000,17.016
2019-11-11,19.660,19.721,19.050,19.150,577504.000,17.557
2019-11-08,18.820,19.650,18.800,19.640,941565.000,18.006
2019-11-07,19.300,19.500,18.800,18.820,1013893.000,17.254
2019-11-06,19.500,19.600,19.230,19.250,679865.000,17.648
2019-11-05,19.520,19.930,19.520,19.640,351365.000,18.006
2019-11-04,19.670,19.850,19.510,19.590,405629.000,17.960
2019-11-01,19.450,19.770,19.315,19.600,369225.000,17.969
2019-10-31,19.430,19.446,19.050,19.390,270495.000,17.777
2019-10-30,19.570,19.840,19.377,19.430,368388.000,17.813
2019-10-29,20.030,20.080,19.552,19.560,480915.000,17.932
2019-10-28,20.620,20.800,20.150,20.150,448807.000,18.473
2019-10-25,20.320,20.671,20.150,20.480,503123.000,18.776
2019-10-24,20.330,20.600,20.180,20.450,514038.000,18.748
2019-10-23,19.690,20.280,19.570,20.220,540745.000,18.538
2019-10-22,19.930,19.930,19.610,19.830,266750.000,18.180
2019-10-21,19.600,20.000,19.200,19.920,1055610.000,18.263
2019-10-18,20.200,20.230,19.340,19.610,567639.000,17.978
2019-10-17,20.000,20.229,19.600,20.060,1370673.000,18.391
2019-10-16,19.730,19.799,19.171,19.350,762370.000,17.740
2019-10-15,18.810,19.680,18.780,19.620,1072064.000,17.987
2019-10-14,18.620,18.740,18.070,18.410,794105.000,16.878
2019-10-11,18.740,19.090,18.620,18.650,787415.000,17.098
2019-10-10,19.650,19.650,18.620,18.670,1653818.000,17.117
2019-10-09,20.160,20.278,19.800,19.850,509140.000,18.198
2019-10-08,20.210,20.330,19.880,20.040,856948.000,18.373
2019-10-07,20.770,20.800,20.385,20.390,649749.000,18.693
2019-10-04,21.150,21.350,20.810,20.880,598019.000,19.143
2019-10-03,20.270,21.030,19.965,21.030,697198.000,19.280
2019-10-02,20.160,20.580,19.360,20.270,1184522.000,18.583
2019-10-01,20.820,20.990,20.090,20.260,548856.000,18.574
2019-09-30,21.460,21.614,20.730,20.760,859232.000,19.033
2019-09-27,22.080,22.189,21.400,21.460,750556.000,19.674
2019-09-26,22.540,22.600,21.710,21.990,985168.000,20.160
2019-09-25,22.170,22.220,21.480,22.090,1117645.000,20.252
2019-09-24,23.150,23.250,21.910,21.940,1031068.000,20.114
2019-09-23,23.150,23.440,22.920,22.990,448691.000,21.077
2019-09-20,23.500,23.500,22.930,23.190,1145744.000,21.260
2019-09-19,24.000,24.240,23.500,23.580,674496.000,21.360
2019-09-18,23.980,24.100,23.670,24.000,378129.000,21.741
2019-09-17,24.580,24.789,24.000,24.060,342061.000,21.795
2019-09-16,25.150,25.260,24.590,24.590,405363.000,22.275
2019-09-13,25.260,25.350,25.000,25.220,244830.000,22.846
2019-09-12,25.320,25.480,25.070,25.080,544301.000,22.719
2019-09-11,25.600,25.870,25.400,25.710,565205.000,23.290
2019-09-10,25.080,25.520,24.720,25.490,294205.000,23.090
2019-09-09,26.000,26.180,25.019,25.020,525203.000,22.664
2019-09-06,25.400,25.950,25.107,25.730,1102399.000,23.308
2019-09-05,24.650,25.389,24.547,25.330,769500.000,22.945
2019-09-04,24.780,24.970,23.920,24.280,445534.000,21.994
2019-09-03,23.920,24.690,23.840,24.650,323706.000,22.329
2019-08-30,24.450,24.500,23.920,24.010,438904.000,21.750
2019-08-29,24.430,24.466,24.200,24.260,460915.000,21.976
2019-08-28,23.610,24.200,23.185,24.040,658274.000,21.777
2019-08-27,24.830,24.975,23.630,23.800,592338.000,21.559
2019-08-26,24.990,25.020,24.470,24.700,606151.000,22.375
2019-08-23,25.250,25.690,24.750,24.780,615836.000,22.447
2019-08-22,26.000,26.075,25.350,25.410,351335.000,23.018
2019-08-21,25.960,26.150,25.770,26.010,442975.000,23.561
2019-08-20,25.500,26.175,25.500,25.800,371406.000,23.371
2019-08-19,26.350,26.630,25.801,25.980,451983.000,23.534
2019-08-16,25.710,26.450,25.710,26.250,1099939.000,23.779
2019-08-15,26.790,26.800,25.610,25.710,995887.000,23.290
2019-08-14,28.000,28.000,27.100,27.120,867203.000,24.567
2019-08-13,28.070,28.935,28.000,28.920,442766.000,26.197
2019-08-12,28.520,28.520,27.900,28.230,310293.000,25.572
2019-08-09,28.840,28.910,28.090,28.550,266352.000,25.862
2019-08-08,29.150,29.250,28.520,28.710,315860.000,26.007
2019-08-07,28.280,28.600,27.960,28.490,483769.000,25.808
2019-08-06,27.750,28.750,27.710,28.240,501155.000,25.581
2019-08-05,28.280,28.280,27.260,27.500,405920.000,24.911
2019-08-02,27.480,28.350,27.450,28.330,700289.000,25.663
2019-08-01,27.980,28.043,26.953,27.020,725521.000,24.476
2019-07-31,28.050,28.500,27.900,28.080,282424.000,25.436
2019-07-30,27.840,28.389,27.550,28.190,429757.000,25.536
2019-07-29,28.570,28.668,27.820,28.180,608172.000,25.527
2019-07-26,28.390,28.772,28.230,28.620,354630.000,25.926
2019-07-25,28.780,29.170,28.340,28.410,309836.000,25.735
2019-07-24,29.000,29.070,28.660,28.900,476598.000,26.179
2019-07-23,29.390,29.413,29.011,29.180,561110.000,26.433
2019-07-22,29.790,29.830,29.280,29.480,488602.000,26.705
2019-07-19,30.040,30.260,29.780,29.830,298190.000,27.022
2019-07-18,30.250,30.315,29.800,30.180,340540.000,27.339
2019-07-17,30.120,30.650,30.120,30.420,474312.000,27.556
2019-07-16,30.070,30.350,29.800,30.120,256361.000,27.284
2019-07-15,29.450,30.050,29.030,30.010,503023.000,27.185
2019-07-12,30.490,30.500,29.414,29.460,1023555.000,26.686
2019-07-11,31.050,31.080,30.450,30.660,401484.000,27.774
2019-07-10,31.440,31.590,30.900,30.900,403262.000,27.991
2019-07-09,31.230,31.410,30.900,31.240,406832.000,28.299
2019-07-08,31.600,31.640,31.160,31.260,549843.000,28.317
2019-07-05,31.860,31.930,31.501,31.740,280085.000,28.752
2019-07-03,31.600,31.910,31.260,31.830,422899.000,28.833
2019-07-02,32.120,32.160,31.450,31.620,290477.000,28.643
2019-07-01,32.050,32.140,31.810,32.100,245504.000,29.078
2019-06-28,31.700,31.900,31.520,31.680,260652.000,28.697
2019-06-27,31.440,31.750,31.385,31.700,228807.000,28.553
2019-06-26,31.360,31.490,31.050,31.300,323050.000,28.193
2019-06-25,31.660,31.742,31.190,31.190,258635.000,28.094
2019-06-24,31.910,31.910,31.280,31.690,535228.000,28.544
2019-06-21,32.110,32.130,31.250,31.980,502222.000,28.806
2019-06-20,32.400,32.640,32.190,32.530,368196.000,29.301
2019-06-19,31.700,32.150,31.617,31.980,357220.000,28.806
2019-06-18,31.720,31.950,31.550,31.550,268629.000,28.418
2019-06-17,31.250,31.530,31.000,31.530,275610.000,28.400
2019-06-14,31.850,31.900,31.110,31.170,426840.000,28.076
2019-06-13,32.590,32.690,31.880,31.950,369398.000,28.779
2019-06-12,32.450,32.530,32.060,32.480,309247.000,29.256
2019-06-11,33.150,33.180,32.250,32.550,389610.000,29.319
2019-06-10,32.640,33.240,32.500,32.940,754233.000,29.670
2019-06-07,31.770,32.450,31.655,32.080,459959.000,28.896
2019-06-06,31.620,31.688,31.200,31.480,311302.000,28.355
2019-06-05,32.400,32.460,31.250,31.600,445070.000,28.463
2019-06-04,30.530,31.620,30.420,31.620,362757.000,28.481
2019-06-03,30.950,31.200,30.000,30.120,621082.000,27.130
2019-05-31,31.500,31.600,30.780,30.970,670301.000,27.896
2019-05-30,32.700,32.900,31.810,31.820,599947.000,28.661
2019-05-29,33.100,33.190,32.260,32.440,565794.000,29.220
2019-05-28,33.700,33.850,33.060,33.230,399448.000,29.931
2019-05-24,33.590,33.880,33.310,33.450,414953.000,30.130
2019-05-23,33.830,34.000,32.920,33.030,351484.000,29.751
2019-05-22,33.950,34.550,33.800,34.070,297125.000,30.688
2019-05-21,33.650,33.990,33.554,33.890,325811.000,30.526
2019-05-20,33.500,33.550,33.000,33.250,333384.000,29.950
2019-05-17,33.700,34.120,33.510,33.670,641137.000,30.328
2019-05-16,34.100,34.240,33.880,33.880,354835.000,30.517
2019-05-15,33.250,33.939,32.900,33.850,550996.000,30.490
2019-05-14,32.850,33.580,32.730,33.290,867225.000,29.986
2019-05-13,33.640,33.670,32.250,32.520,963592.000,29.292
2019-05-10,33.950,34.380,33.530,34.300,493882.000,30.895
2019-05-09,34.600,34.620,33.770,34.020,546925.000,30.643
2019-05-08,34.650,35.000,34.550,34.670,412595.000,31.229
2019-05-07,35.550,35.690,34.530,34.760,540802.000,31.310
2019-05-06,34.700,35.660,34.493,35.510,399258.000,31.985
2019-05-03,35.050,35.460,34.946,35.430,376950.000,31.913
2019-05-02,35.560,35.570,34.280,34.860,723263.000,31.400
2019-05-01,35.750,35.990,35.360,35.480,511680.000,31.958
2019-04-30,35.950,36.220,35.370,35.660,426554.000,32.120
2019-04-29,35.430,35.930,35.161,35.900,561954.000,32.336
2019-04-26,34.650,35.310,34.620,35.310,463694.000,31.805
2019-04-25,34.760,34.836,34.480,34.620,394118.000,31.184
2019-04-24,34.850,35.150,34.559,34.940,588254.000,31.472
2019-04-23,35.000,35.000,34.520,34.850,670384.000,31.391
2019-04-22,34.000,34.920,33.900,34.910,760204.000,31.445
2019-04-18,34.930,34.940,33.753,33.880,821561.000,30.517
2019-04-17,34.430,34.660,33.890,34.090,949200.000,30.706
2019-04-16,34.000,34.539,33.950,34.140,551698.000,30.751
2019-04-15,35.000,35.090,33.770,33.900,1122175.000,30.535
2019-04-12,35.210,35.530,34.990,35.090,575796.000,31.607
2019-04-11,35.900,35.912,34.700,34.990,794634.000,31.517
2019-04-10,35.280,35.950,35.270,35.900,422132.000,32.336
2019-04-09,35.800,35.918,35.130,35.270,702247.000,31.769
2019-04-08,36.320,36.430,35.800,35.870,565296.000,32.309
2019-04-05,36.100,36.340,36.030,36.300,421786.000,32.697
2019-04-04,36.400,36.400,35.600,35.920,540812.000,32.354
2019-04-03,36.500,36.600,35.870,35.960,725167.000,32.391
2019-04-02,36.710,36.740,36.130,36.380,459373.000,32.769
2019-04-01,36.700,36.800,36.170,36.630,715256.000,32.994
2019-03-29,36.360,36.600,36.056,36.370,598841.000,32.760
2019-03-28,36.100,36.410,35.130,36.050,790907.000,32.472
2019-03-27,37.180,37.289,35.540,36.140,981875.000,32.553
2019-03-26,37.080,37.380,36.918,37.300,610470.000,33.597
2019-03-25,36.660,37.483,36.400,37.050,989024.000,33.265
2019-03-22,38.100,38.230,36.680,36.830,1315959.000,33.068
2019-03-21,38.260,38.570,38.040,38.440,714956.000,34.513
2019-03-20,38.730,38.890,38.000,38.370,1029936.000,34.450
2019-03-19,39.000,39.250,38.640,38.740,2192632.000,34.783
2019-03-18,37.400,38.370,37.360,38.340,1525442.000,34.424
2019-03-15,37.300,37.384,36.650,37.350,1028054.000,33.535
2019-03-14,37.010,37.060,36.500,36.800,572738.000,33.041
2019-03-13,37.280,37.500,36.660,36.900,881970.000,33.131
2019-03-12,36.360,37.030,36.120,36.570,890378.000,32.834
2019-03-11,35.850,36.360,35.740,36.320,567874.000,32.610
2019-03-08,34.800,35.800,34.500,35.680,849146.000,32.035
2019-03-07,36.680,36.830,35.600,35.630,820700.000,31.990
2019-03-06,37.350,37.650,36.310,36.670,777086.000,32.924
2019-03-05,37.000,37.570,36.360,37.280,744243.000,33.472
2019-03-04,37.380,37.410,35.950,36.650,1033694.000,32.906
2019-03-01,37.380,37.450,36.700,37.120,693734.000,33.328
2019-02-28,37.120,37.350,37.000,37.090,905820.000,33.301
2019-02-27,37.150,37.360,36.590,37.080,909094.000,33.292
2019-02-26,36.100,36.940,35.900,36.830,771916.000,33.068
2019-02-25,36.700,36.740,36.015,36.130,774532.000,32.439
2019-02-22,36.460,36.637,36.000,36.540,574258.000,32.807
2019-02-21,36.210,36.620,35.952,36.110,828200.000,32.421
2019-02-20,35.760,36.280,35.700,36.230,1152797.000,32.529
2019-02-19,35.400,35.710,35.251,35.630,971709.000,31.990
2019-02-15,35.550,35.910,35.010,35.690,1127607.000,32.044
2019-02-14,34.980,35.000,34.520,34.940,519517.000,31.371
2019-02-13,34.820,35.136,34.670,34.930,1140161.000,31.362
2019-02-12,33.300,34.654,32.960,34.400,875983.000,30.886
2019-02-11,34.700,34.755,33.270,33.530,1118104.000,30.105
2019-02-08,35.280,35.470,34.220,34.330,1241039.000,30.823
2019-02-07,34.000,35.480,33.650,35.220,1333479.000,31.622
2019-02-06,36.000,36.210,34.010,34.650,2038958.000,31.110
2019-02-05,37.260,37.700,35.710,36.570,1870554.000,32.834
2019-02-04,36.480,38.350,36.270,37.270,2552415.000,33.463
2019-02-01,35.580,36.380,35.550,35.860,1564475.000,32.197
2019-01-31,34.180,35.200,33.890,35.160,978682.000,31.568
2019-01-30,33.470,34.120,33.120,33.810,1072650.000,30.356
2019-01-29,33.970,34.390,32.640,33.230,1369539.000,29.836
2019-01-28,31.830,33.830,31.520,33.800,1442961.000,30.347
2019-01-25,31.800,32.100,31.300,32.000,972596.000,28.731
2019-01-24,30.600,31.240,30.500,31.210,541280.000,28.022
2019-01-23,31.270,31.317,30.100,30.650,490581.000,27.519
2019-01-22,31.230,31.650,30.700,30.940,932041.000,27.779
2019-01-18,30.950,31.300,30.610,31.020,814064.000,27.851
2019-01-17,30.400,30.898,30.110,30.600,540000.000,27.474
2019-01-16,30.540,30.890,30.200,30.680,626345.000,27.546
2019-01-15,31.500,31.580,30.030,30.280,1094522.000,27.187
2019-01-14,30.840,31.510,30.400,31.290,1097200.000,28.094
2019-01-11,29.880,31.320,29.580,30.780,1364542.000,27.636
2019-01-10,28.980,30.000,28.600,29.590,1042188.000,26.567
2019-01-09,28.000,29.130,27.810,28.990,827003.000,26.029
2019-01-08,28.140,28.290,27.100,27.800,664943.000,24.960
2019-01-07,27.500,27.840,27.100,27.840,643403.000,24.996
2019-01-04,26.880,27.300,26.720,27.090,483646.000,24.323
2019-01-03,26.400,27.180,26.020,26.440,665519.000,23.739
2019-01-02,24.740,26.500,24.550,26.420,802419.000,23.721
2018-12-31,25.530,25.700,24.750,24.940,732701.000,22.392
2018-12-28,24.480,25.460,24.150,25.150,777804.000,22.581
2018-12-27,24.100,24.320,23.260,24.140,490890.000,21.674
2018-12-26,23.930,24.180,23.338,24.180,574302.000,21.710
2018-12-24,23.300,24.000,23.010,23.660,699742.000,21.243
2018-12-21,25.720,25.720,23.978,24.180,1441177.000,21.358
2018-12-20,26.120,26.190,24.858,25.270,820692.000,22.321
2018-12-19,26.750,26.970,25.630,25.850,520549.000,22.833
2018-12-18,26.590,26.930,26.150,26.550,441829.000,23.451
2018-12-17,27.080,27.490,26.150,26.400,649985.000,23.319
2018-12-14,27.000,27.850,26.650,27.230,412145.000,24.052
2018-12-13,28.670,28.780,27.120,27.450,678754.000,24.246
2018-12-12,29.260,29.390,28.320,28.390,634863.000,25.077
2018-12-11,28.900,29.190,28.455,29.080,590967.000,25.686
2018-12-10,28.920,29.430,27.890,28.600,745929.000,25.262
2018-12-07,29.900,29.900,28.590,28.920,963988.000,25.545
2018-12-06,26.400,27.760,26.100,27.550,921240.000,24.335
2018-12-04,29.200,29.410,28.000,28.100,628267.000,24.820
2018-12-03,29.850,30.838,28.350,29.100,2254557.000,25.704
2018-11-30,29.360,29.405,28.771,29.360,368371.000,25.933
2018-11-29,29.700,29.780,28.900,29.290,290894.000,25.872
2018-11-28,28.937,29.770,28.900,29.770,513924.000,26.296
2018-11-27,29.000,29.350,28.519,28.650,375002.000,25.306
2018-11-26,30.440,30.860,28.870,29.010,468205.000,25.624
2018-11-23,29.590,30.150,29.290,30.050,339189.000,26.543
2018-11-21,29.490,30.000,29.250,29.700,476807.000,26.234
2018-11-20,28.500,29.800,28.200,28.900,650398.000,25.527
2018-11-19,30.610,30.610,29.250,29.500,541798.000,26.057
2018-11-16,31.140,31.610,30.600,30.640,361143.000,27.064
2018-11-15,29.580,31.590,29.395,31.170,638553.000,27.532
2018-11-14,30.220,30.530,28.610,29.500,1287038.000,26.057
2018-11-13,31.490,31.962,30.670,30.850,589488.000,27.249
2018-11-12,33.290,33.290,31.095,31.870,806738.000,28.150
2018-11-09,34.000,34.050,32.500,32.510,792742.000,28.716
2018-11-08,36.100,36.150,34.250,34.460,1224958.000,30.438
2018-11-07,35.350,36.970,34.042,36.700,2726189.000,32.417
2018-11-06,33.520,34.900,32.876,34.280,1359011.000,30.279
2018-11-05,32.540,33.540,31.960,33.420,749612.000,29.520
2018-11-02,32.050,32.380,31.570,32.300,606222.000,28.530
2018-11-01,31.440,31.999,30.812,31.810,603792.000,28.097
2018-10-31,30.440,31.380,30.029,31.020,865392.000,27.400
2018-10-30,28.310,30.270,28.211,29.740,851951.000,26.269
2018-10-29,32.380,32.814,28.610,29.220,1206187.000,25.810
2018-10-26,31.850,32.830,31.310,31.990,658248.000,28.256
2018-10-25,31.410,33.140,31.310,32.270,945737.000,28.504
2018-10-24,33.880,34.090,31.270,31.430,1036679.000,27.762
2018-10-23,31.360,34.310,30.950,33.010,1893834.000,29.157
2018-10-22,37.600,37.616,33.130,33.990,2459997.000,30.023
2018-10-19,39.870,40.200,36.790,37.500,1484508.000,33.123
2018-10-18,39.950,40.660,39.200,39.400,884976.000,34.802
2018-10-17,39.700,40.160,37.875,39.710,1457085.000,35.075
2018-10-16,44.200,44.290,40.290,40.900,2007810.000,36.127
2018-10-15,39.990,42.580,39.860,42.480,1730218.000,37.522
2018-10-12,38.850,39.320,38.100,39.230,900937.000,34.651
2018-10-11,37.620,38.000,37.210,37.420,672305.000,33.053
2018-10-10,40.000,40.000,37.500,38.230,943456.000,33.768
2018-10-09,39.990,39.990,39.030,39.240,586634.000,34.660
2018-10-08,39.190,39.600,38.500,39.410,628221.000,34.810
2018-10-05,39.740,39.850,37.811,38.820,603683.000,34.289
2018-10-04,39.860,40.040,38.500,39.090,630260.000,34.528
2018-10-03,39.300,40.160,38.500,40.040,706741.000,35.367
2018-10-02,40.420,40.520,38.460,38.660,899835.000,34.148
2018-10-01,41.230,41.480,40.230,40.700,1024066.000,35.950
2018-09-28,38.870,40.150,38.650,40.050,653563.000,35.376
2018-09-27,39.000,39.240,38.210,38.720,979067.000,34.201
2018-09-26,40.050,40.150,38.740,38.940,892297.000,34.395
2018-09-25,40.800,40.946,39.200,39.360,1106105.000,34.766
2018-09-24,38.320,39.864,37.350,39.270,1311741.000,34.643
2018-09-21,42.700,42.860,39.230,39.500,2412714.000,34.846
2018-09-20,42.550,43.690,41.210,43.010,2471716.000,37.942
2018-09-19,43.650,45.399,38.250,41.210,5218600.000,36.354
2018-09-18,38.560,41.500,38.250,39.680,2468893.000,35.004
2018-09-17,36.850,37.400,36.343,37.150,1082273.000,32.773
2018-09-14,33.930,36.299,33.510,35.770,1045149.000,31.555
2018-09-13,38.300,38.300,34.920,35.330,1154431.000,31.167
2018-09-12,37.600,38.500,36.500,37.700,1505390.000,33.258
2018-09-11,36.260,37.357,35.750,37.260,1322789.000,32.870
2018-09-10,35.560,36.000,35.100,35.980,737767.000,31.740
2018-09-07,34.250,35.623,34.250,34.810,495815.000,30.708
2018-09-06,34.770,34.770,33.226,34.340,743298.000,30.294
2018-09-05,36.080,36.380,33.902,35.100,1152202.000,30.964
2018-09-04,34.210,34.990,33.860,34.960,961131.000,30.841
2018-08-31,33.040,33.810,32.952,33.480,700178.000,29.535
2018-08-30,34.150,34.380,32.655,33.020,1033731.000,29.129
2018-08-29,33.310,34.400,32.990,34.400,1156585.000,30.347
2018-08-28,33.610,33.638,31.550,32.540,882155.000,28.706
2018-08-27,33.600,34.550,33.200,33.830,1466000.000,29.844
2018-08-24,31.000,32.350,30.900,32.330,862136.000,28.520
2018-08-23,30.330,30.630,29.820,30.480,309406.000,26.888
2018-08-22,29.720,30.250,29.010,30.230,385386.000,26.668
2018-08-21,29.500,30.100,29.000,29.820,591473.000,26.306
2018-08-20,27.500,28.885,27.458,28.830,371753.000,25.433
2018-08-17,26.630,27.280,26.530,27.230,211166.000,24.021
2018-08-16,27.240,27.240,26.650,26.850,239953.000,23.686
2018-08-15,26.310,27.160,25.878,27.060,448498.000,23.871
2018-08-14,25.750,25.880,25.100,25.200,236742.000,22.231
2018-08-13,26.500,26.550,25.600,25.820,200408.000,22.778
2018-08-10,26.750,26.920,26.500,26.550,72031.000,23.422
2018-08-09,26.690,27.020,26.655,26.980,116328.000,23.801
2018-08-08,26.560,26.730,26.560,26.610,84200.000,23.474
2018-08-07,26.780,26.945,26.500,26.520,88721.000,23.395
2018-08-06,26.700,26.900,26.700,26.780,70561.000,23.624
2018-08-03,27.020,27.110,26.712,26.770,86368.000,23.616
2018-08-02,26.860,27.050,26.712,26.830,156070.000,23.669
2018-08-01,27.010,27.356,26.904,26.910,99457.000,23.739
2018-07-31,26.640,26.960,26.425,26.940,110211.000,23.766
2018-07-30,26.660,27.063,26.520,26.600,93355.000,23.466
2018-07-27,26.530,26.819,26.460,26.490,183698.000,23.369
2018-07-26,26.770,26.880,26.380,26.400,396109.000,23.289
2018-07-25,27.210,27.380,26.931,26.960,217995.000,23.783
2018-07-24,27.860,27.900,26.990,27.130,289171.000,23.933
2018-07-23,27.270,27.929,27.260,27.650,113145.000,24.392
2018-07-20,27.450,27.704,27.220,27.260,239785.000,24.048
2018-07-19,27.650,27.839,27.401,27.440,92785.000,24.207
2018-07-18,27.270,27.875,27.013,27.860,135471.000,24.577
2018-07-17,27.700,27.770,27.145,27.430,199373.000,24.198
2018-07-16,28.880,28.900,27.810,27.860,241349.000,24.577
2018-07-13,29.210,29.210,28.760,28.830,121338.000,25.433
2018-07-12,29.390,29.450,29.200,29.210,93691.000,25.768
2018-07-11,29.200,29.650,29.055,29.350,67651.000,25.892
2018-07-10,29.650,29.740,29.360,29.490,132679.000,26.015
2018-07-09,30.100,30.110,29.580,29.630,121438.000,26.139
2018-07-06,29.610,29.900,29.550,29.780,66542.000,26.271
2018-07-05,29.650,29.730,29.290,29.550,107420.000,26.068
2018-07-03,29.600,29.769,29.400,29.530,59691.000,26.050
2018-07-02,29.400,29.460,29.250,29.400,86121.000,25.936
2018-06-29,29.820,29.820,29.110,29.400,129001.000,25.936
2018-06-28,28.200,29.380,28.150,29.380,254413.000,25.918
2018-06-27,29.870,29.870,28.050,28.180,462272.000,24.860
2018-06-26,30.520,30.560,29.530,29.830,208326.000,26.315
2018-06-25,31.010,31.250,30.200,30.320,180680.000,26.747
2018-06-22,32.000,32.240,31.090,31.200,252518.000,27.524
2018-06-21,31.080,31.810,31.080,31.720,417150.000,27.982
2018-06-20,31.000,31.000,30.318,30.920,262733.000,27.277
2018-06-19,29.920,30.390,29.830,30.210,147423.000,26.650
2018-06-18,29.950,30.140,29.762,30.060,80648.000,26.457
2018-06-15,30.010,30.330,29.700,29.990,167882.000,26.395
2018-06-14,30.380,30.580,30.051,30.210,196391.000,26.589
2018-06-13,30.450,30.630,30.245,30.300,121183.000,26.668
2018-06-12,31.100,31.100,30.350,30.430,218488.000,26.782
2018-06-11,31.500,31.500,31.000,31.050,203604.000,27.328
2018-06-08,31.850,31.850,30.680,31.500,539102.000,27.724
2018-06-07,32.500,32.700,31.328,31.770,312397.000,27.962
2018-06-06,31.600,32.260,31.300,32.260,459636.000,28.393
2018-06-05,30.270,31.190,30.200,31.110,412645.000,27.381
2018-06-04,29.650,30.300,29.600,30.150,180112.000,26.536
2018-06-01,29.950,29.950,29.540,29.550,86745.000,26.008
2018-05-31,29.850,30.050,29.650,29.810,90966.000,26.237
2018-05-30,29.960,29.980,29.740,29.900,76649.000,26.316
2018-05-29,29.910,30.129,29.440,29.680,140191.000,26.122
2018-05-25,30.260,30.492,29.770,29.910,171000.000,26.325
2018-05-24,30.850,30.914,30.300,30.380,144596.000,26.738
2018-05-23,30.700,30.868,30.460,30.770,148090.000,27.082
2018-05-22,31.250,31.300,30.550,30.740,265057.000,27.055
2018-05-21,30.470,31.189,30.470,31.130,419931.000,27.398
2018-05-18,29.770,30.470,29.708,30.450,209153.000,26.800
2018-05-17,30.200,30.200,29.630,29.750,169062.000,26.184
2018-05-16,30.600,30.600,30.020,30.080,173735.000,26.474
2018-05-15,30.750,30.950,30.000,30.340,256224.000,26.703
2018-05-14,30.760,30.990,30.500,30.640,540295.000,26.967
2018-05-11,29.730,30.090,29.625,30.060,174217.000,26.457
2018-05-10,29.470,29.600,29.357,29.600,121044.000,26.052
2018-05-09,29.050,29.340,28.920,29.320,98886.000,25.805
2018-05-08,29.330,29.390,28.700,28.770,194956.000,25.321
2018-05-07,28.940,29.570,28.940,29.340,221009.000,25.823
2018-05-04,28.700,28.992,28.500,28.940,101949.000,25.471
2018-05-03,28.600,28.890,28.341,28.490,225985.000,25.075
2018-05-02,28.500,29.000,28.313,28.550,124086.000,25.128
2018-05-01,28.740,28.819,28.110,28.470,147274.000,25.057
2018-04-30,28.360,28.905,28.360,28.700,150274.000,25.260
2018-04-27,28.210,28.389,28.010,28.070,106690.000,24.705
2018-04-26,28.420,28.550,28.110,28.170,142533.000,24.793
2018-04-25,28.500,28.500,28.000,28.380,159078.000,24.978
2018-04-24,28.740,29.065,28.124,28.530,213763.000,25.110
2018-04-23,29.350,29.374,28.530,28.600,241494.000,25.172
2018-04-20,29.570,29.624,29.130,29.350,347971.000,25.832
2018-04-19,29.480,29.570,28.810,29.290,393451.000,25.779
2018-04-18,29.900,29.900,29.200,29.430,167395.000,25.902
2018-04-17,30.230,30.374,29.530,29.700,335329.000,26.140
2018-04-16,30.330,30.330,29.770,29.980,600934.000,26.386
2018-04-13,28.400,29.880,28.050,29.590,1469100.000,26.043
2018-04-12,28.230,28.300,27.870,28.250,164190.000,24.864
2018-04-11,27.250,28.180,27.250,27.860,233578.000,24.520
2018-04-10,26.820,27.670,26.040,27.490,364472.000,24.195
2018-04-09,27.550,27.630,26.620,26.650,189252.000,23.455
2018-04-06,27.800,27.890,27.150,27.430,178517.000,24.142
2018-04-05,27.850,28.250,27.650,28.100,174395.000,24.732
2018-04-04,26.690,27.500,26.020,27.500,619840.000,24.204
2018-04-03,28.200,28.900,27.050,27.270,378941.000,24.001
2018-04-02,29.250,29.499,28.090,28.180,379346.000,24.802
2018-03-29,29.000,29.700,28.750,29.520,271687.000,25.981
2018-03-28,29.480,29.680,28.470,28.630,546912.000,25.198
2018-03-27,30.800,30.850,29.380,29.600,455891.000,26.052
2018-03-26,31.010,31.190,30.250,30.760,299164.000,27.073
2018-03-23,30.980,31.605,30.668,30.750,192684.000,27.064
2018-03-22,31.450,31.500,30.460,30.510,394479.000,26.853
2018-03-21,32.000,32.020,31.630,31.750,193721.000,27.944
2018-03-20,32.250,32.250,31.740,31.810,136671.000,27.997
2018-03-19,31.650,32.400,31.650,32.110,193983.000,28.221
2018-03-16,32.200,32.252,31.600,31.700,342841.000,27.861
2018-03-15,32.300,32.400,31.880,32.040,215720.000,28.159
2018-03-14,32.770,32.900,32.251,32.300,196266.000,28.388
2018-03-13,33.150,33.239,32.680,32.680,149522.000,28.722
2018-03-12,33.220,33.399,32.751,33.090,174746.000,29.082
2018-03-09,33.690,33.690,32.960,33.130,244239.000,29.117
2018-03-08,33.500,33.799,32.870,33.290,192101.000,29.258
2018-03-07,33.490,33.780,33.048,33.290,293519.000,29.258
2018-03-06,33.690,34.240,33.502,33.730,391712.000,29.645
2018-03-05,32.340,33.400,32.328,33.310,275675.000,29.276
2018-03-02,32.100,32.550,31.885,32.440,155976.000,28.511
2018-03-01,31.800,32.580,31.500,32.480,308099.000,28.546
2018-02-28,30.910,31.960,30.680,31.800,336946.000,27.949
2018-02-27,32.020,32.180,30.573,30.850,562667.000,27.114
2018-02-26,32.270,32.472,31.770,31.960,248710.000,28.089
2018-02-23,32.700,32.710,31.760,31.960,276345.000,28.089
2018-02-22,32.400,32.785,32.050,32.140,176489.000,28.247
2018-02-21,33.100,33.138,32.500,32.500,318109.000,28.564
2018-02-20,32.650,33.100,32.350,32.720,446089.000,28.757
2018-02-16,33.010,33.090,32.200,32.390,337982.000,28.467
2018-02-15,33.730,33.730,32.810,33.300,397346.000,29.267
2018-02-14,32.800,33.250,32.400,33.170,412095.000,29.153
2018-02-13,32.150,32.430,32.000,32.370,249375.000,28.450
2018-02-12,32.730,32.820,31.785,32.400,476763.000,28.476
2018-02-09,31.690,32.250,30.360,32.030,530657.000,28.151
2018-02-08,32.720,33.000,31.420,31.590,544449.000,27.764
2018-02-07,33.700,33.930,31.730,32.210,888559.000,28.309
