Date,Open,High,Low,Close,Volume,Adj Close,,2022-01-31
2022-01-31,164.440,172.160,163.220,171.940,14260028.000,171.940
2022-01-28,158.370,163.640,156.790,163.520,9861663.000,163.520
2022-01-27,159.432,162.550,156.540,158.110,12657007.000,158.110
2022-01-26,162.090,165.330,155.490,156.980,15966504.000,156.980
2022-01-25,159.800,160.910,155.270,158.200,13268098.000,158.200
2022-01-24,156.110,162.448,152.080,162.170,23702207.000,162.170
2022-01-21,171.800,172.960,163.300,163.540,20050952.000,163.540
2022-01-20,175.010,179.880,173.040,173.280,13992537.000,173.280
2022-01-19,174.350,177.280,172.600,173.550,13420816.000,173.550
2022-01-18,176.960,179.680,174.000,174.460,12655686.000,174.460
2022-01-14,179.150,182.000,175.400,178.420,14374445.000,178.420
2022-01-13,187.780,190.840,180.350,181.010,12779859.000,181.010
2022-01-12,189.700,191.450,185.280,187.200,13588818.000,187.200
2022-01-11,182.990,192.850,182.620,191.520,12777830.000,191.520
2022-01-10,185.750,185.750,177.400,182.950,14701568.000,182.950
2022-01-07,190.020,193.125,186.300,187.600,12627265.000,187.600
2022-01-06,185.520,195.000,185.070,192.270,14206255.000,192.270
2022-01-05,189.865,194.250,187.150,187.160,13227643.000,187.160
2022-01-04,196.000,196.100,188.190,191.140,14197966.000,191.140
2022-01-03,191.410,196.000,189.950,194.940,12797801.000,194.940
2021-12-31,191.450,192.230,188.400,188.580,7199843.000,188.580
2021-12-30,189.610,193.950,188.910,191.880,9634832.000,191.880
2021-12-29,190.030,191.270,187.830,189.970,7038696.000,189.970
2021-12-28,192.190,194.000,189.110,190.100,7974873.000,190.100
2021-12-27,192.390,193.920,191.080,192.010,8357284.000,192.010
2021-12-23,192.470,192.956,190.250,192.010,7762002.000,192.010
2021-12-22,189.160,191.770,188.039,191.680,9541564.000,191.680
2021-12-21,183.180,189.290,183.080,189.140,12515481.000,189.140
2021-12-20,182.530,184.406,181.670,182.680,10906779.000,182.680
2021-12-17,187.005,187.840,181.990,186.200,18899845.000,186.200
2021-12-16,194.166,195.240,188.251,188.750,12326082.000,188.750
2021-12-15,185.120,191.100,183.670,190.660,11278507.000,190.660
2021-12-14,183.740,189.143,182.780,186.800,11414170.000,186.800
2021-12-13,187.500,190.200,185.300,186.380,11812188.000,186.380
2021-12-10,192.940,194.150,186.800,188.510,11908148.000,188.510
2021-12-09,196.060,196.420,191.440,191.750,11550681.000,191.750
2021-12-08,191.950,197.690,190.090,197.350,14433205.000,197.350
2021-12-07,188.670,192.828,188.430,191.020,17772718.000,191.020
2021-12-06,183.410,186.070,179.200,184.860,13303433.000,184.860
2021-12-03,187.730,187.800,179.290,183.930,20737544.000,183.930
2021-12-02,180.105,188.800,179.730,187.150,20422677.000,187.150
2021-12-01,187.770,190.350,179.150,179.320,19542916.000,179.320
2021-11-30,186.470,188.825,180.500,184.890,21144293.000,184.890
2021-11-29,188.920,189.900,182.430,187.240,16308218.000,187.240
2021-11-26,188.380,193.000,186.830,187.790,11080417.000,187.790
2021-11-24,187.000,189.640,184.740,188.710,13359144.000,188.710
2021-11-23,189.155,190.790,185.200,188.050,20004537.000,188.050
2021-11-22,193.620,193.900,184.275,189.480,29956603.000,189.480
2021-11-19,202.190,202.500,193.070,193.610,24607529.000,193.610
2021-11-18,206.990,207.500,199.200,200.500,19980106.000,200.500
2021-11-17,211.145,213.970,203.350,206.270,23095572.000,206.270
2021-11-16,214.890,215.970,211.770,215.670,16697515.000,215.670
2021-11-15,212.220,214.209,210.710,212.540,17433101.000,212.540
2021-11-12,203.250,210.020,201.484,208.300,20859688.000,208.300
2021-11-11,207.920,208.310,201.560,202.030,17712094.000,202.030
2021-11-10,204.100,208.200,202.780,204.640,23585948.000,204.640
2021-11-09,212.400,212.400,200.680,205.420,63719457.000,205.420
2021-11-08,227.960,230.970,226.250,229.420,23213877.000,229.420
2021-11-05,230.000,230.420,224.600,225.780,16665648.000,225.780
2021-11-04,231.610,231.920,225.000,228.220,14158856.000,228.220
2021-11-03,228.330,230.900,225.310,230.380,14177954.000,230.380
2021-11-02,232.540,232.761,227.800,229.460,12642380.000,229.460
2021-11-01,232.700,233.550,230.190,231.280,13836259.000,231.280
2021-10-29,235.430,238.900,231.710,232.590,13010816.000,232.590
2021-10-28,237.000,237.940,232.780,236.830,14288265.000,236.830
2021-10-27,243.850,244.690,233.920,234.940,19043914.000,234.940
2021-10-26,249.450,249.880,241.010,243.000,14404294.000,243.000
2021-10-25,254.955,255.520,245.820,246.880,23046733.000,246.880
2021-10-22,243.730,246.660,239.750,240.400,24170917.000,240.400
2021-10-21,258.610,258.960,242.980,243.210,42508925.000,243.210
2021-10-20,273.000,273.510,253.100,258.360,31271743.000,258.360
2021-10-19,271.010,273.270,269.835,271.700,3985909.000,271.700
2021-10-18,266.390,270.440,264.710,270.330,4367137.000,270.330
2021-10-15,268.701,269.721,265.440,268.350,5007867.000,268.350
2021-10-14,261.500,267.410,260.200,266.450,7855106.000,266.450
2021-10-13,258.730,261.240,254.245,256.360,6024050.000,256.360
2021-10-12,256.000,257.970,253.780,255.850,4289324.000,255.850
2021-10-11,257.930,260.660,254.690,255.050,5031650.000,255.050
2021-10-08,264.955,265.470,259.800,260.060,4095908.000,260.060
2021-10-07,265.950,268.693,263.070,263.540,5276445.000,263.540
2021-10-06,256.290,264.390,256.030,264.060,4615285.000,264.060
2021-10-05,255.220,262.770,253.590,260.150,6326587.000,260.150
2021-10-04,261.838,262.570,251.590,255.010,7267168.000,255.010
2021-10-01,261.455,265.820,260.110,264.650,4560448.000,264.650
2021-09-30,259.650,263.470,258.730,260.210,5329257.000,260.210
2021-09-29,263.510,264.460,256.890,259.000,6829064.000,259.000
2021-09-28,269.895,271.440,261.680,262.190,8352372.000,262.190
2021-09-27,274.780,276.780,272.186,273.390,4614852.000,273.390
2021-09-24,276.020,278.330,274.690,278.110,3985813.000,278.110
2021-09-23,274.450,279.950,273.780,279.100,5409581.000,279.100
2021-09-22,270.460,273.470,266.500,272.340,5574070.000,272.340
2021-09-21,271.750,272.299,267.800,269.490,4326076.000,269.490
2021-09-20,271.550,273.000,265.680,269.910,7728307.000,269.910
2021-09-17,282.180,282.500,275.920,276.340,8117226.000,276.340
2021-09-16,281.040,283.690,280.390,282.970,3606742.000,282.970
2021-09-15,284.210,285.750,279.500,282.430,4056783.000,282.430
2021-09-14,281.844,283.170,279.710,282.240,4216695.000,282.240
2021-09-13,286.720,287.190,277.800,280.490,4836471.000,280.490
2021-09-10,288.600,289.000,284.110,284.320,3816588.000,284.320
2021-09-09,287.450,289.370,285.080,286.880,4169970.000,286.880
2021-09-08,296.550,296.700,283.330,285.230,11039278.000,285.230
2021-09-07,290.410,293.680,288.040,293.260,6789751.000,293.260
2021-09-03,285.030,290.380,284.400,289.130,5287970.000,289.130
2021-09-02,288.900,288.900,285.250,285.530,4647112.000,285.530
2021-09-01,290.100,290.900,286.360,286.750,5568281.000,286.750
2021-08-31,290.930,292.650,284.340,288.660,8911799.000,288.660
2021-08-30,279.610,290.406,279.080,288.470,14631047.000,288.470
2021-08-27,274.030,278.890,273.670,278.330,3916952.000,278.330
2021-08-26,277.890,278.680,273.520,273.620,3626405.000,273.620
2021-08-25,279.816,279.830,276.770,277.690,4392583.000,277.690
2021-08-24,278.930,279.580,276.509,279.510,3542641.000,279.510
2021-08-23,275.750,278.290,273.020,276.980,5507500.000,276.980
2021-08-20,269.540,273.935,269.540,272.960,4179531.000,272.960
2021-08-19,267.190,272.010,266.603,270.580,5119910.000,270.580
2021-08-18,271.010,272.770,268.480,268.840,4830905.000,268.840
2021-08-17,275.250,275.545,269.080,271.100,7966077.000,271.100
2021-08-16,273.730,279.190,273.560,278.280,5285791.000,278.280
2021-08-13,276.170,276.810,274.610,274.910,4086345.000,274.910
2021-08-12,274.250,276.805,273.060,274.590,4513787.000,274.590
2021-08-11,277.442,278.235,273.130,276.410,5785928.000,276.410
2021-08-10,278.940,280.490,272.500,274.370,6264118.000,274.370
2021-08-09,280.220,281.100,277.460,278.150,3822996.000,278.150
2021-08-06,280.000,282.370,276.870,279.540,6086327.000,279.540
2021-08-05,277.100,280.960,275.820,280.670,7354195.000,280.670
2021-08-04,274.071,276.093,270.670,275.500,6616877.000,275.500
2021-08-03,272.060,274.540,269.570,273.500,8323049.000,273.500
2021-08-02,276.885,276.885,270.430,270.990,10082821.000,270.990
2021-07-30,280.245,280.500,274.210,275.530,11693277.000,275.530
2021-07-29,285.370,289.000,281.600,283.170,18075187.000,283.170
2021-07-28,300.740,302.430,296.780,301.980,9184958.000,301.980
2021-07-27,305.500,306.340,294.890,300.480,6938396.000,300.480
2021-07-26,309.660,310.160,305.230,306.800,3805925.000,306.800
2021-07-23,305.760,309.475,304.200,308.530,4231088.000,308.530
2021-07-22,302.021,304.570,301.870,303.690,3601476.000,303.690
2021-07-21,296.490,301.830,296.200,301.770,5497140.000,301.770
2021-07-20,295.515,300.030,291.570,298.070,5424096.000,298.070
2021-07-19,292.350,295.069,288.810,294.850,5681478.000,294.850
2021-07-16,297.230,298.750,294.440,294.630,4268899.000,294.630
2021-07-15,300.860,301.180,294.140,296.510,4943528.000,296.510
2021-07-14,303.010,304.810,299.330,300.750,4848213.000,300.750
2021-07-13,302.190,307.820,298.750,301.190,7235032.000,301.190
2021-07-12,302.370,303.500,298.560,302.970,5455983.000,302.970
2021-07-09,296.410,300.830,295.000,300.210,5543262.000,300.210
2021-07-08,292.100,295.865,289.460,295.050,5911952.000,295.050
2021-07-07,294.900,299.309,291.910,297.130,6713925.000,297.130
2021-07-06,290.035,294.526,289.520,292.640,5043522.000,292.640
2021-07-02,290.940,292.430,288.920,290.240,4171502.000,290.240
2021-07-01,290.330,291.900,285.760,289.000,5652486.000,289.000
2021-06-30,291.530,292.700,289.510,291.480,4235983.000,291.480
2021-06-29,292.970,295.180,291.530,292.760,4333201.000,292.760
2021-06-28,290.850,294.260,289.780,293.650,5058605.000,293.650
2021-06-25,292.600,292.870,287.800,289.600,6616873.000,289.600
2021-06-24,290.180,296.010,289.640,293.210,7160286.000,293.210
2021-06-23,285.940,288.550,284.780,288.120,4966741.000,288.120
2021-06-22,281.700,287.460,280.220,286.750,6049410.000,286.750
2021-06-21,283.279,284.305,276.725,283.100,7287754.000,283.100
2021-06-18,275.300,286.380,274.860,283.380,14713402.000,283.380
2021-06-17,268.500,279.372,268.460,278.110,8071052.000,278.110
2021-06-16,271.450,275.160,265.310,268.820,6674170.000,268.820
2021-06-15,274.730,274.730,270.680,271.890,5371069.000,271.890
2021-06-14,271.900,274.970,270.600,274.930,5174233.000,274.930
2021-06-11,268.750,271.900,268.400,271.450,4494584.000,271.450
2021-06-10,263.070,269.650,261.690,269.470,6055717.000,269.470
2021-06-09,265.000,268.199,263.260,263.600,4652997.000,263.600
2021-06-08,261.574,264.550,260.565,263.150,4427016.000,263.150
2021-06-07,262.480,262.940,260.190,260.600,3979778.000,260.600
2021-06-04,259.514,263.460,259.150,263.040,4086113.000,263.040
2021-06-03,258.400,260.980,256.150,257.790,4947147.000,257.790
2021-06-02,260.480,264.780,259.580,262.170,6801808.000,262.170
2021-06-01,261.080,263.420,256.520,259.270,5869632.000,259.270
2021-05-28,261.070,263.150,259.870,260.020,4281832.000,260.020
2021-05-27,259.860,260.640,256.280,259.470,7051206.000,259.470
2021-05-26,259.780,262.320,259.160,261.370,5405262.000,261.370
2021-05-25,258.500,260.370,257.280,258.650,6048116.000,258.650
2021-05-24,254.130,257.600,252.430,257.170,6370095.000,257.170
2021-05-21,253.801,255.210,250.410,250.690,6842155.000,250.690
2021-05-20,246.990,252.930,245.350,251.540,8112928.000,251.540
2021-05-19,235.860,245.340,235.110,244.630,7210456.000,244.630
2021-05-18,243.500,247.435,242.655,243.210,4726795.000,243.210
2021-05-17,245.150,246.240,240.600,244.360,5185101.000,244.360
2021-05-14,244.019,247.120,242.270,246.290,6729725.000,246.290
2021-05-13,241.920,245.680,237.800,240.800,7274043.000,240.800
2021-05-12,240.589,246.500,238.820,239.910,8649753.000,239.910
2021-05-11,235.000,250.555,233.610,248.600,9258171.000,248.600
2021-05-10,252.015,252.410,243.450,243.630,8909232.000,243.630
2021-05-07,255.920,258.640,251.640,253.360,10170019.000,253.360
2021-05-06,256.000,256.309,245.110,252.020,17998727.000,252.020
2021-05-05,254.920,254.920,246.245,247.400,9507304.000,247.400
2021-05-04,255.730,256.800,246.650,250.160,9217267.000,250.160
2021-05-03,265.060,265.800,256.180,259.090,7522024.000,259.090
2021-04-30,265.000,266.150,261.600,262.290,6594463.000,262.290
2021-04-29,273.260,273.870,263.530,267.850,5663677.000,267.850
2021-04-28,268.758,275.250,267.170,271.090,5530309.000,271.090
2021-04-27,272.050,273.820,268.030,268.820,4296187.000,268.820
2021-04-26,266.660,271.750,265.920,271.720,5327779.000,271.720
2021-04-23,260.970,267.790,260.970,266.030,6299063.000,266.030
2021-04-22,265.130,268.160,259.400,262.270,5983169.000,262.270
2021-04-21,261.410,266.000,259.270,264.890,4669053.000,264.890
2021-04-20,269.620,272.580,262.240,264.430,6208389.000,264.430
2021-04-19,267.130,268.500,263.900,267.910,5258204.000,267.910
2021-04-16,273.160,274.150,268.590,269.870,6061589.000,269.870
2021-04-15,271.360,276.120,270.160,274.000,7542765.000,274.000
2021-04-14,275.840,277.860,266.200,267.210,8507211.000,267.210
2021-04-13,271.267,276.870,271.000,275.430,7284375.000,275.430
2021-04-12,265.390,270.330,262.590,269.030,6681204.000,269.030
2021-04-09,262.980,266.940,261.380,266.770,6689731.000,266.770
2021-04-08,260.160,265.000,258.170,264.500,9059072.000,264.500
2021-04-07,253.075,259.220,251.070,255.600,7243248.000,255.600
2021-04-06,251.650,255.000,249.500,253.190,5580356.000,253.190
2021-04-05,250.510,251.760,245.700,251.020,5744396.000,251.020
2021-04-01,248.040,252.649,246.040,247.540,6990135.000,247.540
2021-03-31,238.110,245.230,237.270,242.840,7633372.000,242.840
2021-03-30,236.880,238.360,232.630,236.540,6241995.000,236.540
2021-03-29,241.580,243.200,233.610,235.670,7510936.000,235.670
2021-03-26,233.619,241.310,232.300,241.030,8217621.000,241.030
2021-03-25,232.630,235.340,227.520,234.240,8846639.000,234.240
2021-03-24,244.490,244.970,233.760,234.270,6097320.000,234.270
2021-03-23,245.550,246.840,242.250,243.770,5093181.000,243.770
2021-03-22,242.030,246.950,240.850,244.385,5790225.000,244.385
2021-03-19,239.630,243.150,237.130,241.280,10555120.000,241.280
2021-03-18,246.460,247.270,237.800,238.410,9331202.000,238.410
2021-03-17,245.840,254.461,242.900,251.470,6340146.000,251.470
2021-03-16,253.420,254.780,247.550,249.310,7370425.000,249.310
2021-03-15,251.418,252.000,246.790,249.980,7065138.000,249.980
2021-03-12,249.490,251.548,244.303,250.350,7609684.000,250.350
2021-03-11,247.120,254.920,246.530,253.830,9234249.000,253.830
2021-03-10,249.310,249.960,241.270,242.070,9507992.000,242.070
2021-03-09,240.980,244.440,236.040,241.760,12071203.000,241.760
2021-03-08,239.000,241.330,225.650,226.090,13340269.000,226.090
2021-03-05,243.120,243.748,223.090,239.050,16830228.000,239.050
2021-03-04,251.760,254.800,232.270,239.070,18878783.000,239.070
2021-03-03,265.020,267.660,253.250,255.060,10841763.000,255.060
2021-03-02,275.960,277.500,268.910,269.190,8484874.000,269.190
2021-03-01,268.895,274.540,265.720,273.630,10558514.000,273.630
2021-02-26,257.450,261.860,253.114,259.850,11424463.000,259.850
2021-02-25,262.760,266.000,251.420,253.940,13178859.000,253.940
2021-02-24,266.105,268.666,259.100,266.070,10839984.000,266.070
2021-02-23,259.690,267.250,252.560,265.000,20440281.000,265.000
2021-02-22,281.420,285.000,273.290,273.850,13030682.000,273.850
2021-02-19,292.120,293.940,285.460,286.920,9413810.000,286.920
2021-02-18,291.130,292.970,285.030,290.810,9715481.000,290.810
2021-02-17,297.630,301.500,290.560,297.200,9779659.000,297.200
2021-02-16,306.400,309.140,298.180,304.790,13597698.000,304.790
2021-02-12,292.640,299.340,289.320,298.370,11882184.000,298.370
2021-02-11,287.330,302.100,281.600,285.030,21371109.000,285.030
2021-02-10,285.100,286.080,278.401,283.180,9303342.000,283.180
2021-02-09,280.380,286.890,276.510,284.200,8649664.000,284.200
2021-02-08,276.880,282.699,274.624,282.170,10084303.000,282.170
2021-02-05,268.610,270.000,264.710,269.440,7978598.000,269.440
2021-02-04,265.340,274.940,260.850,270.430,23840855.000,270.430
2021-02-03,253.960,254.315,247.390,251.900,13545704.000,251.900
2021-02-02,243.610,250.190,240.530,249.100,7079667.000,249.100
2021-02-01,238.370,244.140,235.400,241.850,7788173.000,241.850
2021-01-29,238.650,240.870,232.660,234.310,9805849.000,234.310
2021-01-28,235.000,241.555,232.210,237.790,8295538.000,237.790
2021-01-27,234.700,235.400,225.000,229.940,11787024.000,229.940
2021-01-26,246.900,248.760,240.030,241.000,7882985.000,241.000
2021-01-25,253.800,254.390,242.220,247.750,8499384.000,247.750
2021-01-22,246.650,254.390,246.200,252.000,7800506.000,252.000
2021-01-21,246.670,250.370,243.580,248.640,10336554.000,248.640
2021-01-20,248.850,249.650,244.140,244.260,5803248.000,244.260
2021-01-19,243.300,248.740,241.000,247.250,7436752.000,247.250
2021-01-15,242.250,244.563,235.034,239.790,8373333.000,239.790
2021-01-14,246.870,249.850,241.540,242.060,6976718.000,242.060
2021-01-13,236.570,247.440,236.540,244.900,7354936.000,244.900
2021-01-12,237.620,238.800,233.830,237.640,4125884.000,237.640
2021-01-11,238.040,240.840,234.090,237.500,5073071.000,237.500
2021-01-08,237.430,242.910,236.069,242.460,6767739.000,242.460
2021-01-07,229.460,235.600,229.220,235.040,7107892.000,235.040
2021-01-06,228.940,232.490,225.702,226.830,9211701.000,226.830
2021-01-05,230.470,235.640,229.800,234.910,5047831.000,234.910
2021-01-04,237.800,237.997,227.535,231.920,8148695.000,231.920
2020-12-31,232.000,234.690,229.690,234.200,5002663.000,234.200
2020-12-30,232.190,233.840,230.020,231.510,6017643.000,231.510
2020-12-29,236.000,236.250,229.680,231.030,8316075.000,231.030
2020-12-28,243.500,243.500,235.250,235.730,6952379.000,235.730
2020-12-24,240.360,242.120,238.090,238.640,3053752.000,238.640
2020-12-23,243.600,244.250,238.330,239.440,6421336.000,239.440
2020-12-22,240.165,243.680,238.090,243.490,6340935.000,243.490
2020-12-21,232.620,239.751,232.201,237.720,8156045.000,237.720
2020-12-18,236.660,237.170,232.280,236.450,11534717.000,236.450
2020-12-17,234.510,238.100,232.400,235.510,8914060.000,235.510
2020-12-16,224.800,231.150,224.610,230.200,10110033.000,230.200
2020-12-15,221.930,222.310,217.120,221.600,6508117.000,221.600
2020-12-14,215.950,223.160,215.000,220.790,9759424.000,220.790
2020-12-11,213.390,215.000,210.420,214.060,4283354.000,214.060
2020-12-10,208.360,216.230,206.650,215.340,6556822.000,215.340
2020-12-09,217.000,218.940,209.250,210.800,7807532.000,210.800
2020-12-08,216.325,218.720,215.570,216.940,5419592.000,216.940
2020-12-07,217.390,219.320,216.310,217.930,5363365.000,217.930
2020-12-04,214.880,218.553,213.010,217.770,6214640.000,217.770
2020-12-03,213.330,216.930,213.110,214.540,7645193.000,214.540
2020-12-02,215.600,215.750,210.500,212.560,7537366.000,212.560
2020-12-01,217.150,220.570,214.340,216.540,10103481.000,216.540
2020-11-30,212.510,215.830,207.090,214.120,12976149.000,214.120
2020-11-27,213.200,213.840,208.620,211.390,5363151.000,211.390
2020-11-25,206.290,216.070,206.230,214.460,13817473.000,214.460
2020-11-24,204.000,207.079,198.860,206.000,14662346.000,206.000
2020-11-23,194.530,202.160,193.920,200.820,12019989.000,200.820
2020-11-20,192.470,194.730,190.960,192.670,11518655.000,192.670
2020-11-19,190.820,192.750,189.570,190.900,9391530.000,190.900
2020-11-18,192.590,192.950,189.540,190.120,8095357.000,190.120
2020-11-17,192.130,194.630,190.630,192.300,6448805.000,192.300
2020-11-16,185.190,192.380,183.540,191.940,10127757.000,191.940
2020-11-13,191.107,191.730,186.850,188.620,6020699.000,188.620
2020-11-12,193.950,194.900,188.430,189.100,7103620.000,189.100
2020-11-11,187.498,193.100,186.400,192.340,9151685.000,192.340
2020-11-10,184.980,186.710,178.600,183.360,13144319.000,183.360
2020-11-09,195.740,196.070,184.440,184.720,18986391.000,184.720
2020-11-06,204.600,204.920,198.550,202.730,8075064.000,202.730
2020-11-05,202.300,204.920,199.370,204.560,15188527.000,204.560
2020-11-04,186.760,195.000,184.110,194.290,16106952.000,194.290
2020-11-03,177.940,188.750,174.810,179.810,31655971.000,179.810
2020-11-02,189.010,192.705,185.050,187.760,14386024.000,187.760
2020-10-30,193.290,195.330,182.920,186.130,12041236.000,186.130
2020-10-29,194.080,197.590,192.310,195.040,7627102.000,195.040
2020-10-28,196.960,198.390,191.500,192.310,8050042.000,192.310
2020-10-27,198.790,201.320,197.720,200.430,4754359.000,200.430
2020-10-26,200.660,203.890,195.050,197.220,7715998.000,197.220
2020-10-23,206.240,206.240,201.210,203.040,6644745.000,203.040
2020-10-22,211.900,212.340,202.140,203.930,12398290.000,203.930
2020-10-21,208.300,215.830,206.020,213.070,17247188.000,213.070
2020-10-20,201.140,205.470,200.310,201.960,4867725.000,201.960
2020-10-19,205.520,207.230,199.100,200.060,6566682.000,200.060
2020-10-16,204.440,207.470,202.220,204.450,9663990.000,204.450
2020-10-15,199.990,203.480,198.128,203.140,7630531.000,203.140
2020-10-14,208.204,208.948,200.500,203.600,8591824.000,203.600
2020-10-13,202.440,209.020,200.110,207.740,8145300.000,207.740
2020-10-12,199.870,204.080,196.632,201.510,10603246.000,201.510
2020-10-09,194.360,197.350,192.600,197.270,7082372.000,197.270
2020-10-08,196.750,196.870,192.670,193.060,5582626.000,193.060
2020-10-07,193.910,195.710,193.330,194.610,4228748.000,194.610
2020-10-06,196.130,197.370,190.880,191.660,5921767.000,191.660
2020-10-05,193.550,196.910,192.160,196.850,5024054.000,196.850
2020-10-02,192.730,196.210,189.250,191.910,6546430.000,191.910
2020-10-01,199.260,201.270,196.221,196.940,7268872.000,196.940
2020-09-30,194.060,198.720,193.311,197.030,7939637.000,197.030
2020-09-29,192.640,195.780,191.110,194.500,6766102.000,194.500
2020-09-28,191.000,192.470,188.090,192.020,7590637.000,192.020
2020-09-25,182.400,187.920,180.130,187.250,7606454.000,187.250
2020-09-24,180.170,184.900,179.600,182.190,7374516.000,182.190
2020-09-23,188.390,188.470,181.100,181.610,6782378.000,181.610
2020-09-22,186.790,188.060,182.185,187.780,8939288.000,187.780
2020-09-21,174.840,183.450,174.080,183.210,13765625.000,183.210
2020-09-18,176.700,178.250,171.630,176.070,13557242.000,176.070
2020-09-17,176.630,178.740,173.790,175.790,11840100.000,175.790
2020-09-16,187.095,189.340,180.670,180.910,8174799.000,180.910
2020-09-15,190.050,190.450,184.180,186.020,7763369.000,186.020
2020-09-14,186.000,188.600,184.380,186.960,7053058.000,186.960
2020-09-11,191.462,192.100,180.930,184.000,8110351.000,184.000
2020-09-10,196.090,198.220,187.840,190.090,6580655.000,190.090
2020-09-09,191.000,195.750,187.300,194.600,8541960.000,194.600
2020-09-08,184.700,191.750,184.700,185.950,9282378.000,185.950
2020-09-04,200.985,201.840,182.850,191.840,17034108.000,191.840
2020-09-03,205.690,206.590,194.950,204.990,16006894.000,204.990
2020-09-02,211.622,212.450,204.600,210.820,7219494.000,210.820
2020-09-01,205.590,209.880,205.145,208.930,6237911.000,208.930
2020-08-31,203.700,205.252,202.298,204.140,5628727.000,204.140
2020-08-28,205.416,205.416,202.420,204.480,4581319.000,204.480
2020-08-27,206.810,207.000,202.300,204.340,6051898.000,204.340
2020-08-26,202.530,205.350,200.250,203.480,6072171.000,203.480
2020-08-25,198.490,201.960,196.240,201.670,5108202.000,201.670
2020-08-24,200.000,201.099,196.570,198.880,5404075.000,198.880
2020-08-21,197.930,199.100,196.220,196.790,6092535.000,196.790
2020-08-20,192.060,198.700,191.510,198.180,6772962.000,198.180
2020-08-19,195.060,196.840,191.920,192.440,6865340.000,192.440
2020-08-18,197.730,198.750,194.000,194.570,5362472.000,194.570
2020-08-17,193.920,197.420,193.250,196.290,6198365.000,196.290
2020-08-14,195.190,195.469,190.510,191.460,4847965.000,191.460
2020-08-13,192.100,195.130,191.480,193.070,10082355.000,193.070
2020-08-12,190.000,192.510,189.400,191.320,7939997.000,191.320
2020-08-11,192.000,193.535,186.520,189.030,9155292.000,189.030
2020-08-10,198.700,199.850,191.690,193.320,8792199.000,193.320
2020-08-07,203.710,203.951,196.700,198.630,6525299.000,198.630
2020-08-06,202.000,204.160,198.880,204.090,5821425.000,204.090
2020-08-05,199.000,204.230,198.090,202.910,7573326.000,202.910
2020-08-04,196.350,199.100,195.521,197.330,5771585.000,197.330
2020-08-03,198.250,199.400,195.220,197.070,7961646.000,197.070
2020-07-31,193.050,196.350,191.690,196.070,10865370.000,196.070
2020-07-30,191.810,198.660,189.131,192.510,16803593.000,192.510
2020-07-29,178.450,185.440,178.270,184.600,15436643.000,184.600
2020-07-28,178.010,179.580,176.010,176.270,6125669.000,176.270
2020-07-27,173.920,178.460,172.390,177.980,6868784.000,177.980
2020-07-24,171.080,173.600,169.080,172.560,6256092.000,172.560
2020-07-23,178.150,180.750,171.940,173.860,6999615.000,173.860
2020-07-22,176.160,179.490,175.730,178.420,4669007.000,178.420
2020-07-21,179.250,179.460,174.320,175.580,5612366.000,175.580
2020-07-20,174.650,179.640,172.680,178.820,5996828.000,178.820
2020-07-17,171.500,174.560,169.540,173.920,7373955.000,173.920
2020-07-16,169.900,171.340,166.500,169.810,6630594.000,169.810
2020-07-15,172.990,173.360,169.010,172.060,6698988.000,172.060
2020-07-14,168.750,172.600,164.330,172.300,10624537.000,172.300
2020-07-13,180.420,180.660,170.740,171.510,10234780.000,171.510
2020-07-10,181.630,182.520,177.130,178.400,7583168.000,178.400
2020-07-09,183.400,183.990,179.150,183.230,6340005.000,183.230
2020-07-08,178.890,182.640,178.500,181.570,7234385.000,181.570
2020-07-07,177.690,179.950,176.310,177.280,5529463.000,177.280
2020-07-06,180.290,181.240,174.460,176.180,8360157.000,176.180
2020-07-02,179.690,179.800,176.720,177.210,5944556.000,177.210
2020-07-01,174.625,178.235,172.560,177.430,6871374.000,177.430
2020-06-30,170.700,174.690,169.410,174.230,6831902.000,174.230
2020-06-29,171.480,171.480,165.560,168.350,5423702.000,168.350
2020-06-26,173.710,173.710,168.600,170.870,8158658.000,170.870
2020-06-25,169.000,172.780,168.190,172.500,6650737.000,172.500
2020-06-24,170.595,173.480,164.290,168.000,8931751.000,168.000
2020-06-23,172.000,175.400,170.400,172.790,7693874.000,172.790
2020-06-22,165.580,170.900,165.550,170.260,7793821.000,170.260
2020-06-19,170.600,171.120,164.010,164.360,11332668.000,164.360
2020-06-18,164.720,168.830,164.310,168.050,8583734.000,168.050
2020-06-17,162.840,164.960,161.660,163.830,5582620.000,163.830
2020-06-16,160.190,162.830,158.300,161.220,6539467.000,161.220
2020-06-15,152.640,157.920,152.220,157.550,5117394.000,157.550
2020-06-12,157.060,157.210,151.890,155.260,7038068.000,155.260
2020-06-11,158.340,159.500,152.915,153.040,9041718.000,153.040
2020-06-10,157.600,160.890,157.600,159.910,5881831.000,159.910
2020-06-09,155.790,158.210,155.595,156.860,7265620.000,156.860
2020-06-08,154.280,156.210,153.110,156.090,5494431.000,156.090
2020-06-05,152.980,156.340,150.000,156.000,8446143.000,156.000
2020-06-04,156.700,159.480,153.635,154.600,7554487.000,154.600
2020-06-03,157.490,158.271,155.120,156.780,6732830.000,156.780
2020-06-02,156.000,157.600,154.610,157.490,6344432.000,157.490
2020-06-01,154.900,155.970,153.050,154.530,5658288.000,154.530
2020-05-29,150.500,155.330,148.930,155.010,10156091.000,155.010
2020-05-28,144.730,151.945,144.510,148.790,10050679.000,148.790
2020-05-27,145.480,146.400,140.020,145.960,9554775.000,145.960
2020-05-26,154.120,154.550,146.290,147.000,10267534.000,147.000
2020-05-22,148.260,151.000,147.360,150.860,5724145.000,150.860
2020-05-21,150.580,150.740,148.040,148.220,5578930.000,148.220
2020-05-20,148.000,151.080,147.900,150.940,7811268.000,150.940
2020-05-19,146.750,149.720,145.220,145.390,7779063.000,145.390
2020-05-18,148.125,149.180,145.990,146.240,8580542.000,146.240
2020-05-15,142.900,145.890,141.630,145.510,8361165.000,145.510
2020-05-14,142.070,144.700,141.430,144.410,9272877.000,144.410
2020-05-13,140.200,145.100,139.610,143.730,11142641.000,143.730
2020-05-12,144.000,145.650,140.910,141.030,9757599.000,141.030
2020-05-11,142.960,145.270,142.180,143.960,10273368.000,143.960
2020-05-08,143.250,146.400,142.110,144.960,13169422.000,144.960
2020-05-07,139.920,147.200,139.280,146.290,35487924.000,146.290
2020-05-06,127.050,129.590,126.120,128.310,14031243.000,128.310
2020-05-05,124.940,127.940,124.850,125.430,9241882.000,125.430
2020-05-04,121.260,124.180,120.310,123.660,7674351.000,123.660
2020-05-01,119.850,122.700,119.430,120.610,5613832.000,120.610
2020-04-30,121.350,123.450,120.620,123.000,7569776.000,123.000
2020-04-29,119.300,124.030,118.645,123.580,9891526.000,123.580
2020-04-28,121.660,122.000,115.903,116.140,9192284.000,116.140
2020-04-27,121.250,122.387,120.055,120.530,6678219.000,120.530
2020-04-24,115.470,120.470,115.400,120.180,10680406.000,120.180
2020-04-23,115.940,118.385,115.000,115.240,7563183.000,115.240
2020-04-22,110.290,116.000,109.910,115.190,12879850.000,115.190
2020-04-21,111.120,112.850,107.410,107.540,11736608.000,107.540
2020-04-20,110.900,114.300,110.025,112.170,10730723.000,112.170
2020-04-17,110.300,112.120,110.054,111.850,11069777.000,111.850
2020-04-16,109.500,109.525,106.570,108.310,9575624.000,108.310
2020-04-15,107.460,109.090,106.420,107.950,7821377.000,107.950
2020-04-14,109.000,110.980,107.930,109.785,8417858.000,109.785
2020-04-13,104.850,106.290,102.340,105.980,7716160.000,105.980
2020-04-09,105.630,108.700,104.780,105.840,10894921.000,105.840
2020-04-08,101.610,105.505,100.750,105.060,9385890.000,105.060
2020-04-07,105.255,106.230,99.900,100.280,10291513.000,100.280
2020-04-06,97.800,102.500,96.260,101.670,11998987.000,101.670
2020-04-03,92.790,92.950,89.880,92.390,7699462.000,92.390
2020-04-02,91.100,94.680,90.920,93.520,7077181.000,93.520
2020-04-01,92.720,94.670,90.380,91.380,9628376.000,91.380
2020-03-31,96.380,99.431,94.870,95.740,9882034.000,95.740
2020-03-30,95.500,98.260,94.370,97.030,8948597.000,97.030
2020-03-27,97.000,97.105,93.060,93.480,11311959.000,93.480
2020-03-26,96.310,100.930,95.635,100.630,9452863.000,100.630
2020-03-25,97.430,100.420,95.270,95.710,11814366.000,95.710
2020-03-24,89.400,98.000,89.400,97.290,13936472.000,97.290
2020-03-23,86.290,88.150,82.070,85.260,12969720.000,85.260
2020-03-20,95.640,96.230,86.210,86.680,14874413.000,86.680
2020-03-19,91.560,98.060,87.040,93.690,12181578.000,93.690
2020-03-18,91.855,95.100,86.150,91.460,16060056.000,91.460
2020-03-17,94.500,101.080,90.520,97.870,17969391.000,97.870
2020-03-16,94.000,103.155,91.230,92.720,16204938.000,92.720
2020-03-13,100.520,110.600,99.780,110.150,19170559.000,110.150
2020-03-12,96.560,104.780,94.500,96.960,20114391.000,96.960
2020-03-11,106.650,107.750,101.980,103.900,10761017.000,103.900
2020-03-10,105.300,109.740,103.170,109.740,11748492.000,109.740
2020-03-09,102.720,106.990,99.710,101.630,12458891.000,101.630
2020-03-06,107.950,111.570,107.580,110.890,8524269.000,110.890
2020-03-05,112.030,114.900,111.240,112.180,7671457.000,112.180
2020-03-04,112.040,115.390,110.620,115.300,8245198.000,115.300
2020-03-03,112.820,114.560,108.260,109.760,11912275.000,109.760
2020-03-02,107.460,113.050,106.530,112.860,13366965.000,112.860
2020-02-28,104.260,108.730,103.720,107.990,17215994.000,107.990
2020-02-27,106.300,112.050,106.300,107.840,15461904.000,107.840
2020-02-26,109.810,112.630,108.600,109.110,10306927.000,109.110
2020-02-25,115.670,116.415,109.330,109.660,13636134.000,109.660
2020-02-24,114.290,116.790,113.520,116.440,10139308.000,116.440
2020-02-21,121.720,121.850,118.530,119.490,5896230.000,119.490
2020-02-20,123.860,124.310,120.400,122.430,7212911.000,122.430
2020-02-19,122.630,124.450,122.300,123.910,4878649.000,123.910
2020-02-18,122.580,122.990,121.680,122.270,5085799.000,122.270
2020-02-14,120.890,123.000,120.800,122.990,5769897.000,122.990
2020-02-13,118.040,121.100,117.800,120.510,6066472.000,120.510
2020-02-12,118.850,119.910,117.870,118.560,6482283.000,118.560
2020-02-11,120.760,121.000,118.400,118.840,4677447.000,118.840
2020-02-10,118.560,120.150,118.500,120.060,4868408.000,120.060
2020-02-07,119.600,119.670,118.410,118.880,4166262.000,118.880
2020-02-06,120.090,120.600,119.470,119.890,4020286.000,119.890
2020-02-05,121.200,122.190,118.891,119.720,7595345.000,119.720
2020-02-04,118.040,120.340,117.300,120.080,7396789.000,120.080
2020-02-03,114.300,117.240,114.050,116.510,8236584.000,116.510
2020-01-31,116.750,117.320,113.150,113.890,9467156.000,113.890
2020-01-30,112.790,117.200,112.420,117.120,13653347.000,117.120
2020-01-29,117.470,117.530,115.160,116.660,9255661.000,116.660
2020-01-28,115.830,117.210,114.715,116.520,6432992.000,116.520
2020-01-27,113.630,115.980,112.310,115.240,7002260.000,115.240
2020-01-24,118.450,119.600,116.510,116.980,7123969.000,116.980
2020-01-23,117.400,117.940,115.800,117.890,8533941.000,117.890
2020-01-22,116.730,117.450,115.470,115.500,5305308.000,115.500
2020-01-21,115.310,116.390,115.110,116.150,8509645.000,116.150
2020-01-17,116.450,116.700,115.470,116.040,9730424.000,116.040
2020-01-16,115.920,116.000,114.850,115.400,4793197.000,115.400
2020-01-15,115.140,115.950,114.610,114.850,5955223.000,114.850
2020-01-14,115.515,115.590,114.120,114.640,7182707.000,114.640
2020-01-13,113.980,115.880,113.860,115.280,9069390.000,115.280
2020-01-10,113.640,113.710,112.270,112.930,6965689.000,112.930
2020-01-09,112.990,113.560,111.590,112.570,5950181.000,112.570
2020-01-08,110.400,112.640,109.820,111.820,8295189.000,111.820
2020-01-07,111.500,111.560,109.530,109.670,6916836.000,109.670
2020-01-06,107.570,110.220,107.440,110.170,6766627.000,110.170
2020-01-03,109.490,110.420,108.760,108.760,7099931.000,108.760
2020-01-02,109.470,111.210,109.275,110.750,7419283.000,110.750
2019-12-31,107.540,108.450,107.200,108.170,4080618.000,108.170
2019-12-30,109.520,109.600,107.730,107.970,3769715.000,107.970
2019-12-27,110.167,110.180,108.900,109.400,3390317.000,109.400
2019-12-26,109.130,109.750,108.570,109.750,4050317.000,109.750
2019-12-24,108.640,109.260,108.380,108.690,1679950.000,108.690
2019-12-23,109.050,109.450,108.380,108.610,4659074.000,108.610
2019-12-20,109.280,109.620,108.130,108.750,9831071.000,108.750
2019-12-19,107.800,108.940,107.460,108.880,6590055.000,108.880
2019-12-18,108.860,109.470,107.760,107.830,6478284.000,107.830
2019-12-17,109.570,109.600,107.670,108.460,8168386.000,108.460
2019-12-16,108.400,109.828,108.350,109.570,8466723.000,109.570
2019-12-13,105.830,107.905,105.520,107.650,7001186.000,107.650
2019-12-12,105.210,106.220,104.130,105.670,6380433.000,105.670
2019-12-11,103.720,105.870,103.590,105.510,5782111.000,105.510
2019-12-10,103.770,104.130,103.260,103.620,5316693.000,103.620
2019-12-09,104.600,105.100,103.600,103.780,5681147.000,103.780
2019-12-06,104.790,105.344,104.160,104.340,7018440.000,104.340
2019-12-05,105.450,105.500,104.110,104.590,5637586.000,104.590
2019-12-04,106.290,106.290,104.655,105.000,7849569.000,105.000
2019-12-03,105.000,106.130,104.510,105.590,9062795.000,105.590
2019-12-02,107.960,108.490,104.650,106.210,7185204.000,106.210
2019-11-29,107.970,108.390,106.900,108.010,4439511.000,108.010
2019-11-27,106.890,108.240,106.800,107.750,7555124.000,107.750
2019-11-26,104.800,106.780,104.500,106.200,13150051.000,106.200
2019-11-25,102.380,104.570,102.060,104.450,8338769.000,104.450
2019-11-22,102.920,103.230,100.720,101.770,6448811.000,101.770
2019-11-21,103.000,104.470,102.150,102.550,7525120.000,102.550
2019-11-20,105.220,105.380,103.120,104.090,5962021.000,104.090
2019-11-19,104.080,106.170,104.008,104.950,7960162.000,104.950
2019-11-18,103.850,104.200,102.980,103.660,4831599.000,103.660
2019-11-15,104.350,104.480,103.105,104.200,5640361.000,104.200
2019-11-14,101.870,103.850,101.370,103.730,4980344.000,103.730
2019-11-13,102.000,103.600,101.630,102.120,5329359.000,102.120
2019-11-12,102.970,103.090,100.920,102.030,6715166.000,102.030
2019-11-11,101.040,103.040,100.660,102.670,5391050.000,102.670
2019-11-08,100.025,101.710,99.600,101.420,5451433.000,101.420
2019-11-07,100.940,101.720,100.290,100.470,9088435.000,100.470
2019-11-06,101.200,101.340,100.170,100.630,7332216.000,100.630
2019-11-05,103.050,103.250,100.285,100.990,9236156.000,100.990
2019-11-04,105.720,105.760,102.605,102.810,5818361.000,102.810
2019-11-01,104.700,105.300,103.930,104.980,5489839.000,104.980
2019-10-31,106.470,106.500,103.260,104.100,7200513.000,104.100
2019-10-30,105.290,106.600,103.960,106.500,4204919.000,106.500
2019-10-29,106.840,107.020,104.695,105.000,5420866.000,105.000
2019-10-28,107.990,108.460,106.450,106.600,6960851.000,106.600
2019-10-25,104.460,107.490,104.420,107.190,12070921.000,107.190
2019-10-24,106.075,106.980,103.190,104.910,23817914.000,104.910
2019-10-23,97.420,97.600,94.770,96.640,17459600.000,96.640
2019-10-22,101.360,101.950,97.115,97.360,11384723.000,97.360
2019-10-21,102.360,102.730,100.465,101.440,6694445.000,101.440
2019-10-18,103.920,104.320,100.750,101.220,6978120.000,101.220
2019-10-17,103.890,104.340,102.840,103.630,4019239.000,103.630
2019-10-16,103.000,103.230,101.900,103.090,4363705.000,103.090
2019-10-15,102.010,103.660,101.900,103.590,4629287.000,103.590
2019-10-14,101.590,102.350,101.367,101.750,3817790.000,101.750
2019-10-11,101.780,103.960,101.470,101.580,4788311.000,101.580
2019-10-10,99.400,101.000,99.400,100.540,4561588.000,100.540
2019-10-09,99.440,100.690,99.385,99.890,5038850.000,99.890
2019-10-08,100.850,101.150,99.250,99.330,7398352.000,99.330
2019-10-07,102.110,102.607,101.520,101.620,3829056.000,101.620
2019-10-04,101.840,102.980,100.840,102.790,5534673.000,102.790
2019-10-03,99.540,101.310,98.610,101.030,5343141.000,101.030
2019-10-02,101.810,101.830,99.360,99.730,8011727.000,99.730
2019-10-01,104.000,104.641,102.230,102.530,5746364.000,102.530
2019-09-30,102.680,104.070,101.480,103.590,7512787.000,103.590
2019-09-27,104.870,105.170,101.100,102.200,7189838.000,102.200
2019-09-26,104.430,104.870,103.220,104.550,4780793.000,104.550
2019-09-25,103.340,104.463,101.540,104.140,5523936.000,104.140
2019-09-24,105.410,106.100,102.730,103.690,6444130.000,103.690
2019-09-23,104.730,105.320,104.350,105.110,3396306.000,105.110
2019-09-20,104.710,105.460,103.910,104.640,10707881.000,104.640
2019-09-19,105.640,107.020,105.600,106.120,5247013.000,106.120
2019-09-18,107.780,107.800,103.730,105.600,6685977.000,105.600
2019-09-17,106.810,107.895,106.460,107.500,4115933.000,107.500
2019-09-16,106.130,108.010,105.990,106.520,5215635.000,106.520
2019-09-13,106.660,107.290,105.250,107.000,8390194.000,107.000
2019-09-12,105.710,107.915,105.490,107.100,11585351.000,107.100
2019-09-11,104.150,104.480,103.110,104.020,7006282.000,104.020
2019-09-10,104.770,104.950,101.310,103.050,13428039.000,103.050
2019-09-09,110.620,110.770,103.900,105.430,10958990.000,105.430
2019-09-06,111.660,111.670,109.620,110.050,4676035.000,110.050
2019-09-05,110.000,111.630,109.510,111.460,5348782.000,111.460
2019-09-04,107.750,109.235,107.290,108.730,3691497.000,108.730
2019-09-03,107.920,108.860,106.460,106.750,4038074.000,106.750
2019-08-30,110.130,110.970,108.540,109.050,3958699.000,109.050
2019-08-29,108.960,109.760,108.780,109.210,3931033.000,109.210
2019-08-28,106.710,107.630,105.350,107.470,3255228.000,107.470
2019-08-27,108.390,108.720,106.950,107.450,4938397.000,107.450
2019-08-26,107.110,107.830,106.290,107.660,3669041.000,107.660
2019-08-23,108.930,110.140,105.510,106.040,7457331.000,106.040
2019-08-22,110.080,110.290,107.650,108.770,3864359.000,108.770
2019-08-21,108.540,110.020,108.398,109.820,5416562.000,109.820
2019-08-20,107.910,108.580,107.020,107.370,4359576.000,107.370
2019-08-19,108.000,108.440,106.830,107.670,5721282.000,107.670
2019-08-16,106.080,106.610,105.550,106.160,5989174.000,106.160
2019-08-15,103.900,105.790,103.130,104.950,7049233.000,104.950
2019-08-14,104.170,105.130,102.440,103.270,9538834.000,103.270
2019-08-13,103.390,106.700,102.680,106.040,9909591.000,106.040
2019-08-12,104.010,104.380,102.210,102.720,7897875.000,102.720
2019-08-09,106.400,106.520,104.450,104.820,7777343.000,104.820
2019-08-08,107.350,108.140,106.080,106.790,7814988.000,106.790
2019-08-07,104.060,107.160,103.300,106.630,7622015.000,106.630
2019-08-06,105.000,106.000,104.480,105.030,7740468.000,105.030
2019-08-05,103.760,105.390,102.410,103.600,11745393.000,103.600
2019-08-02,109.470,109.650,105.830,107.090,10466910.000,107.090
2019-08-01,110.450,112.450,109.665,110.800,9436130.000,110.800
2019-07-31,112.200,112.300,109.430,110.400,10096159.000,110.400
2019-07-30,110.790,112.290,108.770,112.040,8456015.000,112.040
2019-07-29,113.500,114.280,111.220,111.450,13820205.000,111.450
2019-07-26,115.710,116.350,114.340,115.490,7995933.000,115.490
2019-07-25,116.750,117.550,113.230,115.120,19417195.000,115.120
2019-07-24,120.000,121.330,118.930,121.300,8969808.000,121.300
2019-07-23,119.420,120.270,118.695,120.220,5016048.000,120.220
2019-07-22,118.990,119.210,118.120,118.690,5677409.000,118.690
2019-07-19,120.740,121.360,118.600,118.630,4916241.000,118.630
2019-07-18,118.990,120.800,118.630,119.870,4440672.000,119.870
2019-07-17,119.650,119.990,118.800,118.810,4627478.000,118.810
2019-07-16,121.100,121.480,119.530,119.710,4006838.000,119.710
2019-07-15,120.770,121.040,119.800,120.900,3721345.000,120.900
2019-07-12,120.920,121.000,119.310,120.120,4540257.000,120.120
2019-07-11,120.170,120.750,119.240,120.650,4999657.000,120.650
2019-07-10,119.110,120.200,118.780,119.640,5879661.000,119.640
2019-07-09,116.370,118.620,116.250,118.370,4739005.000,118.370
2019-07-08,116.340,117.225,115.140,116.950,4983572.000,116.950
2019-07-05,116.540,117.400,114.690,117.160,3801715.000,117.160
2019-07-03,116.880,117.720,116.060,117.680,3288929.000,117.680
2019-07-02,115.180,116.200,114.580,116.170,4155388.000,116.170
2019-07-01,116.720,116.750,114.350,115.030,5709683.000,115.030
2019-06-28,114.240,114.620,113.330,114.460,6679793.000,114.460
2019-06-27,114.510,114.870,113.080,113.670,5139346.000,113.670
2019-06-26,115.700,116.380,114.115,114.150,4637342.000,114.150
2019-06-25,116.580,116.960,113.390,114.440,5395305.000,114.440
2019-06-24,116.510,116.773,115.660,116.500,3369867.000,116.500
2019-06-21,116.080,117.280,115.970,116.210,10651525.000,116.210
2019-06-20,118.850,119.950,117.840,118.790,5437516.000,118.790
2019-06-19,116.000,117.340,115.220,117.140,5165966.000,117.140
2019-06-18,118.600,118.646,115.840,115.980,6793322.000,115.980
2019-06-17,116.580,117.335,116.370,117.160,4621594.000,117.160
2019-06-14,115.910,116.730,115.270,116.170,4241994.000,116.170
2019-06-13,114.820,115.820,114.590,115.720,4089424.000,115.720
2019-06-12,114.590,114.890,113.470,114.500,3914615.000,114.500
2019-06-11,116.970,117.450,113.295,114.600,5038942.000,114.600
2019-06-10,115.100,117.350,114.850,115.620,6483553.000,115.620
2019-06-07,112.300,115.140,112.080,114.020,5916410.000,114.020
2019-06-06,111.110,112.040,110.270,111.780,4743958.000,111.780
2019-06-05,110.040,110.880,109.460,110.770,6220170.000,110.770
2019-06-04,106.830,108.830,105.780,108.730,7280429.000,108.730
2019-06-03,111.090,111.090,103.960,105.520,11261210.000,105.520
2019-05-31,110.330,110.800,108.740,109.750,4913455.000,109.750
2019-05-30,110.640,111.570,110.090,111.410,3871752.000,111.410
2019-05-29,110.750,110.970,109.310,110.080,8166166.000,110.080
2019-05-28,110.570,113.140,110.500,111.740,6568269.000,111.740
2019-05-24,110.840,111.240,109.460,109.850,4832620.000,109.850
2019-05-23,111.470,111.710,109.060,109.900,7183631.000,109.900
2019-05-22,112.280,113.960,112.210,112.470,3092002.000,112.470
2019-05-21,112.670,113.120,111.686,112.430,4001417.000,112.430
2019-05-20,111.970,113.310,111.230,112.150,3631596.000,112.150
2019-05-17,113.070,114.250,112.242,112.800,4512583.000,112.800
2019-05-16,111.200,114.660,111.160,113.870,6031779.000,113.870
2019-05-15,108.590,111.930,108.310,111.500,5315281.000,111.500
2019-05-14,107.560,110.400,107.350,109.090,4559662.000,109.090
2019-05-13,107.600,108.630,106.520,106.830,5657900.000,106.830
2019-05-10,109.220,110.680,107.460,110.410,3750890.000,110.410
2019-05-09,108.100,110.133,107.248,109.730,4657418.000,109.730
2019-05-08,108.580,109.880,108.150,109.070,4118033.000,109.070
2019-05-07,110.170,110.170,107.640,108.950,6178708.000,108.950
2019-05-06,109.440,111.120,108.580,110.850,4722565.000,110.850
2019-05-03,110.570,112.120,110.250,111.960,4660901.000,111.960
2019-05-02,110.600,111.160,108.910,109.700,5272425.000,109.700
2019-05-01,113.210,113.690,110.920,110.940,5444708.000,110.940
2019-04-30,112.440,113.220,111.200,112.770,6489380.000,112.770
2019-04-29,110.700,113.000,110.440,112.440,6989300.000,112.440
2019-04-26,109.720,110.570,107.880,110.560,7683160.000,110.560
2019-04-25,108.520,110.920,108.520,110.220,10959443.000,110.220
2019-04-24,107.110,108.390,106.420,107.220,9553117.000,107.220
2019-04-23,107.100,107.510,106.440,106.900,8564219.000,106.900
2019-04-22,106.790,107.180,106.020,106.810,6408498.000,106.810
2019-04-18,108.360,108.450,105.080,107.360,10220713.000,107.360
2019-04-17,107.805,108.860,107.250,108.810,5354021.000,108.810
2019-04-16,108.800,108.800,107.580,108.200,3766267.000,108.200
2019-04-15,108.580,109.000,107.310,108.140,4480406.000,108.140
2019-04-12,107.030,108.540,106.410,108.480,6998048.000,108.480
2019-04-11,107.510,107.740,105.910,106.460,7681003.000,106.460
2019-04-10,107.150,107.770,106.390,107.510,6561918.000,107.510
2019-04-09,106.060,107.510,105.830,106.930,7217072.000,106.930
2019-04-08,105.660,107.000,104.670,106.570,9261995.000,106.570
2019-04-05,104.840,105.800,104.620,105.730,8573757.000,105.730
2019-04-04,104.700,104.970,102.650,104.460,7996830.000,104.460
2019-04-03,105.910,105.970,104.490,104.690,5442449.000,104.690
2019-04-02,105.760,105.760,104.660,105.230,4177507.000,105.230
2019-04-01,104.990,105.760,103.850,105.550,6157204.000,105.550
2019-03-29,104.520,104.700,103.460,103.840,5625544.000,103.840
2019-03-28,103.450,104.010,102.670,103.860,4466587.000,103.860
2019-03-27,103.200,104.170,101.740,103.070,5450156.000,103.070
2019-03-26,102.340,103.285,101.750,103.150,4498014.000,103.150
2019-03-25,100.940,102.180,100.510,101.550,5117698.000,101.550
2019-03-22,103.870,104.000,101.250,101.270,7194999.000,101.270
2019-03-21,102.150,104.560,102.085,104.150,7216748.000,104.150
2019-03-20,101.450,103.050,100.840,102.310,6462929.000,102.310
2019-03-19,100.600,101.685,100.600,101.540,6965119.000,101.540
2019-03-18,101.210,101.830,99.370,100.270,6454037.000,100.270
2019-03-15,99.400,101.260,99.330,100.730,10960863.000,100.730
2019-03-14,99.460,99.670,98.930,99.030,5414658.000,99.030
2019-03-13,98.200,100.590,98.140,99.310,9356601.000,99.310
2019-03-12,98.000,98.080,96.900,97.500,5624849.000,97.500
2019-03-11,96.010,97.570,95.954,97.450,5387479.000,97.450
2019-03-08,95.040,95.770,94.510,95.690,4578084.000,95.690
2019-03-07,96.170,96.750,95.300,96.210,6170276.000,96.210
2019-03-06,96.520,97.280,95.910,96.460,3226530.000,96.460
2019-03-05,96.650,97.140,96.150,96.530,6321889.000,96.530
2019-03-04,98.030,98.500,95.340,96.570,7855772.000,96.570
2019-03-01,98.920,99.450,98.340,98.800,5434436.000,98.800
2019-02-28,97.660,98.525,97.080,98.070,6151847.000,98.070
2019-02-27,96.110,98.040,95.930,97.860,5565391.000,97.860
2019-02-26,96.340,96.820,95.530,96.590,5906401.000,96.590
2019-02-25,96.070,97.304,96.000,96.700,7470730.000,96.700
2019-02-22,95.240,96.000,95.070,95.980,4898247.000,95.980
2019-02-21,94.720,95.510,94.330,94.960,6410003.000,94.960
2019-02-20,95.000,95.720,93.980,94.730,8154094.000,94.730
2019-02-19,94.450,95.300,94.060,95.020,8092379.000,95.020
2019-02-15,95.000,95.430,94.450,94.910,6080181.000,94.910
2019-02-14,93.650,94.990,93.100,94.420,6579170.000,94.420
2019-02-13,94.590,96.040,93.844,94.010,8577942.000,94.010
2019-02-12,93.440,94.510,93.200,94.380,7497035.000,94.380
2019-02-11,92.250,93.750,92.150,92.690,6455938.000,92.690
2019-02-08,90.020,91.910,90.000,91.870,7642107.000,91.870
2019-02-07,91.110,91.710,90.010,90.850,7283827.000,90.850
2019-02-06,90.800,92.290,90.190,92.250,5939421.000,92.250
2019-02-05,91.910,92.350,91.360,92.270,5591260.000,92.270
2019-02-04,89.880,92.120,89.710,91.660,7084477.000,91.660
2019-02-01,88.360,90.500,88.250,90.010,10514645.000,90.010
2019-01-31,89.020,90.090,86.620,88.760,23729880.000,88.760
2019-01-30,92.020,93.340,90.900,92.420,11622819.000,92.420
2019-01-29,92.330,92.850,90.570,91.120,6399936.000,91.120
2019-01-28,93.300,93.420,90.690,92.300,7361144.000,92.300
2019-01-25,93.050,94.580,92.690,94.280,11664736.000,94.280
2019-01-24,90.670,92.990,90.550,92.200,9749072.000,92.200
2019-01-23,90.740,91.170,89.570,90.500,5596051.000,90.500
2019-01-22,90.330,90.970,89.090,89.940,7890273.000,89.940
2019-01-18,91.350,91.440,89.780,91.120,11958388.000,91.120
2019-01-17,90.250,90.870,89.810,90.400,10254547.000,90.400
2019-01-16,91.720,92.350,90.210,90.550,8475025.000,90.550
2019-01-15,90.640,91.910,90.190,91.600,10377929.000,91.600
2019-01-14,89.960,90.810,89.550,90.430,6084735.000,90.430
2019-01-11,90.110,91.144,90.100,90.650,7398181.000,90.650
2019-01-10,89.100,90.790,87.918,90.700,7478123.000,90.700
2019-01-09,88.810,90.315,88.500,89.550,9578323.000,89.550
2019-01-08,88.110,88.895,87.690,88.700,8307637.000,88.700
2019-01-07,86.420,87.550,86.020,86.930,11094140.000,86.930
2019-01-04,83.710,86.910,83.370,86.270,9234825.000,86.270
2019-01-03,84.360,84.750,81.910,82.090,9650676.000,82.090
2019-01-02,82.380,86.200,82.240,85.750,10146197.000,85.750
2018-12-31,84.240,84.480,82.550,84.090,7247755.000,84.090
2018-12-28,85.000,85.230,82.340,83.260,6850418.000,83.260
2018-12-27,81.330,84.360,80.240,84.310,7849070.000,84.310
2018-12-26,77.700,82.800,77.650,82.800,10994728.000,82.800
2018-12-24,77.480,79.320,76.700,77.060,6800483.000,77.060
2018-12-21,82.810,83.770,77.690,78.140,17704936.000,78.140
2018-12-20,83.780,84.870,80.820,82.440,12532882.000,82.440
2018-12-19,85.630,87.800,82.930,84.030,11258380.000,84.030
2018-12-18,84.700,86.370,84.620,85.510,9573004.000,85.510
2018-12-17,85.690,86.300,83.351,84.100,8368108.000,84.100
2018-12-14,86.380,87.940,85.420,85.920,6869115.000,85.920
2018-12-13,87.730,88.710,86.410,87.560,8877266.000,87.560
2018-12-12,86.840,88.460,86.500,86.500,10306780.000,86.500
2018-12-11,86.010,86.900,84.560,85.510,8159070.000,85.510
2018-12-10,83.250,85.500,82.760,84.930,9348154.000,84.930
2018-12-07,84.960,85.990,81.970,82.770,8419488.000,82.770
2018-12-06,81.820,85.860,81.290,85.820,10197740.000,85.820
2018-12-04,87.240,88.470,84.020,84.190,8251093.000,84.190
2018-12-03,87.290,88.840,87.190,87.980,10822485.000,87.980
2018-11-30,84.390,85.860,83.660,85.810,11273280.000,85.810
2018-11-29,85.370,85.675,83.790,84.260,6516560.000,84.260
2018-11-28,82.270,86.000,81.950,85.980,9341953.000,85.980
2018-11-27,81.000,82.000,80.205,81.970,5335151.000,81.970
2018-11-26,78.970,80.980,78.860,80.860,9292903.000,80.860
2018-11-23,78.090,79.710,77.900,77.950,3066853.000,77.950
2018-11-21,79.090,79.890,77.635,79.120,8522932.000,79.120
2018-11-20,77.000,79.080,75.470,77.760,14202099.000,77.760
2018-11-19,84.770,85.190,79.900,80.130,11455289.000,80.130
2018-11-16,86.000,86.720,84.830,85.060,7580987.000,85.060
2018-11-15,83.790,87.090,83.600,86.740,10001248.000,86.740
2018-11-14,84.980,85.140,83.070,84.050,6678468.000,84.050
2018-11-13,84.120,85.229,83.160,83.780,4731289.000,83.780
2018-11-12,86.170,86.650,83.300,83.780,6278185.000,83.780
2018-11-09,88.450,88.450,85.550,86.760,9105908.000,86.760
2018-11-08,87.700,89.060,87.680,89.040,7539282.000,89.040
2018-11-07,85.860,88.490,85.730,88.230,8672013.000,88.230
2018-11-06,84.100,85.310,83.720,84.690,4662485.000,84.690
2018-11-05,83.330,84.250,82.250,84.050,4622289.000,84.050
2018-11-02,85.460,86.104,82.650,83.510,7014351.000,83.510
2018-11-01,84.180,85.150,83.570,85.040,5952606.000,85.040
2018-10-31,82.370,85.350,82.300,84.190,11191843.000,84.190
2018-10-30,80.330,81.960,79.420,80.900,13100808.000,80.900
2018-10-29,84.740,85.240,78.990,81.150,12918820.000,81.150
2018-10-26,83.220,85.660,82.180,83.370,13969414.000,83.370
2018-10-25,84.240,86.510,83.560,85.960,9267622.000,85.960
2018-10-24,87.040,87.690,83.010,83.090,14754551.000,83.090
2018-10-23,83.200,87.800,82.990,87.570,14753761.000,87.570
2018-10-22,84.860,86.230,83.571,85.430,11254755.000,85.430
2018-10-19,83.750,86.170,82.920,84.780,34211905.000,84.780
2018-10-18,80.170,80.440,77.360,77.480,19748527.000,77.480
2018-10-17,81.190,81.390,79.500,80.090,10022637.000,80.090
2018-10-16,78.850,80.910,78.460,80.610,10059964.000,80.610
2018-10-15,78.880,79.140,77.220,77.230,8481098.000,77.230
2018-10-12,79.120,79.600,77.790,79.030,14131406.000,79.030
2018-10-11,76.810,77.785,74.660,75.900,21010646.000,75.900
2018-10-10,79.610,79.910,75.320,75.450,16920253.000,75.450
2018-10-09,80.650,81.840,79.440,80.030,9332600.000,80.030
2018-10-08,82.620,82.890,78.650,80.550,16872156.000,80.550
2018-10-05,84.210,84.840,82.320,83.180,10735779.000,83.180
2018-10-04,86.390,86.500,83.540,84.340,9078341.000,84.340
2018-10-03,87.400,87.950,86.370,87.150,6625013.000,87.150
2018-10-02,87.270,87.350,85.830,86.680,6488198.000,86.680
2018-10-01,88.130,88.800,87.400,87.550,9260577.000,87.550
2018-09-28,88.790,89.045,87.600,87.840,7920916.000,87.840
2018-09-27,90.610,90.700,88.860,88.990,6996564.000,88.990
2018-09-26,90.340,90.930,89.700,89.850,5936191.000,89.850
2018-09-25,89.620,90.380,89.275,90.040,5953397.000,90.040
2018-09-24,89.950,90.260,88.260,89.620,8303272.000,89.620
2018-09-21,91.050,92.000,90.420,90.620,25379398.000,90.620
2018-09-20,89.840,90.780,89.185,90.600,6562065.000,90.600
2018-09-19,90.100,90.740,88.238,89.310,5495100.000,89.310
2018-09-18,88.710,90.090,88.710,89.720,5820686.000,89.720
2018-09-17,90.660,91.300,88.510,88.680,9293798.000,88.680
2018-09-14,92.250,92.680,90.680,90.780,9342821.000,90.780
2018-09-13,92.600,93.700,92.060,92.190,8308315.000,92.190
2018-09-12,91.530,92.460,90.210,92.400,7213519.000,92.400
2018-09-11,89.830,91.710,89.035,91.430,7324353.000,91.430
2018-09-10,89.430,89.990,88.560,89.800,5465965.000,89.800
2018-09-07,88.130,89.680,87.390,88.820,5679468.000,88.820
2018-09-06,89.180,89.555,88.060,89.000,6840606.000,89.000
2018-09-05,92.980,93.000,88.700,89.050,10202178.000,89.050
2018-09-04,91.940,93.440,91.620,93.070,6466717.000,93.070
2018-08-31,91.840,92.740,91.800,92.330,4874378.000,92.330
2018-08-30,92.290,93.010,91.710,92.090,7146558.000,92.090
2018-08-29,90.780,92.940,90.780,92.620,7929101.000,92.620
2018-08-28,90.100,90.850,89.680,90.610,4643751.000,90.610
2018-08-27,90.680,91.320,89.780,89.970,5466661.000,89.970
2018-08-24,87.950,90.130,87.950,90.100,7403855.000,90.100
2018-08-23,86.720,88.175,86.670,87.380,4310036.000,87.380
2018-08-22,86.000,87.160,85.630,86.950,4265905.000,86.950
2018-08-21,85.820,87.380,85.820,86.220,5389566.000,86.220
2018-08-20,85.740,86.000,84.900,85.750,4102976.000,85.750
2018-08-17,85.100,85.770,84.220,85.450,6245013.000,85.450
2018-08-16,85.850,85.900,84.870,85.320,5967213.000,85.320
2018-08-15,86.780,87.250,84.610,85.190,8742930.000,85.190
2018-08-14,87.370,87.830,86.480,87.730,6107398.000,87.730
2018-08-13,87.420,88.500,86.960,87.010,6040062.000,87.010
2018-08-10,86.550,88.030,86.010,87.010,5796458.000,87.010
2018-08-09,86.910,88.090,86.480,87.170,5507014.000,87.170
2018-08-08,86.230,87.095,85.860,86.740,3889380.000,86.740
2018-08-07,86.300,86.990,85.950,86.300,4951217.000,86.300
2018-08-06,85.190,86.100,84.900,85.770,5702760.000,85.770
2018-08-03,85.990,86.200,84.150,85.190,6216575.000,85.190
2018-08-02,82.950,85.590,82.850,85.530,8327178.000,85.530
2018-08-01,82.240,83.980,82.010,83.460,11160356.000,83.460
2018-07-31,82.510,83.320,81.300,82.140,13462210.000,82.140
2018-07-30,85.500,85.500,81.850,82.390,13501510.000,82.390
2018-07-27,89.500,90.280,84.750,85.460,14903397.000,85.460
2018-07-26,88.510,90.680,87.250,89.140,14505569.000,89.140
2018-07-25,91.130,92.350,91.010,91.370,12050439.000,91.370
2018-07-24,90.600,92.350,90.413,91.410,13369404.000,91.410
2018-07-23,87.140,89.600,85.820,89.240,11759671.000,89.240
2018-07-20,87.320,88.000,87.140,87.470,7554139.000,87.470
2018-07-19,88.000,88.590,87.160,87.380,5612878.000,87.380
2018-07-18,88.700,88.930,87.680,88.220,4797062.000,88.220
2018-07-17,87.250,88.720,86.590,88.580,5086126.000,88.580
2018-07-16,88.260,88.341,87.480,87.770,4452265.000,87.770
2018-07-13,89.000,89.100,86.830,87.990,6110637.000,87.990
2018-07-12,87.200,89.190,86.800,89.130,6912332.000,89.130
2018-07-11,85.470,86.860,85.070,86.250,4153183.000,86.250
2018-07-10,86.720,86.720,85.770,86.170,3723180.000,86.170
2018-07-09,86.600,86.900,85.348,86.230,5683472.000,86.230
2018-07-06,84.410,86.000,83.940,85.940,5095457.000,85.940
2018-07-05,83.640,84.640,83.300,84.590,5287716.000,84.590
2018-07-03,84.360,84.900,83.150,83.270,3644133.000,83.270
2018-07-02,82.750,83.960,82.062,83.890,4929447.000,83.890
2018-06-29,82.750,83.660,82.610,83.270,6816964.000,83.270
2018-06-28,80.390,82.830,80.160,82.480,7374725.000,82.480
2018-06-27,82.550,82.970,80.453,80.670,8974510.000,80.670
2018-06-26,82.680,83.210,81.770,82.320,6742177.000,82.320
2018-06-25,84.080,84.470,81.210,82.190,10780118.000,82.190
2018-06-22,86.320,86.560,84.610,85.120,7503397.000,85.120
2018-06-21,86.500,87.550,85.450,85.970,8101290.000,85.970
2018-06-20,84.860,86.970,84.820,85.950,9174942.000,85.950
2018-06-19,84.640,84.960,83.430,84.520,6245114.000,84.520
2018-06-18,84.840,86.200,84.440,85.850,5579359.000,85.850
2018-06-15,85.330,85.690,84.100,85.310,8710787.000,85.310
2018-06-14,85.500,86.295,85.210,85.610,6643352.000,85.610
2018-06-13,85.500,86.000,84.680,85.270,7510276.000,85.270
2018-06-12,83.930,86.200,83.875,85.020,9216898.000,85.020
2018-06-11,84.450,84.590,83.790,83.890,4870444.000,83.890
2018-06-08,83.230,84.490,83.150,84.340,7430930.000,84.340
2018-06-07,85.210,85.300,82.310,83.270,7838563.000,83.270
2018-06-06,85.050,85.610,84.500,85.210,7867161.000,85.210
2018-06-05,84.500,85.200,84.010,85.050,9033556.000,85.050
2018-06-04,83.230,84.800,82.770,84.570,7423686.000,84.570
2018-06-01,82.550,83.460,81.850,83.250,7092081.000,83.250
2018-05-31,81.810,82.830,81.550,82.070,8250136.000,82.070
2018-05-30,81.161,82.060,80.900,81.600,5516230.000,81.600
2018-05-29,80.710,81.340,80.200,80.730,6924208.000,80.730
2018-05-25,82.650,82.720,80.490,80.960,9471281.000,80.960
2018-05-24,80.910,83.060,79.660,81.550,11696832.000,81.550
2018-05-23,79.660,81.120,79.405,81.080,5059808.000,81.080
2018-05-22,81.390,81.610,80.280,80.620,5188282.000,80.620
2018-05-21,81.610,82.320,80.370,81.250,7882072.000,81.250
2018-05-18,79.900,81.940,79.825,80.790,14626894.000,80.790
2018-05-17,77.630,81.160,77.590,79.190,8329549.000,79.190
2018-05-16,77.500,78.540,77.280,77.820,5350161.000,77.820
2018-05-15,77.850,78.200,76.930,77.790,6173510.000,77.790
2018-05-14,79.140,79.650,78.440,78.810,5821169.000,78.810
2018-05-11,79.250,79.390,78.080,79.200,9871283.000,79.200
2018-05-10,77.390,79.255,77.250,79.190,11541352.000,79.190
2018-05-09,76.080,77.050,75.460,77.010,6230501.000,77.010
2018-05-08,74.620,75.940,74.440,75.720,6267169.000,75.720
2018-05-07,74.220,75.120,74.100,74.670,7583734.000,74.670
2018-05-04,73.190,74.440,72.230,73.990,7470794.000,73.990
2018-05-03,71.300,73.770,70.220,73.450,17310691.000,73.450
2018-05-02,75.000,75.710,71.210,71.730,17710747.000,71.730
2018-05-01,74.150,74.990,73.600,74.810,5660219.000,74.810
2018-04-30,74.000,75.019,73.690,74.610,9444449.000,74.610
2018-04-27,76.210,76.390,73.635,74.130,9794316.000,74.130
2018-04-26,76.320,77.620,75.490,76.030,13625287.000,76.030
2018-04-25,75.390,75.575,73.700,74.000,10940287.000,74.000
2018-04-24,78.900,79.400,75.080,75.280,9186611.000,75.280
2018-04-23,78.860,79.450,77.990,78.210,4038517.000,78.210
2018-04-20,79.220,79.870,78.300,78.730,6265267.000,78.730
2018-04-19,80.200,80.390,79.190,79.680,7122738.000,79.680
2018-04-18,80.100,80.890,79.320,80.340,5943689.000,80.340
2018-04-17,78.550,80.430,78.500,80.030,7135657.000,80.030
2018-04-16,77.880,78.500,77.190,77.800,5101377.000,77.800
2018-04-13,78.000,78.630,76.830,77.270,5909943.000,77.270
2018-04-12,76.800,77.990,76.610,77.460,5034799.000,77.460
2018-04-11,76.200,77.400,76.080,76.500,4581013.000,76.500
2018-04-10,76.510,77.310,75.800,76.790,6217464.000,76.790
2018-04-09,74.600,76.880,74.600,75.190,7328434.000,75.190
2018-04-06,75.520,76.400,73.700,73.860,8179131.000,73.860
2018-04-05,75.590,77.820,75.480,76.950,10015717.000,76.950
2018-04-04,73.000,75.060,72.520,74.780,8230790.000,74.780
2018-04-03,75.280,75.410,73.350,74.560,8885973.000,74.560
2018-04-02,75.230,76.300,74.010,75.000,11417691.000,75.000
2018-03-29,75.310,77.200,74.550,75.870,11064269.000,75.870
2018-03-28,75.700,76.750,74.740,75.060,14370325.000,75.060
2018-03-27,79.590,79.900,75.650,76.310,7871834.000,76.310
2018-03-26,77.980,79.170,77.030,78.950,8616491.000,78.950
2018-03-23,78.500,79.060,76.350,76.440,9224006.000,76.440
2018-03-22,79.810,80.120,78.460,78.560,9308694.000,78.560
2018-03-21,80.940,82.350,80.510,81.040,6575070.000,81.040
2018-03-20,80.180,81.190,80.054,80.860,7249737.000,80.860
2018-03-19,80.890,81.440,79.110,80.300,8853780.000,80.300
2018-03-16,82.800,83.230,81.270,82.160,7554648.000,82.160
2018-03-15,83.750,83.990,81.570,82.570,9047478.000,82.570
2018-03-14,80.740,83.500,80.640,83.310,13481306.000,83.310
2018-03-13,80.690,80.990,79.270,80.200,6309172.000,80.200
2018-03-12,80.750,81.170,80.350,80.600,6214564.000,80.600
2018-03-09,80.260,80.850,80.110,80.710,6402337.000,80.710
2018-03-08,79.850,80.490,79.530,79.870,6428399.000,79.870
2018-03-07,78.650,79.555,78.010,79.520,5546703.000,79.520
2018-03-06,79.330,79.950,78.850,79.230,7477760.000,79.230
2018-03-05,78.070,79.420,77.090,79.070,6652980.000,79.070
2018-03-02,77.520,79.110,76.930,78.870,9426242.000,78.870
2018-03-01,79.600,80.440,77.880,78.640,8443335.000,78.640
2018-02-28,79.900,82.170,79.390,79.410,10720543.000,79.410
2018-02-27,79.110,79.929,78.610,79.460,8798204.000,79.460
2018-02-26,80.000,80.050,78.980,79.350,7103517.000,79.350
2018-02-23,78.260,79.700,77.391,79.690,7453813.000,79.690
2018-02-22,76.800,78.370,76.770,77.700,6568273.000,77.700
2018-02-21,77.200,78.496,76.465,76.510,8186338.000,76.510
2018-02-20,77.700,78.540,76.660,77.060,6805122.000,77.060
2018-02-16,78.200,78.750,77.530,78.370,9459255.000,78.370
2018-02-15,78.010,78.300,76.580,78.295,8866072.000,78.295
2018-02-14,74.180,77.360,74.130,77.270,8776669.000,77.270
2018-02-13,74.810,75.600,74.550,74.970,7647944.000,74.970
2018-02-12,75.490,76.280,74.852,75.280,10380424.000,75.280
2018-02-09,73.140,75.270,71.630,74.750,13466714.000,74.750
2018-02-08,75.630,75.910,72.270,72.320,12732232.000,72.320
2018-02-07,75.350,77.580,74.940,75.590,11547002.000,75.590
2018-02-06,72.630,76.515,72.250,75.680,19176878.000,75.680
2018-02-05,75.950,78.980,74.680,74.705,17055985.000,74.705
2018-02-02,78.100,79.620,76.280,76.570,21799952.000,76.570
2018-02-01,79.950,80.950,76.700,78.400,43971676.000,78.400
2018-01-31,84.180,86.320,84.160,85.320,12202052.000,85.320
2018-01-30,83.000,84.170,82.000,83.780,7713882.000,83.780
2018-01-29,85.200,85.350,83.620,84.310,7819033.000,84.310
2018-01-26,84.460,85.490,84.040,85.450,7626512.000,85.450
2018-01-25,84.000,85.270,83.710,84.340,7131582.000,84.340
2018-01-24,84.520,85.290,82.710,83.710,8520856.000,83.710
2018-01-23,84.120,84.550,83.450,84.210,9308663.000,84.210
2018-01-22,84.000,84.210,83.220,83.980,6811730.000,83.980
2018-01-19,83.230,84.190,83.128,83.840,8654070.000,83.840
2018-01-18,82.430,83.440,81.610,82.940,7073486.000,82.940
2018-01-17,80.400,82.610,79.960,82.470,6839061.000,82.470
2018-01-16,80.950,81.800,79.940,80.420,9071325.000,80.420
2018-01-12,80.000,80.770,79.660,80.540,6771884.000,80.540
2018-01-11,79.450,79.870,78.910,79.750,5305684.000,79.750
2018-01-10,78.500,79.485,77.700,79.370,5935952.000,79.370
2018-01-09,80.100,80.390,78.520,79.190,9571830.000,79.190
2018-01-08,78.700,79.180,77.773,79.050,7763556.000,79.050
2018-01-05,77.110,78.930,77.010,78.700,11625483.000,78.700
2018-01-04,77.330,77.929,76.260,76.730,8613359.000,76.730
2018-01-03,74.300,76.850,74.050,76.750,9696574.000,76.750
2018-01-02,74.235,74.500,73.430,73.840,7237093.000,73.840
2017-12-29,73.920,74.530,73.580,73.620,4396182.000,73.620
2017-12-28,74.960,75.000,73.860,74.170,3363964.000,74.170
2017-12-27,74.250,74.930,74.000,74.590,4226467.000,74.590
2017-12-26,73.290,74.340,72.630,74.270,4683371.000,74.270
2017-12-22,73.800,74.040,72.900,73.890,3570969.000,73.890
2017-12-21,74.190,74.470,73.800,74.020,4556474.000,74.020
2017-12-20,74.640,74.900,73.760,74.000,5964055.000,74.000
2017-12-19,75.390,75.390,73.910,74.500,7430435.000,74.500
2017-12-18,76.300,76.350,75.200,75.320,8034166.000,75.320
2017-12-15,74.820,75.870,73.510,75.650,10935788.000,75.650
2017-12-14,74.500,75.530,74.200,74.260,7453419.000,74.260
2017-12-13,74.080,75.420,73.770,74.090,7037486.000,74.090
2017-12-12,73.450,74.310,73.000,73.620,5947690.000,73.620
2017-12-11,72.960,73.680,72.560,73.290,5786918.000,73.290
2017-12-08,74.710,74.710,72.600,72.910,8130594.000,72.910
2017-12-07,73.250,74.069,73.250,73.690,7547591.000,73.690
2017-12-06,70.890,73.200,70.830,73.140,9188317.000,73.140
2017-12-05,69.810,72.750,69.610,71.200,15818651.000,71.200
2017-12-04,75.590,75.744,68.610,70.970,26283639.000,70.970
2017-12-01,75.220,76.440,74.260,75.300,13374393.000,75.300
2017-11-30,73.770,75.870,73.540,75.730,15933501.000,75.730
2017-11-29,77.950,77.980,71.670,73.250,25165672.000,73.250
2017-11-28,77.950,78.230,77.244,77.790,8570920.000,77.790
2017-11-27,78.630,79.385,77.710,77.840,6745449.000,77.840
2017-11-24,77.810,78.900,77.700,78.570,4305618.000,78.570
2017-11-22,77.900,77.990,76.620,77.570,7975445.000,77.570
2017-11-21,77.090,78.430,76.850,77.770,10603105.000,77.770
2017-11-20,76.600,77.320,75.880,76.010,6799610.000,76.010
2017-11-17,78.010,78.010,75.800,76.380,11771514.000,76.380
2017-11-16,75.500,77.940,75.280,77.700,12483984.000,77.700
2017-11-15,74.300,74.400,73.185,73.430,5780290.000,73.430
2017-11-14,74.100,74.820,73.620,74.490,6277159.000,74.490
2017-11-13,73.610,74.290,73.340,74.030,5821794.000,74.030
2017-11-10,73.770,74.140,73.560,73.990,5703206.000,73.990
2017-11-09,74.020,74.200,72.410,74.100,8526645.000,74.100
2017-11-08,74.000,75.000,73.310,74.770,7593063.000,74.770
2017-11-07,75.170,75.450,74.190,74.410,6855004.000,74.410
2017-11-06,73.720,74.760,73.420,74.740,10052359.000,74.740
2017-11-03,72.370,73.410,71.940,73.390,6714105.000,73.390
2017-11-02,72.460,72.776,72.010,72.250,4518557.000,72.250
2017-11-01,72.780,72.990,71.690,72.380,6576235.000,72.380
2017-10-31,71.340,72.740,71.110,72.560,7478157.000,72.560
2017-10-30,71.450,71.540,70.530,71.150,6911407.000,71.150
2017-10-27,71.720,71.790,70.580,71.060,9192172.000,71.060
2017-10-26,71.460,72.070,71.040,71.340,7967791.000,71.340
2017-10-25,69.940,71.420,69.850,71.020,11908785.000,71.020
2017-10-24,69.730,70.565,69.670,70.210,12057648.000,70.210
2017-10-23,71.020,71.330,69.550,69.800,12004583.000,69.800
2017-10-20,71.330,71.730,69.690,70.970,33976887.000,70.970
2017-10-19,67.300,67.450,66.160,67.250,11645310.000,67.250
2017-10-18,67.400,67.500,67.000,67.260,7866118.000,67.260
2017-10-17,67.650,67.670,66.350,66.670,10630805.000,66.670
2017-10-16,69.040,69.200,67.280,67.310,9449837.000,67.310
2017-10-13,69.490,69.610,68.000,68.660,8596855.000,68.660
2017-10-12,68.020,68.980,67.805,68.860,8607233.000,68.860
2017-10-11,67.250,68.420,66.980,67.780,11918941.000,67.780
2017-10-10,66.600,66.670,65.790,66.040,5795772.000,66.040
2017-10-09,66.200,66.550,65.900,66.230,5511409.000,66.230
2017-10-06,66.000,66.410,65.790,66.050,6102894.000,66.050
2017-10-05,64.380,66.000,64.220,65.820,6918222.000,65.820
2017-10-04,64.300,64.300,63.690,64.010,4399565.000,64.010
2017-10-03,64.510,64.510,63.761,64.220,5614020.000,64.220
2017-10-02,64.500,65.120,64.100,64.180,5141673.000,64.180
2017-09-29,63.860,64.170,63.500,64.030,6706995.000,64.030
2017-09-28,63.620,64.055,63.110,63.930,3982117.000,63.930
2017-09-27,63.410,63.750,63.160,63.330,6807674.000,63.330
2017-09-26,63.710,63.762,62.840,62.940,8084916.000,62.940
2017-09-25,65.000,65.000,62.365,63.500,13088161.000,63.500
2017-09-22,64.330,65.240,64.110,65.080,6539011.000,65.080
2017-09-21,64.670,64.950,63.905,64.630,6539750.000,64.630
2017-09-20,63.990,64.870,63.830,64.740,11704012.000,64.740
2017-09-19,63.010,63.925,62.960,63.830,7646245.000,63.830
2017-09-18,62.620,63.530,62.520,62.920,7561354.000,62.920
2017-09-15,62.270,62.800,61.960,62.500,9561717.000,62.500
2017-09-14,62.040,62.370,61.710,62.240,5657030.000,62.240
2017-09-13,62.470,62.750,61.580,62.040,6113877.000,62.040
2017-09-12,62.950,63.120,62.150,62.560,6199885.000,62.560
2017-09-11,61.730,63.260,61.620,62.640,8169342.000,62.640
2017-09-08,61.940,62.000,61.100,61.130,4876488.000,61.130
2017-09-07,61.330,62.130,61.280,62.000,4962951.000,62.000
2017-09-06,61.740,61.990,60.900,61.240,5217668.000,61.240
2017-09-05,61.260,61.750,60.580,61.270,5696603.000,61.270
2017-09-01,61.980,62.230,61.383,61.460,3389772.000,61.460
2017-08-31,62.000,62.029,61.170,61.680,6088973.000,61.680
2017-08-30,61.050,61.860,60.890,61.770,5613393.000,61.770
2017-08-29,59.820,61.160,59.630,61.010,4330268.000,61.010
2017-08-28,60.310,60.530,59.810,60.530,4616049.000,60.530
2017-08-25,60.330,60.580,59.610,59.970,4006421.000,59.970
2017-08-24,60.220,60.430,59.110,60.000,3787878.000,60.000
2017-08-23,60.300,60.510,59.820,60.050,4511679.000,60.050
2017-08-22,59.720,61.000,59.440,60.840,5782471.000,60.840
2017-08-21,59.330,59.650,58.755,59.400,4206531.000,59.400
2017-08-18,59.360,59.820,58.940,59.440,4594653.000,59.440
2017-08-17,60.150,60.280,59.290,59.290,6537123.000,59.290
2017-08-16,59.950,60.700,59.600,60.290,5679048.000,60.290
2017-08-15,59.300,59.980,59.230,59.690,6419599.000,59.690
2017-08-14,58.610,59.276,58.271,59.060,7127903.000,59.060
2017-08-11,57.850,58.250,57.580,58.040,6891359.000,58.040
2017-08-10,59.240,59.370,57.810,58.020,9341375.000,58.020
2017-08-09,58.970,59.730,58.590,59.670,5991127.000,59.670
2017-08-08,59.610,59.880,59.250,59.480,5960460.000,59.480
2017-08-07,59.180,59.640,58.840,59.620,5875028.000,59.620
2017-08-04,58.620,58.930,58.320,58.860,6118655.000,58.860
2017-08-03,59.160,59.280,58.360,58.420,6104372.000,58.420
2017-08-02,59.670,59.710,58.440,59.120,6486312.000,59.120
2017-08-01,59.000,59.390,58.790,59.340,8950112.000,59.340
2017-07-31,59.370,59.640,58.520,58.550,7307044.000,58.550
2017-07-28,59.800,60.710,59.040,59.200,10684806.000,59.200
2017-07-27,61.000,61.300,57.692,60.150,22678000.000,60.150
2017-07-26,58.480,58.940,57.900,58.790,12794748.000,58.790
2017-07-25,58.730,58.830,58.190,58.260,7859354.000,58.260
2017-07-24,58.900,59.070,58.340,58.580,6373567.000,58.580
2017-07-21,59.000,59.330,58.590,58.670,7486133.000,58.670
2017-07-20,58.750,59.380,58.430,59.090,7990391.000,59.090
2017-07-19,58.310,58.620,57.550,58.350,9624663.000,58.350
2017-07-18,57.500,58.960,57.310,58.960,9436755.000,58.960
2017-07-17,57.530,57.600,57.020,57.580,5604480.000,57.580
2017-07-14,58.140,58.630,56.915,57.160,11651935.000,57.160
2017-07-13,57.300,57.910,56.800,57.900,14687917.000,57.900
2017-07-12,56.600,57.445,55.550,56.550,17345098.000,56.550
2017-07-11,54.920,55.200,54.330,54.760,8865099.000,54.760
2017-07-10,54.910,55.420,54.700,54.940,9916785.000,54.940
2017-07-07,53.700,54.480,53.520,53.970,4805962.000,53.970
2017-07-06,54.220,54.351,53.150,53.470,7289275.000,53.470
2017-07-05,53.000,54.750,52.940,54.610,9638570.000,54.610
2017-07-03,54.140,54.330,52.830,52.870,4831590.000,52.870
2017-06-30,53.600,54.250,53.290,53.670,7611077.000,53.670
2017-06-29,53.810,54.100,52.520,53.420,11162726.000,53.420
2017-06-28,52.750,54.440,52.650,54.390,7894816.000,54.390
2017-06-27,53.600,53.790,52.640,52.730,7680978.000,52.730
2017-06-26,54.440,55.100,53.650,53.740,4728731.000,53.740
2017-06-23,53.820,54.530,53.690,54.330,5954697.000,54.330
2017-06-22,53.710,53.951,52.860,53.870,9631525.000,53.870
2017-06-21,52.990,53.580,52.610,53.540,7992648.000,53.540
2017-06-20,52.840,53.230,52.430,52.520,4522851.000,52.520
2017-06-19,52.280,53.000,52.110,52.930,5276661.000,52.930
2017-06-16,52.040,52.160,51.580,51.840,10792581.000,51.840
2017-06-15,51.440,52.380,50.830,52.290,9945649.000,52.290
2017-06-14,52.000,52.505,51.535,51.900,7114891.000,51.900
2017-06-13,52.290,52.485,51.700,52.060,10119801.000,52.060
2017-06-12,52.810,52.900,51.430,52.160,15724406.000,52.160
2017-06-09,54.650,55.140,52.850,53.400,10524856.000,53.400
2017-06-08,54.030,54.430,53.450,54.390,6251592.000,54.390
2017-06-07,53.300,53.940,53.260,53.850,6282623.000,53.850
2017-06-06,53.750,53.800,53.160,53.400,6212080.000,53.400
2017-06-05,53.770,54.070,53.590,53.800,9119908.000,53.800
2017-06-02,53.440,53.640,53.080,53.520,9019731.000,53.520
2017-06-01,52.480,53.390,52.475,53.160,13878328.000,53.160
2017-05-31,51.130,52.240,50.880,52.210,10505202.000,52.210
2017-05-30,50.960,51.280,50.860,51.060,5284417.000,51.060
2017-05-26,51.040,51.390,50.890,51.190,4739379.000,51.190
2017-05-25,50.770,51.130,50.640,50.930,4919674.000,50.930
2017-05-24,50.230,51.080,50.140,51.050,6262833.000,51.050
2017-05-23,49.900,50.180,49.770,50.130,6638684.000,50.130
2017-05-22,49.450,49.880,49.350,49.770,13045505.000,49.770
2017-05-19,49.150,49.710,49.060,49.390,7744600.000,49.390
2017-05-18,49.030,49.580,48.890,49.110,9880834.000,49.110
2017-05-17,49.870,50.100,49.025,49.050,6523715.000,49.050
2017-05-16,49.630,50.350,49.570,50.340,5334049.000,50.340
2017-05-15,49.310,50.000,49.250,49.770,4646201.000,49.770
2017-05-12,49.580,49.750,49.240,49.370,4894021.000,49.370
2017-05-11,49.630,49.710,49.110,49.700,5497555.000,49.700
2017-05-10,49.180,49.800,49.015,49.790,6487342.000,49.790
2017-05-09,49.060,49.370,48.900,49.220,4758885.000,49.220
2017-05-08,49.430,49.450,48.810,49.170,6599168.000,49.170
2017-05-05,48.620,49.440,48.400,49.300,4859027.000,49.300
2017-05-04,48.930,49.380,48.820,48.910,7132621.000,48.910
2017-05-03,49.160,49.290,48.625,49.020,11478632.000,49.020
2017-05-02,47.410,49.070,47.400,49.050,16676632.000,49.050
2017-05-01,47.390,47.713,47.320,47.540,14417853.000,47.540
2017-04-28,47.030,47.755,46.870,47.720,11604224.000,47.720
2017-04-27,47.250,48.100,46.750,47.150,34365577.000,47.150
2017-04-26,45.040,45.040,44.250,44.410,8655571.000,44.410
2017-04-25,44.490,45.010,44.350,44.710,7788588.000,44.710
2017-04-24,44.090,44.280,43.950,44.270,4642797.000,44.270
2017-04-21,43.860,44.000,43.600,43.810,8015796.000,43.810
2017-04-20,43.320,43.800,43.260,43.690,4811155.000,43.690
2017-04-19,43.030,43.470,42.900,43.300,4913855.000,43.300
2017-04-18,43.200,43.200,42.860,43.090,3711648.000,43.090
2017-04-17,42.600,43.140,42.600,43.100,3151602.000,43.100
2017-04-13,42.500,42.890,42.320,42.550,3631442.000,42.550
2017-04-12,42.100,42.810,42.060,42.490,5800144.000,42.490
2017-04-11,42.990,43.090,42.610,42.690,4856260.000,42.690
2017-04-10,43.070,43.550,43.010,43.050,4579501.000,43.050
2017-04-07,42.890,43.175,42.710,43.040,4861189.000,43.040
2017-04-06,42.900,43.000,42.720,42.900,5395420.000,42.900
2017-04-05,42.830,43.343,42.740,42.890,5292287.000,42.890
2017-04-04,42.740,42.740,42.260,42.720,4681835.000,42.720
2017-04-03,43.200,43.300,42.510,42.630,7772986.000,42.630
2017-03-31,43.440,43.480,43.010,43.020,5177925.000,43.020
2017-03-30,43.150,43.800,43.000,43.540,5691682.000,43.540
2017-03-29,43.150,43.300,42.960,43.240,3951121.000,43.240
2017-03-28,42.870,43.250,42.840,43.150,4396544.000,43.150
2017-03-27,42.690,43.200,42.580,43.080,3850321.000,43.080
2017-03-24,43.480,43.495,42.935,43.130,5739538.000,43.130
2017-03-23,43.130,43.610,43.000,43.140,7176360.000,43.140
2017-03-22,42.595,43.240,42.450,43.190,6513341.000,43.190
2017-03-21,43.330,43.400,42.460,42.640,7838436.000,42.640
2017-03-20,43.100,43.320,42.810,43.160,6686901.000,43.160
2017-03-17,42.570,43.300,42.370,43.080,12309652.000,43.080
2017-03-16,42.500,42.580,42.140,42.400,3998562.000,42.400
2017-03-15,42.290,42.570,41.890,42.390,4291806.000,42.390
2017-03-14,42.510,42.640,41.740,42.100,5888061.000,42.100
2017-03-13,42.870,42.965,42.450,42.590,5527468.000,42.590
2017-03-10,43.190,43.280,42.760,42.990,4636199.000,42.990
2017-03-09,42.660,43.000,42.450,42.920,3487918.000,42.920
2017-03-08,42.840,43.180,42.720,42.790,4573934.000,42.790
2017-03-07,42.800,43.200,42.710,42.890,4404707.000,42.890
2017-03-06,42.980,43.030,42.630,42.870,6032844.000,42.870
2017-03-03,42.700,43.040,42.580,43.030,4214435.000,43.030
2017-03-02,42.400,42.860,42.200,42.770,4572587.000,42.770
2017-03-01,42.310,42.520,41.990,42.430,6003750.000,42.430
2017-02-28,42.490,42.490,41.990,42.000,6956821.000,42.000
2017-02-27,42.890,42.890,42.350,42.640,5026742.000,42.640
2017-02-24,42.110,43.070,41.830,43.070,6769528.000,43.070
2017-02-23,42.370,42.670,42.160,42.530,5456296.000,42.530
2017-02-22,42.300,42.530,42.120,42.420,4316768.000,42.420
2017-02-21,41.930,42.560,41.900,42.430,5874724.000,42.430
2017-02-17,41.920,42.300,41.800,41.960,5106063.000,41.960
2017-02-16,41.870,42.310,41.700,42.150,5730802.000,42.150
2017-02-15,41.690,41.930,41.270,41.870,7124617.000,41.870
2017-02-14,41.180,41.630,40.940,41.620,6496404.000,41.620
2017-02-13,40.830,41.300,40.740,41.170,6260907.000,41.170
2017-02-10,40.820,40.860,40.560,40.580,6248231.000,40.580
2017-02-09,40.440,40.995,40.300,40.830,6467576.000,40.830
2017-02-08,40.180,40.990,39.920,40.880,7398987.000,40.880
2017-02-07,40.010,40.340,39.700,40.020,7956319.000,40.020
2017-02-06,39.640,39.830,39.340,39.740,8206410.000,39.740
2017-02-03,39.790,39.930,39.550,39.590,7131059.000,39.590
2017-02-02,39.400,39.840,39.020,39.580,8736786.000,39.580
2017-02-01,39.960,40.000,39.110,39.310,8860416.000,39.310
2017-01-31,39.700,40.010,39.450,39.780,9100057.000,39.780
2017-01-30,40.170,40.270,39.420,39.860,11486023.000,39.860
2017-01-27,41.000,41.200,39.920,40.270,22749197.000,40.270
2017-01-26,42.360,42.500,41.285,41.500,11838127.000,41.500
2017-01-25,42.360,42.440,41.660,41.710,9253596.000,41.710
2017-01-24,41.950,42.040,41.530,41.960,6107190.000,41.960
2017-01-23,41.860,42.110,41.250,41.620,8497050.000,41.620
2017-01-20,41.390,41.720,41.300,41.690,6868514.000,41.690
2017-01-19,41.250,41.680,41.030,41.270,4718177.000,41.270
2017-01-18,41.410,41.490,41.110,41.350,4706020.000,41.350
2017-01-17,41.600,41.710,41.200,41.270,5932904.000,41.270
2017-01-13,41.650,41.840,41.530,41.600,3917699.000,41.600
2017-01-12,41.280,41.605,40.920,41.560,3840529.000,41.560
2017-01-11,41.230,41.380,40.835,41.280,4425295.000,41.280
2017-01-10,41.400,41.550,41.070,41.080,4174906.000,41.080
2017-01-09,41.490,41.510,41.110,41.400,3943868.000,41.400
2017-01-06,41.240,41.640,40.790,41.450,5586404.000,41.450
2017-01-05,41.430,41.720,41.040,41.060,6431957.000,41.060
2017-01-04,40.350,41.030,40.045,41.000,6806386.000,41.000
2017-01-03,40.290,40.980,40.000,40.250,8247354.000,40.250
2016-12-30,39.960,40.070,39.340,39.470,5012053.000,39.470
2016-12-29,39.540,40.170,39.540,39.960,3707957.000,39.960
2016-12-28,39.760,40.030,39.530,39.570,3292367.000,39.570
2016-12-27,39.500,40.080,39.430,39.720,2660152.000,39.720
2016-12-23,39.820,39.870,39.480,39.580,3379149.000,39.580
2016-12-22,40.040,40.090,39.540,39.680,5064974.000,39.680
2016-12-21,39.840,40.740,39.820,40.090,6768561.000,40.090
2016-12-20,39.610,39.740,39.260,39.740,3637161.000,39.740
2016-12-19,39.400,39.800,39.110,39.440,4268583.000,39.440
2016-12-16,39.900,39.900,39.120,39.320,9786253.000,39.320
2016-12-15,39.800,40.290,39.350,39.540,6418929.000,39.540
2016-12-14,39.460,39.890,39.460,39.550,4658726.000,39.550
2016-12-13,39.550,39.745,39.390,39.430,6385892.000,39.430
2016-12-12,39.600,39.900,39.350,39.430,4474526.000,39.430
2016-12-09,39.700,39.790,39.375,39.650,3923741.000,39.650
2016-12-08,39.680,40.000,39.450,39.610,6102590.000,39.610
2016-12-07,39.080,39.460,38.800,39.450,7012032.000,39.450
2016-12-06,39.230,39.260,38.710,38.980,5954455.000,38.980
2016-12-05,38.850,39.340,38.650,38.990,5053862.000,38.990
2016-12-02,38.340,38.750,38.060,38.620,6335151.000,38.620
2016-12-01,39.560,39.680,38.180,38.340,11265567.000,38.340
2016-11-30,40.100,40.180,39.180,39.280,8420727.000,39.280
2016-11-29,40.070,40.360,39.790,39.890,5083663.000,39.890
2016-11-28,40.260,40.490,39.925,39.960,4170587.000,39.960
2016-11-25,40.400,40.560,39.990,40.260,2324478.000,40.260
2016-11-23,40.310,40.430,39.850,40.050,5770587.000,40.050
2016-11-22,40.990,41.100,39.950,40.330,7734699.000,40.330
2016-11-21,40.120,40.770,40.116,40.630,6667226.000,40.630
2016-11-18,40.080,40.570,39.910,40.080,9521525.000,40.080
2016-11-17,39.120,40.055,38.950,39.880,9758539.000,39.880
2016-11-16,39.050,39.210,38.710,39.070,12730896.000,39.070
2016-11-15,39.040,39.480,38.900,38.940,16038229.000,38.940
2016-11-14,40.400,40.400,38.450,38.810,17877790.000,38.810
2016-11-11,40.770,40.770,39.800,40.080,10776524.000,40.080
2016-11-10,41.900,41.900,39.580,40.450,12097577.000,40.450
2016-11-09,40.600,41.470,40.580,41.260,9744400.000,41.260
2016-11-08,41.420,42.150,41.090,41.580,6968107.000,41.580
2016-11-07,41.520,41.650,41.060,41.280,7904865.000,41.280
2016-11-04,40.300,41.485,40.300,40.900,6541343.000,40.900
2016-11-03,41.320,41.500,40.920,41.190,6239903.000,41.190
2016-11-02,41.430,41.570,41.080,41.350,7947621.000,41.350
2016-11-01,41.680,42.295,41.290,41.540,9398950.000,41.540
2016-10-31,41.780,42.000,41.360,41.660,7159986.000,41.660
2016-10-28,41.980,41.980,41.070,41.760,11979238.000,41.760
2016-10-27,42.550,42.570,41.621,41.690,9447256.000,41.690
2016-10-26,43.000,43.210,42.310,42.330,10918791.000,42.330
2016-10-25,43.660,44.070,43.000,43.310,9463932.000,43.310
2016-10-24,44.000,44.520,43.140,43.870,19079031.000,43.870
2016-10-21,41.850,44.240,41.840,44.150,37554668.000,44.150
2016-10-20,40.230,40.290,39.820,40.090,13337494.000,40.090
2016-10-19,39.970,40.470,39.840,40.240,6587733.000,40.240
2016-10-18,40.000,40.180,39.780,39.830,5475850.000,39.830
2016-10-17,39.240,39.620,39.160,39.480,5279515.000,39.480
2016-10-14,39.460,39.890,39.230,39.240,6647595.000,39.240
2016-10-13,39.390,39.400,38.750,39.200,7865587.000,39.200
2016-10-12,39.770,39.800,39.300,39.530,7039942.000,39.530
2016-10-11,40.030,40.110,38.960,39.190,9955667.000,39.190
2016-10-10,40.130,40.170,39.590,39.860,6636680.000,39.860
2016-10-07,40.420,40.420,39.620,39.880,6109946.000,39.880
2016-10-06,40.320,40.390,39.860,40.180,6312037.000,40.180
2016-10-05,40.950,40.950,40.400,40.440,6128205.000,40.440
2016-10-04,41.300,41.300,40.440,40.780,5046632.000,40.780
2016-10-03,40.870,41.200,40.160,40.590,6924977.000,40.590
2016-09-30,40.290,41.050,40.270,40.970,8685607.000,40.970
2016-09-29,40.910,41.300,40.360,40.390,7953014.000,40.390
2016-09-28,41.150,41.190,40.210,40.970,6751179.000,40.970
2016-09-27,40.040,41.230,39.490,41.060,8674079.000,41.060
2016-09-26,39.380,40.510,39.380,40.340,9054362.000,40.340
2016-09-23,39.600,40.495,39.600,40.070,6234613.000,40.070
2016-09-22,40.420,40.660,40.140,40.490,5691048.000,40.490
2016-09-21,39.860,40.390,39.700,40.290,5378400.000,40.290
2016-09-20,40.300,40.300,39.670,39.690,5563314.000,39.690
2016-09-19,40.240,40.460,39.750,40.010,7574483.000,40.010
2016-09-16,40.710,40.880,40.325,40.700,11909449.000,40.700
2016-09-15,40.310,41.140,39.870,40.830,12720951.000,40.830
2016-09-14,39.990,40.280,39.530,39.960,13062293.000,39.960
2016-09-13,38.620,40.330,38.410,39.860,17924853.000,39.860
2016-09-12,37.650,38.840,37.540,38.770,8635027.000,38.770
2016-09-09,38.750,39.020,37.910,38.010,10747079.000,38.010
2016-09-08,38.650,39.330,38.501,39.270,12037292.000,39.270
2016-09-07,37.330,38.580,37.260,38.560,10817701.000,38.560
2016-09-06,37.050,37.650,37.020,37.180,6416930.000,37.180
2016-09-02,37.010,37.125,36.300,37.070,6726906.000,37.070
2016-09-01,37.270,37.320,36.580,36.830,10412233.000,36.830
2016-08-31,37.000,37.240,36.840,37.150,7166276.000,37.150
2016-08-30,37.260,37.520,36.985,37.000,6873648.000,37.000
2016-08-29,37.610,37.650,37.270,37.290,4780712.000,37.290
2016-08-26,37.720,37.840,37.380,37.650,4177726.000,37.650
2016-08-25,37.500,37.570,37.250,37.510,5132089.000,37.510
2016-08-24,37.810,37.950,37.410,37.520,5914176.000,37.520
2016-08-23,38.420,38.430,37.800,37.860,6066416.000,37.860
2016-08-22,37.930,38.200,37.660,38.110,10704362.000,38.110
2016-08-19,38.020,38.180,37.895,38.090,5107878.000,38.090
2016-08-18,38.070,38.375,37.930,38.220,3881084.000,38.220
2016-08-17,38.410,38.460,37.880,38.140,5263987.000,38.140
2016-08-16,38.400,38.530,38.150,38.380,6170765.000,38.380
2016-08-15,38.550,38.650,38.340,38.460,4548206.000,38.460
2016-08-12,38.300,38.630,38.100,38.510,6527984.000,38.510
2016-08-11,38.190,38.490,38.100,38.460,5999407.000,38.460
2016-08-10,38.020,38.245,37.910,38.070,5546799.000,38.070
2016-08-09,38.030,38.140,37.880,38.100,5049127.000,38.100
2016-08-08,38.190,38.300,37.650,37.910,6101319.000,37.910
2016-08-05,37.550,38.150,37.550,38.100,7670438.000,38.100
2016-08-04,36.820,37.390,36.730,37.300,7507761.000,37.300
2016-08-03,36.590,36.740,36.280,36.580,7663836.000,36.580
2016-08-02,37.060,37.085,36.360,36.540,5997704.000,36.540
2016-08-01,37.430,37.440,36.900,37.060,5473949.000,37.060
2016-07-29,37.410,37.480,36.860,37.240,6850060.000,37.240
2016-07-28,37.400,37.680,37.101,37.220,5111331.000,37.220
2016-07-27,37.640,37.690,37.045,37.220,8894242.000,37.220
2016-07-26,37.780,38.270,37.600,37.690,10279223.000,37.690
2016-07-25,37.700,38.180,37.620,37.780,16904133.000,37.780
2016-07-22,37.300,37.590,36.430,37.420,36397318.000,37.420
2016-07-21,40.330,40.330,39.650,40.130,13363317.000,40.130
2016-07-20,39.440,40.450,39.120,40.050,11189094.000,40.050
2016-07-19,38.970,39.465,38.830,39.370,8120130.000,39.370
2016-07-18,39.130,39.220,38.730,38.920,7877439.000,38.920
2016-07-15,40.020,40.070,38.980,39.090,8140573.000,39.090
2016-07-14,39.690,40.070,39.400,39.960,9683504.000,39.960
2016-07-13,38.840,39.990,38.830,39.280,12458481.000,39.280
2016-07-12,38.470,38.910,38.240,38.790,10006323.000,38.790
2016-07-11,37.450,38.330,37.400,38.150,10096189.000,38.150
2016-07-08,36.780,37.460,36.660,37.360,6828882.000,37.360
2016-07-07,35.920,36.390,35.840,36.320,7326735.000,36.320
2016-07-06,35.940,36.170,35.715,35.930,7821280.000,35.930
2016-07-05,36.300,36.360,35.870,36.120,5321119.000,36.120
2016-07-01,36.600,36.670,36.250,36.350,7260381.000,36.350
2016-06-30,35.810,36.530,35.590,36.510,9152990.000,36.510
2016-06-29,35.690,35.905,35.290,35.770,9520385.000,35.770
2016-06-28,34.460,35.250,34.230,35.240,12408155.000,35.240
2016-06-27,34.740,34.760,34.000,34.200,11219538.000,34.200
2016-06-24,35.000,35.725,34.610,35.080,17647191.000,35.080
2016-06-23,36.270,36.665,36.050,36.660,4808720.000,36.660
2016-06-22,36.280,36.493,35.780,36.000,9292358.000,36.000
2016-06-21,36.800,36.800,35.950,36.160,12816091.000,36.160
2016-06-20,37.280,37.760,36.820,36.860,7789608.000,36.860
2016-06-17,37.030,37.180,36.630,36.970,7947873.000,36.970
2016-06-16,36.620,37.040,36.350,36.970,6106029.000,36.970
2016-06-15,37.160,37.220,36.785,36.840,7092048.000,36.840
2016-06-14,36.370,37.275,36.250,37.160,10281933.000,37.160
2016-06-13,36.500,37.110,36.495,36.540,8215970.000,36.540
2016-06-10,36.830,37.050,36.620,36.770,7741351.000,36.770
2016-06-09,37.480,37.570,37.110,37.130,10206706.000,37.130
2016-06-08,37.530,37.700,37.060,37.550,8667370.000,37.550
2016-06-07,38.070,38.480,37.520,37.570,6324422.000,37.570
2016-06-06,38.470,38.490,37.980,38.100,5065932.000,38.100
2016-06-03,38.440,38.590,37.813,38.330,4986042.000,38.330
2016-06-02,38.420,38.685,38.320,38.560,4659221.000,38.560
2016-06-01,37.810,38.479,37.710,38.310,5458457.000,38.310
2016-05-31,37.960,38.030,37.500,37.790,12231362.000,37.790
2016-05-27,38.000,38.345,37.920,38.090,5863610.000,38.090
2016-05-26,38.710,38.740,38.000,38.070,5894744.000,38.070
2016-05-25,38.870,39.060,38.510,38.760,6561151.000,38.760
2016-05-24,38.280,39.005,38.280,38.920,7555190.000,38.920
2016-05-23,37.680,38.230,37.390,38.070,9083796.000,38.070
2016-05-20,37.790,37.950,37.490,37.530,12497204.000,37.530
2016-05-19,38.810,38.880,37.310,37.650,17041329.000,37.650
2016-05-18,39.180,39.360,38.500,38.980,10393509.000,38.980
2016-05-17,39.100,39.660,38.750,39.065,10746107.000,39.065
2016-05-16,39.360,39.530,39.130,39.300,10316036.000,39.300
2016-05-13,39.540,39.800,39.310,39.480,5885930.000,39.480
2016-05-12,39.850,40.000,39.170,39.510,6323088.000,39.510
2016-05-11,39.570,40.314,39.570,39.710,5995494.000,39.710
2016-05-10,39.620,40.150,39.240,40.110,6589127.000,40.110
2016-05-09,39.420,40.180,39.330,39.620,5860985.000,39.620
2016-05-06,38.710,39.700,38.610,39.480,6566908.000,39.480
2016-05-05,38.380,39.119,38.320,38.950,7127183.000,38.950
2016-05-04,38.070,38.460,37.870,38.310,8121646.000,38.310
2016-05-03,38.630,38.970,38.140,38.360,9146618.000,38.360
2016-05-02,39.070,39.270,38.730,39.020,6777514.000,39.020
2016-04-29,39.710,39.870,38.590,39.180,10001401.000,39.180
2016-04-28,41.000,41.490,39.910,40.070,17799975.000,40.070
2016-04-27,39.680,40.180,39.200,40.010,12727635.000,40.010
2016-04-26,39.570,40.130,39.330,39.730,5271169.000,39.730
2016-04-25,40.270,40.840,39.540,39.820,7934207.000,39.820
2016-04-22,39.720,40.635,39.680,40.310,6433904.000,40.310
2016-04-21,40.200,40.550,40.014,40.100,5539350.000,40.100
2016-04-20,39.240,40.240,39.170,40.080,7723520.000,40.080
2016-04-19,39.750,40.070,38.975,39.240,5915827.000,39.240
2016-04-18,38.560,39.690,38.430,39.640,6433030.000,39.640
2016-04-15,38.690,38.950,38.290,38.580,5239576.000,38.580
2016-04-14,38.940,39.020,38.415,38.640,4590156.000,38.640
2016-04-13,38.250,39.120,38.190,38.790,7082364.000,38.790
2016-04-12,38.320,38.320,37.340,37.800,7677829.000,37.800
2016-04-11,38.330,38.820,38.030,38.060,5428928.000,38.060
2016-04-08,38.610,38.699,38.100,38.410,7822305.000,38.410
2016-04-07,38.850,38.940,38.120,38.280,7294453.000,38.280
2016-04-06,38.450,39.185,38.250,39.160,5526193.000,39.160
2016-04-05,38.350,38.810,37.700,38.550,5364753.000,38.550
2016-04-04,39.360,39.380,38.410,38.790,5381340.000,38.790
2016-04-01,38.510,39.460,38.400,39.400,6982014.000,39.400
2016-03-31,38.740,39.000,38.430,38.600,8086983.000,38.600
2016-03-30,39.940,40.040,38.995,39.040,5246797.000,39.040
2016-03-29,38.740,39.715,38.300,39.530,5694000.000,39.530
2016-03-28,38.810,39.170,38.620,38.740,6192899.000,38.740
2016-03-24,39.400,39.510,37.000,38.920,15040554.000,38.920
2016-03-23,41.060,41.310,40.040,40.520,8104680.000,40.520
2016-03-22,40.670,41.750,40.630,41.320,10552302.000,41.320
2016-03-21,39.410,41.170,39.200,41.140,13432446.000,41.140
2016-03-18,39.860,39.860,38.690,39.410,15132391.000,39.410
2016-03-17,39.850,40.120,39.170,39.930,9789562.000,39.930
2016-03-16,39.090,39.890,38.570,39.840,6363503.000,39.840
2016-03-15,39.050,39.640,39.050,39.270,5013862.000,39.270
2016-03-14,39.400,39.800,39.040,39.380,5299665.000,39.380
2016-03-11,39.000,39.530,38.850,39.490,9539513.000,39.490
2016-03-10,38.660,39.300,37.480,38.490,7655723.000,38.490
2016-03-09,38.480,38.620,37.820,38.570,4990510.000,38.570
2016-03-08,38.690,38.880,38.110,38.160,5940909.000,38.160
2016-03-07,38.780,39.400,38.720,38.980,5340266.000,38.980
2016-03-04,38.770,39.700,38.755,39.040,7200095.000,39.040
2016-03-03,38.960,39.240,38.629,39.020,7656878.000,39.020
2016-03-02,39.200,39.930,38.700,39.160,12895941.000,39.160
2016-03-01,38.520,39.545,38.020,39.250,14085282.000,39.250
2016-02-29,37.470,38.930,37.450,38.140,23939899.000,38.140
2016-02-26,36.730,37.535,36.370,37.490,8594979.000,37.490
2016-02-25,36.670,36.830,36.180,36.740,5209549.000,36.740
2016-02-24,35.220,36.750,34.860,36.470,8091152.000,36.470
2016-02-23,35.720,35.935,35.020,35.480,8415202.000,35.480
2016-02-22,36.450,36.500,35.820,36.000,10476243.000,36.000
2016-02-19,36.000,36.235,35.610,35.760,9652780.000,35.760
2016-02-18,36.410,36.530,35.660,36.310,9022079.000,36.310
2016-02-17,35.980,36.910,35.810,36.360,12070600.000,36.360
2016-02-16,34.650,35.520,34.480,35.460,9152381.000,35.460
2016-02-12,33.970,34.440,33.810,34.300,9437119.000,34.300
2016-02-11,32.120,33.640,32.010,33.520,13170076.000,33.520
2016-02-10,33.620,33.940,32.820,32.900,8636453.000,32.900
2016-02-09,32.800,33.858,31.640,32.700,16439154.000,32.700
2016-02-08,34.000,34.290,31.980,33.610,20628966.000,33.610
2016-02-05,37.160,37.160,34.820,35.070,16245837.000,35.070
2016-02-04,36.660,37.285,36.540,37.170,10212258.000,37.170
2016-02-03,36.870,37.550,36.070,37.010,14543103.000,37.010
2016-02-02,36.530,37.770,36.440,36.830,17310567.000,36.830
2016-02-01,35.650,37.320,35.590,37.080,17356043.000,37.080
2016-01-29,34.490,36.260,34.360,36.140,21201081.000,36.140
2016-01-28,33.630,34.750,33.350,34.240,20378569.000,34.240
2016-01-27,31.960,32.630,31.380,31.590,12711682.000,31.590
2016-01-26,31.490,31.980,31.390,31.970,8616958.000,31.970
2016-01-25,31.980,31.980,31.350,31.470,7591779.000,31.470
2016-01-22,31.650,31.970,31.540,31.690,9443981.000,31.690
2016-01-21,31.610,31.740,30.900,31.200,9978942.000,31.200
2016-01-20,31.430,31.700,30.520,31.200,13170588.000,31.200
2016-01-19,32.760,33.180,31.930,32.200,6674703.000,32.200
2016-01-15,31.620,32.540,31.620,32.310,12174356.000,32.310
2016-01-14,32.150,33.040,31.705,32.870,7749477.000,32.870
2016-01-13,33.280,33.570,31.970,32.120,8069449.000,32.120
2016-01-12,33.350,33.570,32.660,33.080,7853995.000,33.080
2016-01-11,33.020,33.430,32.470,33.040,8937358.000,33.040
2016-01-08,33.460,33.880,32.630,32.690,7848846.000,32.690
2016-01-07,33.150,34.161,33.020,33.130,11041083.000,33.130
2016-01-06,33.700,34.010,33.210,33.980,8441271.000,33.980
2016-01-05,34.980,34.980,33.860,34.310,11227717.000,34.310
2016-01-04,35.130,35.560,34.280,34.750,12287716.000,34.750
2015-12-31,36.300,36.500,36.051,36.200,4481936.000,36.200
2015-12-30,37.070,37.250,36.460,36.480,4106713.000,36.480
2015-12-29,36.920,37.450,36.750,37.080,3436624.000,37.080
2015-12-28,36.700,37.000,36.250,36.610,4930147.000,36.610
2015-12-24,37.010,37.230,36.820,37.070,2133437.000,37.070
2015-12-23,36.790,37.680,36.770,37.110,7579531.000,37.110
2015-12-22,36.120,36.890,35.780,36.805,6030899.000,36.805
2015-12-21,35.210,36.150,35.110,36.080,5856044.000,36.080
2015-12-18,35.350,35.760,34.730,34.980,13745948.000,34.980
2015-12-17,36.000,36.580,35.510,35.540,6454069.000,35.540
2015-12-16,36.120,36.250,35.190,35.980,7076271.000,35.980
2015-12-15,35.190,36.510,35.180,36.320,11709851.000,36.320
2015-12-14,34.610,35.223,34.330,35.010,5803074.000,35.010
2015-12-11,35.150,35.326,34.420,34.690,8309205.000,34.690
2015-12-10,35.160,35.910,35.160,35.490,6949734.000,35.490
2015-12-09,35.390,35.600,34.830,35.070,7381669.000,35.070
2015-12-08,34.630,35.700,34.520,35.600,7420819.000,35.600
2015-12-07,35.710,35.800,34.850,35.160,4917953.000,35.160
2015-12-04,34.380,35.820,34.220,35.620,10664349.000,35.620
2015-12-03,35.200,35.230,33.850,34.230,7311905.000,34.230
2015-12-02,35.230,36.170,34.930,35.150,5762384.000,35.150
2015-12-01,35.410,35.410,33.850,35.170,14893927.000,35.170
2015-11-30,35.360,35.440,34.690,35.260,9357310.000,35.260
2015-11-27,35.520,35.700,35.060,35.180,2550193.000,35.180
2015-11-25,35.200,35.860,35.130,35.360,3882189.000,35.360
2015-11-24,35.250,35.300,34.880,35.120,8390058.000,35.120
2015-11-23,36.500,36.650,35.410,35.560,6960964.000,35.560
2015-11-20,36.450,36.450,35.920,36.360,4543444.000,36.360
2015-11-19,36.450,36.500,35.910,36.190,5042281.000,36.190
2015-11-18,36.320,36.950,35.785,36.220,8323149.000,36.220
2015-11-17,35.890,36.450,35.710,36.210,7344143.000,36.210
2015-11-16,34.550,35.660,34.530,35.610,6734488.000,35.610
2015-11-13,35.180,35.500,34.500,34.530,7364367.000,34.530
2015-11-12,35.945,36.050,34.830,35.570,11835858.000,35.570
2015-11-11,37.190,37.320,35.750,36.330,12762469.000,36.330
2015-11-10,36.580,37.200,36.500,37.000,36384428.000,37.000
2015-11-09,36.100,36.740,35.650,36.600,11571512.000,36.600
2015-11-06,36.590,36.700,35.800,36.240,10256842.000,36.240
2015-11-05,37.820,37.980,36.660,36.710,9068886.000,36.710
2015-11-04,38.450,38.520,37.330,37.600,12226757.000,37.600
2015-11-03,37.050,38.440,37.000,37.900,12025221.000,37.900
2015-11-02,35.580,37.410,35.450,36.990,11254928.000,36.990
2015-10-30,35.640,36.490,35.240,36.010,13409243.000,36.010
2015-10-29,34.730,36.500,34.500,35.910,25137251.000,35.910
2015-10-28,36.210,36.650,35.810,36.520,11634340.000,36.520
2015-10-27,36.390,36.394,35.310,35.940,8502406.000,35.940
2015-10-26,36.050,36.590,35.515,36.440,11554647.000,36.440
2015-10-23,35.730,35.750,34.800,34.990,8909138.000,34.990
2015-10-22,34.430,35.250,34.260,34.790,8735516.000,34.790
2015-10-21,34.750,34.800,32.880,33.830,9113873.000,33.830
2015-10-20,34.800,34.990,34.590,34.870,6084245.000,34.870
2015-10-19,34.430,34.905,33.790,34.840,5855686.000,34.840
2015-10-16,34.750,35.050,33.950,34.290,5390718.000,34.290
2015-10-15,34.450,34.720,34.160,34.620,9103243.000,34.620
2015-10-14,33.400,34.460,33.400,34.050,8198250.000,34.050
2015-10-13,32.600,33.480,32.340,33.220,8787712.000,33.220
2015-10-12,32.190,32.670,32.100,32.630,3915468.000,32.630
2015-10-09,31.690,32.450,31.410,32.060,5911405.000,32.060
2015-10-08,32.440,32.450,31.090,31.670,9281454.000,31.670
2015-10-07,32.310,32.471,31.520,32.380,6969581.000,32.380
2015-10-06,32.910,32.910,31.780,31.860,7443781.000,31.860
2015-10-05,32.950,33.020,32.380,32.670,6119068.000,32.670
2015-10-02,30.820,32.860,30.750,32.830,7609776.000,32.830
2015-10-01,30.820,31.587,30.750,31.480,9656980.000,31.480
2015-09-30,31.200,31.280,30.640,31.040,13537262.000,31.040
2015-09-29,32.270,32.670,30.300,30.630,12008145.000,30.630
2015-09-28,33.680,33.680,32.155,32.250,7202535.000,32.250
2015-09-25,34.600,34.690,33.500,33.770,6566750.000,33.770
2015-09-24,34.000,34.070,33.380,33.910,6544533.000,33.910
2015-09-23,33.490,34.340,33.260,34.160,5405501.000,34.160
2015-09-22,33.940,34.100,33.190,33.350,8538006.000,33.350
2015-09-21,33.660,34.620,33.430,34.250,12736464.000,34.250
2015-09-18,32.900,33.780,32.550,32.920,16488139.000,32.920
2015-09-17,33.720,33.990,33.080,33.320,7846799.000,33.320
2015-09-16,33.460,34.060,33.360,33.770,7183907.000,33.770
2015-09-15,33.720,33.950,32.670,33.800,11874863.000,33.800
2015-09-14,33.700,33.950,33.200,33.770,7897681.000,33.770
2015-09-11,33.270,33.590,32.610,33.550,9184211.000,33.550
2015-09-10,34.230,34.290,32.950,33.460,12134501.000,33.460
2015-09-09,34.920,34.950,33.880,34.370,10946887.000,34.370
2015-09-08,34.810,34.890,34.250,34.700,7674452.000,34.700
2015-09-04,34.710,34.720,33.780,34.290,7483792.000,34.290
2015-09-03,35.010,35.460,34.770,35.310,6683814.000,35.310
2015-09-02,34.600,35.080,33.835,35.070,7521045.000,35.070
2015-09-01,34.240,34.680,33.410,33.770,13375959.000,33.770
2015-08-31,35.490,35.510,34.770,35.000,12123766.000,35.000
2015-08-28,34.510,35.260,34.370,35.040,8344820.000,35.040
2015-08-27,34.000,34.770,33.160,34.620,18909574.000,34.620
2015-08-26,33.700,33.840,31.710,33.170,25350364.000,33.170
2015-08-25,35.440,35.460,32.700,32.700,15557082.000,32.700
2015-08-24,31.170,34.850,30.000,33.750,19676580.000,33.750
2015-08-21,35.570,36.110,33.830,34.250,16824144.000,34.250
2015-08-20,36.850,37.340,35.880,35.980,10645667.000,35.980
2015-08-19,37.870,38.100,37.030,37.190,6923402.000,37.190
2015-08-18,39.000,39.000,37.870,37.990,4678847.000,37.990
2015-08-17,38.300,38.750,37.700,38.730,4931711.000,38.730
2015-08-14,37.490,38.180,37.380,38.140,6271143.000,38.140
2015-08-13,38.400,38.490,37.440,37.620,7863525.000,37.620
2015-08-12,38.550,38.580,37.010,38.190,21366670.000,38.190
2015-08-11,38.930,39.280,38.720,38.850,8184004.000,38.850
2015-08-10,39.430,39.690,38.770,39.050,7998929.000,39.050
2015-08-07,39.040,39.230,38.600,39.130,8331310.000,39.130
2015-08-06,39.630,39.740,38.550,38.850,7324116.000,38.850
2015-08-05,39.700,39.880,39.170,39.270,9349565.000,39.270
2015-08-04,39.910,39.910,38.430,38.950,10992217.000,38.950
2015-08-03,39.250,39.880,38.900,39.390,15126574.000,39.390
2015-07-31,39.140,39.200,38.220,38.700,12480580.000,38.700
2015-07-30,38.040,39.010,37.715,38.450,13845091.000,38.450
2015-07-29,38.030,38.100,37.620,37.950,11788439.000,37.950
2015-07-28,37.190,38.000,36.830,37.600,18986016.000,37.600
2015-07-27,36.780,37.380,36.220,36.390,16179913.000,36.390
2015-07-24,37.710,38.000,36.910,37.000,14274305.000,37.000
2015-07-23,38.740,38.750,36.930,37.010,19250154.000,37.010
2015-07-22,39.350,39.718,38.100,38.390,25380859.000,38.390
2015-07-21,41.080,41.110,39.120,39.350,32954573.000,39.350
2015-07-20,41.460,42.550,39.800,40.470,52286509.000,40.470
