Date,Open,High,Low,Close,Volume,Adj Close,,2022-02-15
2022-02-15,328.060,335.840,323.630,330.330,1341546.000,330.330
2022-02-14,320.770,325.390,313.960,320.250,1728143.000,320.250
2022-02-11,346.900,352.920,319.530,321.760,1843129.000,321.760
2022-02-10,326.630,352.710,324.510,346.160,2236695.000,346.160
2022-02-09,323.470,336.639,321.000,335.600,1528525.000,335.600
2022-02-08,311.800,318.945,307.760,318.050,862051.000,318.050
2022-02-07,319.850,328.705,311.680,314.190,1698180.000,314.190
2022-02-04,304.780,324.201,301.010,320.910,2023256.000,320.910
2022-02-03,306.250,316.070,302.670,304.410,1863089.000,304.410
2022-02-02,328.890,328.890,309.655,314.290,2123237.000,314.290
2022-02-01,324.830,328.650,313.565,325.870,1875263.000,325.870
2022-01-31,319.080,329.260,316.830,324.340,3100707.000,324.340
2022-01-28,312.050,329.120,286.890,319.170,5822089.000,319.170
2022-01-27,300.020,310.140,290.380,290.890,3023236.000,290.890
2022-01-26,294.740,308.810,287.080,293.060,3609685.000,293.060
2022-01-25,294.580,294.670,275.150,286.690,3822156.000,286.690
2022-01-24,277.485,303.000,273.422,300.270,3460143.000,300.270
2022-01-21,289.350,295.670,282.640,283.000,2098670.000,283.000
2022-01-20,300.470,309.780,289.690,291.320,1801858.000,291.320
2022-01-19,298.010,305.435,292.560,293.460,1788231.000,293.460
2022-01-18,284.640,305.980,281.180,293.630,2251611.000,293.630
2022-01-14,296.420,302.980,284.365,297.390,4026222.000,297.390
2022-01-13,319.850,321.706,297.620,298.650,2426098.000,298.650
2022-01-12,318.480,324.130,315.010,320.590,2785196.000,320.590
2022-01-11,309.990,316.560,303.690,314.950,1795330.000,314.950
2022-01-10,295.500,314.440,284.575,312.980,3044646.000,312.980
2022-01-07,310.360,317.110,294.250,303.710,2220743.000,303.710
2022-01-06,309.110,320.970,299.195,313.750,2293827.000,313.750
2022-01-05,327.250,331.688,309.590,311.640,3509606.000,311.640
2022-01-04,347.280,347.280,316.570,334.990,4131589.000,334.990
2022-01-03,380.430,380.630,349.560,350.420,1682926.000,350.420
2021-12-31,383.810,388.870,380.750,381.290,555393.000,381.290
2021-12-30,383.580,392.850,381.925,385.360,834686.000,385.360
2021-12-29,388.610,389.270,376.440,382.780,627587.000,382.780
2021-12-28,395.370,399.103,386.120,388.610,649175.000,388.610
2021-12-27,390.590,397.780,389.450,394.430,758168.000,394.430
2021-12-23,386.220,389.490,380.510,387.920,1087112.000,387.920
2021-12-22,382.320,395.000,379.270,388.050,2238181.000,388.050
2021-12-21,347.580,383.410,345.950,380.630,2813180.000,380.630
2021-12-20,336.760,348.970,333.030,343.330,1378451.000,343.330
2021-12-17,342.630,352.620,333.340,350.960,3136346.000,350.960
2021-12-16,364.430,366.770,344.220,345.440,1491270.000,345.440
2021-12-15,352.280,368.265,347.550,364.430,1243011.000,364.430
2021-12-14,361.710,363.155,344.645,351.740,1858002.000,351.740
2021-12-13,372.200,381.645,368.045,369.930,1019336.000,369.930
2021-12-10,379.590,388.990,368.400,372.620,694826.000,372.620
2021-12-09,387.410,390.920,369.420,375.440,1427688.000,375.440
2021-12-08,384.570,388.120,378.320,387.410,906779.000,387.410
2021-12-07,366.530,383.690,366.320,382.990,2189571.000,382.990
2021-12-06,343.500,357.540,332.010,353.440,1620725.000,353.440
2021-12-03,368.950,368.950,339.970,349.500,2197044.000,349.500
2021-12-02,357.100,370.940,356.210,368.940,1541638.000,368.940
2021-12-01,383.710,386.930,356.780,357.210,2157588.000,357.210
2021-11-30,398.290,404.680,373.200,376.320,1709264.000,376.320
2021-11-29,395.600,404.090,391.860,397.690,767739.000,397.690
2021-11-26,388.560,398.970,388.560,391.540,449445.000,391.540
2021-11-24,386.960,393.450,381.730,393.070,717728.000,393.070
2021-11-23,397.555,400.000,376.070,389.510,1756713.000,389.510
2021-11-22,426.850,428.240,401.910,403.000,1608379.000,403.000
2021-11-19,441.000,443.251,429.800,429.860,941685.000,429.860
2021-11-18,441.000,448.000,436.184,440.690,742387.000,440.690
2021-11-17,445.000,445.500,438.160,440.240,527824.000,440.240
2021-11-16,431.750,445.610,430.040,443.960,868678.000,443.960
2021-11-15,445.910,446.260,431.570,433.990,611666.000,433.990
2021-11-12,444.660,451.500,441.020,445.120,669449.000,445.120
2021-11-11,438.710,443.570,436.370,441.590,549533.000,441.590
2021-11-10,444.000,444.310,429.630,433.570,760763.000,433.570
2021-11-09,448.670,453.000,440.110,444.500,776225.000,444.500
2021-11-08,441.010,444.267,437.390,442.760,694983.000,442.760
2021-11-05,447.380,449.550,436.755,440.220,689543.000,440.220
2021-11-04,444.110,454.950,441.910,449.120,855205.000,449.120
2021-11-03,450.830,453.280,436.280,445.430,791115.000,445.430
2021-11-02,450.210,453.900,444.130,450.290,850252.000,450.290
2021-11-01,455.200,461.450,445.590,450.140,1226175.000,450.140
2021-10-29,452.500,483.130,441.170,458.130,2862737.000,458.130
2021-10-28,410.770,418.410,410.020,417.330,1505379.000,417.330
2021-10-27,424.530,428.090,412.255,412.880,808319.000,412.880
2021-10-26,424.000,433.580,421.750,424.520,789477.000,424.520
2021-10-25,426.140,431.440,424.600,429.010,1111788.000,429.010
2021-10-22,418.670,425.295,414.559,423.200,851372.000,423.200
2021-10-21,410.120,421.490,408.700,417.120,1258334.000,417.120
2021-10-20,414.900,415.700,405.430,409.690,710184.000,409.690
2021-10-19,415.000,415.600,405.335,410.460,678252.000,410.460
2021-10-18,407.730,414.802,404.140,414.770,617656.000,414.770
2021-10-15,406.730,409.790,400.890,409.740,587138.000,409.740
2021-10-14,412.610,415.880,406.165,406.730,583935.000,406.730
2021-10-13,401.320,407.910,399.330,407.040,697806.000,407.040
2021-10-12,393.270,402.440,391.450,397.470,567101.000,397.470
2021-10-11,387.150,396.470,385.350,389.500,493652.000,389.500
2021-10-08,400.170,402.000,387.160,390.740,785914.000,390.740
2021-10-07,397.600,402.060,392.290,392.980,880067.000,392.980
2021-10-06,385.790,398.500,385.360,395.190,1050696.000,395.190
2021-10-05,385.700,392.570,384.780,389.940,1002271.000,389.940
2021-10-04,390.760,390.760,376.000,382.710,1277618.000,382.710
2021-10-01,393.000,395.680,383.900,392.220,1324741.000,392.220
2021-09-30,391.940,398.250,390.139,391.420,843693.000,391.420
2021-09-29,385.000,391.720,378.020,387.600,883400.000,387.600
2021-09-28,383.710,391.110,375.500,381.580,1698501.000,381.580
2021-09-27,405.500,409.770,388.180,391.890,1444171.000,391.890
2021-09-24,411.330,414.720,401.455,413.940,798193.000,413.940
2021-09-23,407.940,412.000,401.245,409.600,1244610.000,409.600
2021-09-22,405.960,409.680,401.790,406.400,1236753.000,406.400
2021-09-21,408.460,420.230,404.695,405.980,1629550.000,405.980
2021-09-20,395.220,402.690,392.139,400.590,1273580.000,400.590
2021-09-17,404.000,409.600,397.390,404.600,2222845.000,404.600
2021-09-16,394.400,404.535,392.450,403.910,780500.000,403.910
2021-09-15,387.470,394.990,386.820,394.530,952138.000,394.530
2021-09-14,380.240,393.189,379.265,389.390,1119250.000,389.390
2021-09-13,379.770,379.770,371.840,376.710,853801.000,376.710
2021-09-10,379.400,385.820,378.980,379.970,893869.000,379.970
2021-09-09,380.170,383.630,377.315,378.840,865830.000,378.840
2021-09-08,380.410,385.940,378.995,381.750,801044.000,381.750
2021-09-07,383.390,384.980,379.240,381.690,910973.000,381.690
2021-09-03,376.040,387.475,375.130,384.590,1197553.000,384.590
2021-09-02,371.880,376.360,370.481,376.000,624037.000,376.000
2021-09-01,369.050,373.440,368.000,371.700,694451.000,371.700
2021-08-31,364.330,368.120,362.590,367.060,853568.000,367.060
2021-08-30,360.000,368.329,360.000,366.030,799323.000,366.030
2021-08-27,350.990,359.310,350.990,358.340,651513.000,358.340
2021-08-26,352.180,357.500,349.820,349.990,838834.000,349.990
2021-08-25,349.740,356.090,349.520,353.410,678357.000,353.410
2021-08-24,351.780,356.605,351.780,353.890,875417.000,353.890
2021-08-23,342.230,353.620,342.120,352.490,904222.000,352.490
2021-08-20,334.470,346.640,334.470,346.000,914167.000,346.000
2021-08-19,335.130,338.570,332.191,334.560,961389.000,334.560
2021-08-18,335.920,343.570,335.160,337.730,685367.000,337.730
2021-08-17,332.580,338.980,328.800,336.730,637600.000,336.730
2021-08-16,336.830,339.050,324.720,334.020,562690.000,334.020
2021-08-13,338.010,340.240,335.750,337.940,471546.000,337.940
2021-08-12,329.950,340.770,329.710,338.040,579860.000,338.040
2021-08-11,329.980,333.360,326.000,332.560,946527.000,332.560
2021-08-10,337.610,340.500,325.750,327.520,1358528.000,327.520
2021-08-09,336.280,337.740,331.390,335.840,1247787.000,335.840
2021-08-06,338.050,339.800,331.300,334.510,893196.000,334.510
2021-08-05,340.210,343.150,335.380,342.430,1273383.000,342.430
2021-08-04,328.860,341.420,328.560,340.440,1326257.000,340.440
2021-08-03,325.620,336.650,324.335,329.420,1081132.000,329.420
2021-08-02,324.200,326.970,313.404,322.580,1948033.000,322.580
2021-07-30,310.000,349.500,310.000,325.120,6133589.000,325.120
2021-07-29,267.500,271.620,264.880,266.790,1110912.000,266.790
2021-07-28,265.130,269.980,264.020,269.080,546316.000,269.080
2021-07-27,267.610,269.360,259.990,264.970,888645.000,264.970
2021-07-26,270.870,270.870,265.240,267.540,813743.000,267.540
2021-07-23,269.580,273.000,266.850,271.290,751249.000,271.290
2021-07-22,262.000,269.340,261.680,269.130,884651.000,269.130
2021-07-21,266.990,269.120,263.850,268.850,758756.000,268.850
2021-07-20,264.500,269.980,260.000,267.620,955927.000,267.620
2021-07-19,259.000,263.580,257.630,262.870,610757.000,262.870
2021-07-16,260.350,263.840,259.660,260.640,458718.000,260.640
2021-07-15,260.390,265.410,256.510,259.360,787076.000,259.360
2021-07-14,263.890,267.640,257.330,259.220,1178571.000,259.220
2021-07-13,260.810,265.655,258.670,261.140,1441631.000,261.140
2021-07-12,271.070,275.670,260.710,261.360,1662968.000,261.360
2021-07-09,265.210,269.145,260.230,268.640,882449.000,268.640
2021-07-08,264.020,268.580,262.710,266.660,666919.000,266.660
2021-07-07,270.500,273.340,267.350,269.060,788937.000,269.060
2021-07-06,262.990,271.980,262.990,268.430,850622.000,268.430
2021-07-02,259.710,263.810,259.145,262.720,665333.000,262.720
2021-07-01,256.230,259.850,255.350,258.430,638421.000,258.430
2021-06-30,262.890,262.890,255.300,256.860,1023178.000,256.860
2021-06-29,264.540,266.305,260.580,264.150,1672744.000,264.150
2021-06-28,265.220,267.580,262.540,263.230,1523693.000,263.230
2021-06-25,268.410,268.770,262.080,264.690,1034817.000,264.690
2021-06-24,269.640,272.130,266.620,266.960,848494.000,266.960
2021-06-23,267.030,269.990,265.080,267.490,1060705.000,267.490
2021-06-22,267.440,270.010,264.500,267.960,1234190.000,267.960
2021-06-21,264.510,268.520,258.390,267.160,1229723.000,267.160
2021-06-18,262.150,267.560,261.543,266.560,2097424.000,266.560
2021-06-17,247.340,263.000,246.320,262.510,1783468.000,262.510
2021-06-16,245.700,251.990,243.230,248.460,1255427.000,248.460
2021-06-15,250.000,251.500,244.290,245.800,604564.000,245.800
2021-06-14,245.000,250.990,243.110,250.890,1714725.000,250.890
2021-06-11,238.810,244.660,236.411,244.090,1452774.000,244.090
2021-06-10,229.200,239.040,229.100,238.560,1137955.000,238.560
2021-06-09,230.790,234.920,230.740,232.310,950767.000,232.310
2021-06-08,230.000,234.740,226.490,228.930,967981.000,228.930
2021-06-07,224.560,228.440,221.460,228.130,776496.000,228.130
2021-06-04,225.290,227.760,224.070,225.880,764795.000,225.880
2021-06-03,228.330,230.670,221.090,221.370,1196379.000,221.370
2021-06-02,231.060,234.588,230.360,231.450,780733.000,231.450
2021-06-01,233.490,234.650,225.125,231.980,963320.000,231.980
2021-05-28,233.670,239.264,233.205,233.280,1010558.000,233.280
2021-05-27,226.690,233.000,223.450,231.890,1112054.000,231.890
2021-05-26,225.970,231.930,225.930,230.490,1134125.000,230.490
2021-05-25,221.020,228.740,221.020,225.720,1915112.000,225.720
2021-05-24,224.210,227.500,221.700,222.600,2434731.000,222.600
2021-05-21,225.000,226.900,221.490,223.650,1947407.000,223.650
2021-05-20,218.990,227.150,218.140,224.660,2408081.000,224.660
2021-05-19,211.910,216.580,209.275,216.180,1777497.000,216.180
2021-05-18,214.180,220.410,213.500,217.020,1999583.000,217.020
2021-05-17,213.900,214.850,208.210,212.300,2015368.000,212.300
2021-05-14,217.590,218.840,212.570,214.990,2874077.000,214.990
2021-05-13,227.300,229.500,212.000,212.450,2048138.000,212.450
2021-05-12,216.360,225.170,215.790,223.870,1907400.000,223.870
2021-05-11,207.910,226.690,207.830,224.440,2259059.000,224.440
2021-05-10,216.570,218.250,213.400,215.830,1281655.000,215.830
2021-05-07,224.000,227.000,219.010,219.630,836530.000,219.630
2021-05-06,221.630,221.930,214.610,218.770,1128030.000,218.770
2021-05-05,226.730,231.240,222.305,223.500,787995.000,223.500
2021-05-04,226.050,226.800,218.580,225.020,2297326.000,225.020
2021-05-03,237.790,238.310,227.700,229.990,1760205.000,229.990
2021-04-30,231.050,241.000,230.000,237.560,3070635.000,237.560
2021-04-29,235.040,236.000,224.480,228.120,1414755.000,228.120
2021-04-28,235.000,237.770,232.830,235.960,597538.000,235.960
2021-04-27,237.030,237.900,232.110,236.120,706977.000,236.120
2021-04-26,230.680,236.738,227.660,236.500,763270.000,236.500
2021-04-23,229.410,232.305,228.450,230.820,566996.000,230.820
2021-04-22,226.020,232.475,225.050,228.450,881466.000,228.450
2021-04-21,225.720,227.610,222.000,226.580,927531.000,226.580
2021-04-20,227.550,230.720,224.530,226.340,853310.000,226.340
2021-04-19,232.915,236.000,227.820,228.210,937054.000,228.210
2021-04-16,239.250,239.250,233.080,234.760,901073.000,234.760
2021-04-15,233.690,240.850,233.100,239.130,1149758.000,239.130
2021-04-14,243.750,244.930,231.090,231.480,2079082.000,231.480
2021-04-13,234.900,243.400,234.050,242.190,2085314.000,242.190
2021-04-12,225.110,234.910,224.630,230.660,1478390.000,230.660
2021-04-09,223.850,225.870,218.700,225.400,1572711.000,225.400
2021-04-08,221.770,224.790,219.010,224.110,2409910.000,224.110
2021-04-07,222.330,223.150,217.270,217.630,873970.000,217.630
2021-04-06,221.180,227.185,218.800,223.130,963320.000,223.130
2021-04-05,224.330,225.000,218.500,221.230,1122707.000,221.230
2021-04-01,216.010,228.000,212.250,223.060,3244234.000,223.060
2021-03-31,208.570,216.520,207.660,210.760,1697068.000,210.760
2021-03-30,199.315,205.790,198.900,204.430,884128.000,204.430
2021-03-29,210.750,211.015,198.800,204.590,1893297.000,204.590
2021-03-26,207.440,212.960,204.030,212.940,1273257.000,212.940
2021-03-25,206.130,207.350,200.420,206.840,2765731.000,206.840
2021-03-24,222.720,223.060,209.010,210.440,1306199.000,210.440
2021-03-23,224.240,225.690,221.186,222.920,925559.000,222.920
2021-03-22,220.620,225.300,220.185,221.740,1246372.000,221.740
2021-03-19,221.210,222.255,215.220,219.090,2251748.000,219.090
2021-03-18,229.000,229.000,219.145,219.280,1492480.000,219.280
2021-03-17,233.730,236.510,226.100,234.000,799419.000,234.000
2021-03-16,237.350,241.040,233.180,235.890,1076847.000,235.890
2021-03-15,228.150,237.110,225.950,236.620,1088384.000,236.620
2021-03-12,231.740,231.740,222.505,229.260,1330811.000,229.260
2021-03-11,233.200,237.340,230.235,235.800,1336159.000,235.800
2021-03-10,238.000,238.250,225.290,225.690,1464963.000,225.690
2021-03-09,233.080,238.270,231.515,233.050,1531356.000,233.050
2021-03-08,226.000,235.500,222.480,223.420,1469726.000,223.420
2021-03-05,226.970,231.430,218.630,228.210,2186889.000,228.210
2021-03-04,226.590,234.980,221.010,225.440,2206076.000,225.440
2021-03-03,244.270,245.430,224.950,227.680,2133070.000,227.680
2021-03-02,253.160,254.180,243.915,244.400,1739139.000,244.400
2021-03-01,242.480,252.180,242.400,251.500,1427891.000,251.500
2021-02-26,233.730,239.700,230.700,237.700,1287574.000,237.700
2021-02-25,234.400,241.990,230.160,232.400,1183422.000,232.400
2021-02-24,240.000,240.690,233.000,239.930,1083214.000,239.930
2021-02-23,230.160,242.360,224.090,241.460,2619550.000,241.460
2021-02-22,251.330,254.490,241.010,241.010,1424562.000,241.010
2021-02-19,256.440,262.400,254.010,258.410,1978110.000,258.410
2021-02-18,245.720,258.770,244.420,256.730,1309471.000,256.730
2021-02-17,248.880,251.270,243.450,250.530,1122804.000,250.530
2021-02-16,253.590,255.136,245.040,248.950,911900.000,248.950
2021-02-12,252.600,255.345,247.310,252.970,695510.000,252.970
2021-02-11,256.570,257.010,250.400,252.800,608386.000,252.800
2021-02-10,249.330,256.050,246.020,252.460,1422266.000,252.460
2021-02-09,244.540,248.230,243.690,248.050,1113614.000,248.050
2021-02-08,245.000,251.280,242.000,244.380,974585.000,244.380
2021-02-05,240.040,244.350,240.020,243.800,966944.000,243.800
2021-02-04,245.000,247.000,240.290,241.000,803636.000,241.000
2021-02-03,248.000,248.250,240.030,243.990,1113771.000,243.990
2021-02-02,238.490,249.500,237.820,248.790,1436101.000,248.790
2021-02-01,231.210,238.529,229.020,234.870,1887284.000,234.870
2021-01-29,225.000,234.270,217.750,231.130,3018776.000,231.130
2021-01-28,216.600,235.000,216.180,227.020,3071858.000,227.020
2021-01-27,220.670,222.490,208.620,217.300,2235063.000,217.300
2021-01-26,232.690,232.690,222.190,223.880,1573684.000,223.880
2021-01-25,238.990,240.260,224.660,231.080,1187949.000,231.080
2021-01-22,234.340,236.730,230.772,235.450,1057611.000,235.450
2021-01-21,233.050,237.555,230.260,234.180,1222947.000,234.180
2021-01-20,228.000,232.370,227.540,231.610,1419186.000,231.610
2021-01-19,225.007,229.410,225.007,226.740,1490006.000,226.740
2021-01-15,224.640,229.380,220.630,222.930,1568198.000,222.930
2021-01-14,228.880,230.820,221.760,222.970,1571914.000,222.970
2021-01-13,234.810,234.860,227.110,229.870,1312809.000,229.870
2021-01-12,233.380,235.800,231.580,234.190,932028.000,234.190
2021-01-11,234.790,234.850,230.010,230.670,722542.000,230.670
2021-01-08,236.000,238.000,231.830,235.480,804166.000,235.480
2021-01-07,228.030,233.890,228.020,233.380,1309602.000,233.380
2021-01-06,228.920,230.200,223.930,224.480,1601946.000,224.480
2021-01-05,232.000,235.350,229.010,234.420,1106325.000,234.420
2021-01-04,234.500,234.500,224.905,231.560,1051176.000,231.560
2020-12-31,233.790,235.270,231.970,233.870,711571.000,233.870
2020-12-30,236.840,236.840,232.430,234.040,559619.000,234.040
2020-12-29,233.550,234.990,229.864,233.150,648704.000,233.150
2020-12-28,245.590,246.615,230.540,231.800,1269051.000,231.800
2020-12-24,240.550,243.730,239.850,241.790,658332.000,241.790
2020-12-23,247.000,247.850,239.020,240.880,1468802.000,240.880
2020-12-22,250.000,250.010,244.890,247.010,1167331.000,247.010
2020-12-21,246.690,249.300,241.151,248.190,1424483.000,248.190
2020-12-18,248.670,249.990,244.620,247.780,5198449.000,247.780
2020-12-17,246.440,250.030,245.790,248.050,1123842.000,248.050
2020-12-16,237.630,245.280,236.620,243.850,2730173.000,243.850
2020-12-15,234.830,238.160,229.440,237.700,1714754.000,237.700
2020-12-14,233.770,240.700,233.431,234.740,2016668.000,234.740
2020-12-11,229.110,232.240,224.720,232.010,1252083.000,232.010
2020-12-10,222.618,228.410,220.450,227.190,735836.000,227.190
2020-12-09,228.940,229.970,220.360,223.540,1435499.000,223.540
2020-12-08,227.760,235.170,227.760,229.840,1106936.000,229.840
2020-12-07,224.110,228.860,223.760,227.760,1285348.000,227.760
2020-12-04,227.110,229.580,224.680,225.010,1269513.000,225.010
2020-12-03,228.100,234.440,225.950,226.190,2013148.000,226.190
2020-12-02,220.710,228.280,218.900,227.990,1453085.000,227.990
2020-12-01,226.000,226.000,220.710,224.060,1323833.000,224.060
2020-11-30,224.000,228.970,219.660,225.050,1504956.000,225.050
2020-11-27,216.070,224.000,216.070,224.000,850157.000,224.000
2020-11-25,211.300,217.540,211.300,216.350,1666226.000,216.350
2020-11-24,210.000,214.340,210.000,213.500,1577486.000,213.500
2020-11-23,209.490,212.060,205.670,211.050,2872832.000,211.050
2020-11-20,199.220,211.550,198.940,208.430,2743306.000,208.430
2020-11-19,194.320,202.000,193.340,199.450,2742541.000,199.450
2020-11-18,201.280,203.000,191.180,193.700,3090941.000,193.700
2020-11-17,192.060,198.280,190.980,196.520,1800579.000,196.520
2020-11-16,191.520,194.900,187.710,189.460,2207769.000,189.460
2020-11-13,194.480,194.820,184.905,192.820,1795237.000,192.820
2020-11-12,192.590,195.910,191.680,193.000,1219328.000,193.000
2020-11-11,188.470,196.190,187.625,191.760,1722443.000,191.760
2020-11-10,185.407,186.990,176.420,185.660,2110530.000,185.660
2020-11-09,194.640,199.160,187.400,187.520,1625056.000,187.520
2020-11-06,200.100,201.280,194.895,198.180,1134215.000,198.180
2020-11-05,195.000,203.180,193.535,199.990,2261703.000,199.990
2020-11-04,189.780,193.950,188.550,188.820,1969691.000,188.820
2020-11-03,183.850,185.810,180.110,182.060,2062919.000,182.060
2020-11-02,191.620,192.410,180.880,184.290,3096258.000,184.290
2020-10-30,199.000,199.990,187.250,191.620,5591655.000,191.620
2020-10-29,210.910,212.670,208.690,210.720,1822681.000,210.720
2020-10-28,209.330,211.510,206.790,208.860,1835488.000,208.860
2020-10-27,209.430,213.300,208.005,213.010,1095950.000,213.010
2020-10-26,207.500,210.270,203.610,207.200,709110.000,207.200
2020-10-23,204.060,208.570,201.440,208.490,1116010.000,208.490
2020-10-22,207.570,209.800,202.190,203.080,1995207.000,203.080
2020-10-21,210.030,213.210,205.140,206.990,1788614.000,206.990
2020-10-20,213.730,216.295,210.200,210.970,2087518.000,210.970
2020-10-19,208.452,215.840,205.800,212.940,3591583.000,212.940
2020-10-16,191.900,212.970,191.000,207.450,5155744.000,207.450
2020-10-15,188.080,191.170,185.160,190.925,2190938.000,190.925
2020-10-14,194.900,194.900,188.610,191.810,1801803.000,191.810
2020-10-13,195.110,196.640,192.600,192.990,1611407.000,192.990
2020-10-12,199.950,199.950,192.210,194.270,2063731.000,194.270
2020-10-09,190.350,199.870,190.000,198.850,1332209.000,198.850
2020-10-08,194.520,194.754,188.250,188.780,1223370.000,188.780
2020-10-07,191.210,195.500,190.055,193.040,855221.000,193.040
2020-10-06,186.790,194.610,186.590,189.880,1380960.000,189.880
2020-10-05,186.000,191.630,185.270,186.850,1426635.000,186.850
2020-10-02,182.310,189.000,182.310,184.790,1706205.000,184.790
2020-10-01,183.220,188.060,180.570,186.010,984929.000,186.010
2020-09-30,180.540,185.150,179.210,181.790,2677232.000,181.790
2020-09-29,181.630,183.380,179.540,182.350,927961.000,182.350
2020-09-28,182.020,184.035,178.700,181.000,2155896.000,181.000
2020-09-25,176.000,181.960,175.780,181.290,690453.000,181.290
2020-09-24,178.130,178.605,172.800,175.780,1568477.000,175.780
2020-09-23,180.420,183.330,175.910,176.880,731430.000,176.880
2020-09-22,178.320,180.730,173.720,180.260,781646.000,180.260
2020-09-21,168.910,178.100,168.594,177.400,846859.000,177.400
2020-09-18,169.300,172.160,167.570,171.140,1162645.000,171.140
2020-09-17,167.940,169.925,164.160,168.250,1110721.000,168.250
2020-09-16,172.610,173.570,170.000,171.170,1437704.000,171.170
2020-09-15,170.630,172.620,168.614,171.020,965796.000,171.020
2020-09-14,169.137,171.750,168.380,168.840,941882.000,168.840
2020-09-11,172.170,172.750,164.870,167.630,1121430.000,167.630
2020-09-10,173.156,175.250,168.130,169.720,1164585.000,169.720
2020-09-09,172.520,173.470,168.260,171.370,1134387.000,171.370
2020-09-08,170.000,173.100,167.720,168.920,2338709.000,168.920
2020-09-04,180.630,182.220,170.500,175.540,1561899.000,175.540
2020-09-03,188.940,188.940,178.290,181.780,2023529.000,181.780
2020-09-02,197.990,199.460,190.200,192.070,2063859.000,192.070
2020-09-01,192.610,199.500,192.610,196.410,1258299.000,196.410
2020-08-31,190.250,193.080,188.220,191.760,1713420.000,191.760
2020-08-28,188.660,193.301,188.320,192.430,1650613.000,192.430
2020-08-27,181.690,188.495,180.295,188.310,2037489.000,188.310
2020-08-26,175.010,184.880,174.505,182.950,2365818.000,182.950
2020-08-25,168.400,172.620,167.140,172.590,1182570.000,172.590
2020-08-24,167.320,170.450,166.810,168.930,1802670.000,168.930
2020-08-21,166.570,167.710,164.290,166.640,1321148.000,166.640
2020-08-20,163.020,169.030,162.200,167.850,1355112.000,167.850
2020-08-19,166.620,167.900,162.510,163.150,1472348.000,163.150
2020-08-18,165.430,167.810,164.570,166.980,1567076.000,166.980
2020-08-17,163.160,167.000,163.160,164.350,1527240.000,164.350
2020-08-14,166.110,166.420,161.300,162.690,1029108.000,162.690
2020-08-13,163.000,167.310,162.460,164.360,1401453.000,164.360
2020-08-12,161.860,165.770,160.013,161.060,1689041.000,161.060
2020-08-11,165.000,166.080,160.060,160.750,2399892.000,160.750
2020-08-10,170.800,171.500,164.060,165.950,1947018.000,165.950
2020-08-07,177.540,178.410,169.360,170.930,2243845.000,170.930
2020-08-06,181.370,181.460,175.020,177.970,1915281.000,177.970
2020-08-05,177.170,180.510,175.590,180.500,2061969.000,180.500
2020-08-04,178.500,180.900,176.550,177.470,2063343.000,177.470
2020-08-03,176.345,178.870,172.330,177.950,2920496.000,177.950
2020-07-31,176.950,177.828,170.140,176.650,6941018.000,176.650
2020-07-30,185.500,190.690,183.640,187.660,1940146.000,187.660
2020-07-29,185.640,189.500,184.860,187.110,897328.000,187.110
2020-07-28,184.500,187.797,182.710,183.360,1138111.000,183.360
2020-07-27,185.800,187.340,180.630,184.510,2245932.000,184.510
2020-07-24,184.670,187.630,181.220,184.340,1408780.000,184.340
2020-07-23,190.760,196.330,187.110,188.640,2219738.000,188.640
2020-07-22,193.310,195.290,188.820,191.300,799213.000,191.300
2020-07-21,190.790,195.310,187.087,192.490,2361208.000,192.490
2020-07-20,174.900,191.550,174.300,190.320,2758272.000,190.320
2020-07-17,172.000,173.490,169.540,172.860,910200.000,172.860
2020-07-16,173.820,175.000,170.050,171.240,1942200.000,171.240
2020-07-15,175.080,176.650,171.220,175.320,1859900.000,175.320
2020-07-14,179.690,180.950,169.110,174.150,4050200.000,174.150
2020-07-13,194.060,194.500,179.230,179.550,2550900.000,179.550
2020-07-10,195.630,196.000,190.360,192.000,1008900.000,192.000
2020-07-09,198.410,198.410,191.930,195.720,1971000.000,195.720
2020-07-08,192.490,197.060,191.190,195.880,1571000.000,195.880
2020-07-07,191.000,194.160,189.050,190.440,1116600.000,190.440
2020-07-06,193.000,196.350,189.800,190.470,1756500.000,190.470
2020-07-02,186.510,191.320,185.020,190.080,2275500.000,190.080
2020-07-01,180.990,186.620,178.610,185.610,1222300.000,185.610
2020-06-30,176.040,180.790,175.090,180.270,1312500.000,180.270
2020-06-29,180.020,180.800,172.270,175.130,1071800.000,175.130
2020-06-26,181.010,182.770,177.263,181.010,2898913.000,181.010
2020-06-25,177.100,181.330,173.800,180.360,1448046.000,180.360
2020-06-24,182.000,184.490,174.390,176.820,1297597.000,176.820
2020-06-23,186.110,187.710,181.040,182.330,1761992.000,182.330
2020-06-22,174.530,184.920,174.040,184.560,2810495.000,184.560
2020-06-19,180.230,180.814,172.550,172.640,1428524.000,172.640
2020-06-18,177.480,179.830,176.325,177.630,1428779.000,177.630
2020-06-17,173.760,178.380,173.060,176.710,1753510.000,176.710
2020-06-16,173.340,173.440,167.190,172.510,2512038.000,172.510
2020-06-15,170.910,173.040,168.970,170.730,2389837.000,170.730
2020-06-12,177.130,179.530,169.570,171.620,1562760.000,171.620
2020-06-11,177.850,178.690,170.210,173.500,1432936.000,173.500
2020-06-10,175.450,180.530,174.745,180.030,1596276.000,180.030
2020-06-09,176.050,178.560,173.120,173.540,904636.000,173.540
2020-06-08,173.570,176.050,170.700,175.200,1480783.000,175.200
2020-06-05,168.005,174.535,163.720,174.260,2210583.000,174.260
2020-06-04,181.480,182.690,170.180,172.100,2656127.000,172.100
2020-06-03,182.910,184.190,178.440,183.460,3519955.000,183.460
2020-06-02,189.010,189.990,180.620,183.670,1424176.000,183.670
2020-06-01,184.020,191.720,183.723,188.320,2003748.000,188.320
2020-05-29,179.590,186.120,178.940,185.300,1862528.000,185.300
2020-05-28,174.080,180.460,174.080,178.320,2046579.000,178.320
2020-05-27,170.050,175.720,160.200,175.310,3892049.000,175.310
2020-05-26,182.620,184.620,172.190,173.060,2240334.000,173.060
2020-05-22,181.290,185.450,179.200,182.600,1486003.000,182.600
2020-05-21,182.050,185.280,179.550,180.250,1825748.000,180.250
2020-05-20,182.330,185.790,181.500,183.840,859156.000,183.840
2020-05-19,183.160,186.270,180.600,181.280,1351154.000,181.280
2020-05-18,187.770,189.500,180.210,182.160,1579954.000,182.160
2020-05-15,180.000,190.210,179.120,186.500,3521057.000,186.500
2020-05-14,173.300,180.440,172.150,179.790,1410975.000,179.790
2020-05-13,176.150,178.380,170.730,175.760,1535775.000,175.760
2020-05-12,177.800,181.180,172.092,176.000,1554119.000,176.000
2020-05-11,176.290,180.460,174.000,176.600,1266932.000,176.600
2020-05-08,179.920,182.597,175.050,176.190,1824173.000,176.190
2020-05-07,174.980,180.644,174.405,179.780,2260287.000,179.780
2020-05-06,170.580,176.150,168.540,172.920,2008476.000,172.920
2020-05-05,164.150,173.870,164.130,169.580,3366664.000,169.580
2020-05-04,151.720,163.690,151.400,163.130,3260524.000,163.130
2020-05-01,150.000,157.250,146.060,154.590,2339300.000,154.590
2020-04-30,155.190,158.790,153.120,155.490,2503423.000,155.490
2020-04-29,151.500,153.180,148.337,152.730,1716467.000,152.730
2020-04-28,153.710,154.922,146.378,148.610,1484744.000,148.610
2020-04-27,154.790,158.979,150.800,151.870,1587492.000,151.870
2020-04-24,149.800,152.624,148.310,152.320,956777.000,152.320
2020-04-23,149.010,153.120,148.630,149.390,1374347.000,149.390
2020-04-22,150.880,152.000,149.020,149.200,1145732.000,149.200
2020-04-21,152.000,154.133,143.866,148.200,2143935.000,148.200
2020-04-20,151.430,155.980,151.430,152.630,1555813.000,152.630
2020-04-17,149.500,153.040,147.375,152.250,1734834.000,152.250
2020-04-16,146.850,152.150,145.260,146.510,2137227.000,146.510
2020-04-15,142.960,146.930,139.250,143.630,1799531.000,143.630
2020-04-14,138.420,146.530,137.550,144.570,2165472.000,144.570
2020-04-13,140.010,140.174,134.760,135.300,1861129.000,135.300
2020-04-09,142.000,143.920,135.810,137.950,2201432.000,137.950
2020-04-08,133.620,141.930,129.750,140.680,2715739.000,140.680
2020-04-07,139.100,139.736,131.960,132.520,1919623.000,132.520
2020-04-06,135.680,137.560,130.370,136.860,1511519.000,136.860
2020-04-03,128.500,132.480,128.500,129.960,2320250.000,129.960
2020-04-02,132.740,134.770,126.540,129.010,1474993.000,129.010
2020-04-01,132.960,134.670,129.610,134.050,1615279.000,134.050
2020-03-31,139.860,143.000,137.110,137.260,1521719.000,137.260
2020-03-30,144.850,148.400,140.890,141.160,2274835.000,141.160
2020-03-27,146.000,147.710,141.540,142.250,1551495.000,142.250
2020-03-26,138.560,148.515,138.560,148.200,1795969.000,148.200
2020-03-25,136.060,149.700,135.510,139.160,2745078.000,139.160
2020-03-24,133.210,139.870,132.200,138.200,2475309.000,138.200
2020-03-23,125.900,134.430,120.910,128.090,2003351.000,128.090
2020-03-20,126.958,134.380,121.850,125.900,3112511.000,125.900
2020-03-19,121.590,130.560,116.510,121.560,2769383.000,121.560
2020-03-18,116.630,124.980,111.910,122.030,1810575.000,122.030
2020-03-17,123.320,128.480,119.631,124.380,2245572.000,124.380
2020-03-16,118.480,127.790,110.010,120.570,1826483.000,120.570
2020-03-13,129.260,130.390,120.030,127.940,2868299.000,127.940
2020-03-12,117.670,130.478,117.226,125.010,2241830.000,125.010
2020-03-11,132.770,133.960,122.820,130.540,3164554.000,130.540
2020-03-10,136.660,137.330,130.870,135.590,2008485.000,135.590
2020-03-09,134.580,136.000,128.530,133.000,3123723.000,133.000
2020-03-06,150.570,151.090,139.460,144.360,2462250.000,144.360
2020-03-05,151.990,155.300,149.530,152.210,1444586.000,152.210
2020-03-04,148.000,154.390,146.500,153.470,1751847.000,153.470
2020-03-03,147.540,151.570,141.160,145.720,2636950.000,145.720
2020-03-02,147.570,149.827,142.530,146.820,2051457.000,146.820
2020-02-28,137.230,145.000,137.220,144.960,2223316.000,144.960
2020-02-27,140.680,147.000,137.340,143.000,2226671.000,143.000
2020-02-26,144.130,149.940,143.750,146.500,1541507.000,146.500
2020-02-25,147.930,149.000,142.570,144.480,2088012.000,144.480
2020-02-24,138.520,147.750,136.000,147.110,2168192.000,147.110
2020-02-21,147.620,148.375,143.280,145.930,986612.000,145.930
2020-02-20,152.090,152.180,144.450,148.980,1106294.000,148.980
2020-02-19,153.930,156.120,151.300,152.050,2000284.000,152.050
2020-02-18,154.050,155.778,152.615,153.880,1620881.000,153.880
2020-02-14,153.240,154.490,151.650,154.420,1043965.000,154.420
2020-02-13,150.530,155.000,149.940,153.250,2068151.000,153.250
2020-02-12,149.460,151.590,146.610,151.540,1615097.000,151.540
2020-02-11,152.480,153.000,147.190,149.000,942543.000,149.000
2020-02-10,148.100,152.380,148.020,151.280,1404088.000,151.280
2020-02-07,148.090,150.663,146.680,148.000,1020877.000,148.000
2020-02-06,146.580,149.120,144.710,147.940,1352584.000,147.940
2020-02-05,153.010,153.700,144.520,146.580,1644391.000,146.580
2020-02-04,149.710,152.685,148.550,152.090,1523521.000,152.090
2020-02-03,146.900,149.480,144.720,149.400,918989.000,149.400
2020-01-31,149.520,149.790,146.270,147.000,991718.000,147.000
2020-01-30,146.940,151.870,146.210,149.580,1351123.000,149.580
2020-01-29,149.160,151.520,147.596,149.150,1926996.000,149.150
2020-01-28,145.020,150.000,143.710,149.270,2378398.000,149.270
2020-01-27,143.500,146.490,141.990,143.830,2569642.000,143.830
2020-01-24,145.000,150.710,140.650,146.790,8033676.000,146.790
2020-01-23,131.560,133.390,130.530,132.640,2472876.000,132.640
2020-01-22,132.600,133.858,131.350,131.460,1314356.000,131.460
2020-01-21,132.200,133.490,130.330,131.320,1077565.000,131.320
2020-01-17,135.110,135.545,132.420,132.850,2002672.000,132.850
2020-01-16,135.720,135.980,134.310,134.720,737688.000,134.720
2020-01-15,134.310,137.220,134.310,134.910,994859.000,134.910
2020-01-14,135.460,136.500,134.010,134.220,1147170.000,134.220
2020-01-13,138.590,140.490,135.150,136.070,1597533.000,136.070
2020-01-10,135.670,137.450,133.260,133.900,1243849.000,133.900
2020-01-09,131.820,135.600,131.700,135.410,2034334.000,135.410
2020-01-08,128.320,131.810,127.330,130.060,1570368.000,130.060
2020-01-07,128.230,129.200,127.325,128.150,1561288.000,128.150
2020-01-06,122.560,128.030,122.052,127.690,3583846.000,127.690
2020-01-03,121.020,123.630,120.820,123.040,1223583.000,123.040
2020-01-02,121.150,123.840,119.840,122.880,2055235.000,122.880
2019-12-31,118.750,120.430,117.810,120.340,675963.000,120.340
2019-12-30,121.120,121.440,117.208,119.330,707155.000,119.330
2019-12-27,122.410,122.500,120.520,121.120,592556.000,121.120
2019-12-26,120.200,123.340,120.020,121.700,568888.000,121.700
2019-12-24,121.340,121.380,119.380,120.520,265215.000,120.520
2019-12-23,121.320,122.783,120.680,120.750,751442.000,120.750
2019-12-20,120.940,123.300,120.400,121.090,1634834.000,121.090
2019-12-19,118.660,120.900,117.790,120.030,1427261.000,120.030
2019-12-18,119.610,120.700,117.840,118.120,1225621.000,118.120
2019-12-17,122.280,122.280,119.060,119.680,1126518.000,119.680
2019-12-16,120.000,122.160,119.170,121.220,1241542.000,121.220
2019-12-13,116.380,120.810,115.580,119.810,2078109.000,119.810
2019-12-12,118.110,118.180,114.980,116.170,1747152.000,116.170
2019-12-11,120.350,120.450,113.910,118.230,2275415.000,118.230
2019-12-10,122.700,124.750,120.340,120.800,916574.000,120.800
2019-12-09,122.890,123.890,121.100,122.800,840168.000,122.800
2019-12-06,123.240,124.550,122.250,123.360,874394.000,123.360
2019-12-05,124.000,124.710,123.000,123.950,768470.000,123.950
2019-12-04,123.520,124.070,121.120,123.470,1183074.000,123.470
2019-12-03,117.800,123.910,116.094,123.550,2111506.000,123.550
2019-12-02,126.750,126.865,118.180,120.840,2313566.000,120.840
2019-11-29,126.180,127.710,125.570,127.110,479875.000,127.110
2019-11-27,129.570,129.797,127.060,127.500,963877.000,127.500
2019-11-26,125.950,130.980,125.660,129.710,1346543.000,129.710
2019-11-25,125.590,128.480,125.550,126.510,1133528.000,126.510
2019-11-22,125.970,127.000,123.600,125.980,883272.000,125.980
2019-11-21,127.110,129.140,125.700,125.970,1432918.000,125.970
2019-11-20,125.880,129.710,125.106,127.490,1830818.000,127.490
2019-11-19,124.030,126.360,122.890,125.950,1512830.000,125.950
2019-11-18,122.000,125.860,121.640,123.940,1393017.000,123.940
2019-11-15,121.390,122.800,119.890,122.730,830051.000,122.730
2019-11-14,121.470,122.000,118.800,120.840,895226.000,120.840
2019-11-13,120.510,123.000,120.110,121.490,981127.000,121.490
2019-11-12,119.500,121.630,118.910,119.880,737420.000,119.880
2019-11-11,119.180,120.198,117.522,119.470,975064.000,119.470
2019-11-08,114.820,119.200,114.220,118.950,1420205.000,118.950
2019-11-07,115.370,117.120,114.070,114.700,730943.000,114.700
2019-11-06,114.670,116.140,112.830,115.250,988161.000,115.250
2019-11-05,118.370,118.370,112.830,114.190,2294324.000,114.190
2019-11-04,123.020,123.970,118.260,118.370,1504412.000,118.370
2019-11-01,121.190,122.680,119.829,122.360,869742.000,122.360
2019-10-31,124.830,125.820,120.300,120.790,1954778.000,120.790
2019-10-30,120.000,126.090,119.170,124.820,2868966.000,124.820
2019-10-29,117.850,120.190,116.592,119.740,2397679.000,119.740
2019-10-28,116.830,118.730,114.260,118.330,2212226.000,118.330
2019-10-25,113.170,116.000,112.950,113.820,1748987.000,113.820
2019-10-24,109.490,113.860,109.000,113.260,2432025.000,113.260
2019-10-23,109.000,114.175,107.000,107.750,3472126.000,107.750
2019-10-22,117.050,117.510,109.090,110.100,3482492.000,110.100
2019-10-21,117.050,118.580,115.040,116.300,2560076.000,116.300
2019-10-18,121.120,121.560,109.420,116.860,10814507.000,116.860
2019-10-17,125.520,126.075,121.310,122.640,3304382.000,122.640
2019-10-16,126.880,127.380,120.410,124.280,2920545.000,124.280
2019-10-15,128.000,130.260,128.000,128.780,1551797.000,128.780
2019-10-14,127.030,129.060,126.200,127.550,1016621.000,127.550
2019-10-11,127.630,129.858,127.210,127.480,715270.000,127.480
2019-10-10,127.000,128.910,125.000,125.870,1245501.000,125.870
2019-10-09,126.120,128.490,124.180,126.740,1338585.000,126.740
2019-10-08,132.690,133.500,123.860,124.000,2548025.000,124.000
2019-10-07,131.010,133.690,130.770,132.910,1366691.000,132.910
2019-10-04,129.830,132.170,129.210,131.870,1917414.000,131.870
2019-10-03,123.120,128.530,121.620,128.090,1723688.000,128.090
2019-10-02,123.160,124.400,120.840,122.780,1261559.000,122.780
2019-10-01,125.280,126.525,122.675,124.270,1248921.000,124.270
2019-09-30,122.660,126.252,121.460,125.440,1045828.000,125.440
2019-09-27,128.260,128.450,121.590,123.030,1750206.000,123.030
2019-09-26,128.130,128.910,125.330,128.180,957559.000,128.180
2019-09-25,130.000,130.055,122.500,128.200,1829845.000,128.200
2019-09-24,136.960,137.360,129.380,129.590,3106704.000,129.590
2019-09-23,136.700,138.200,135.767,136.460,1108327.000,136.460
2019-09-20,136.080,138.470,134.840,136.870,1772875.000,136.870
2019-09-19,134.710,136.220,132.700,134.930,1065104.000,134.930
2019-09-18,132.870,134.870,130.510,134.250,1480491.000,134.250
2019-09-17,130.500,134.000,128.735,133.560,1210303.000,133.560
2019-09-16,125.810,130.650,125.170,130.390,1180902.000,130.390
2019-09-13,125.580,128.630,124.010,127.190,2044625.000,127.190
2019-09-12,123.910,128.490,123.910,125.510,1851752.000,125.510
2019-09-11,121.930,124.790,120.515,122.840,1082597.000,122.840
2019-09-10,124.000,125.640,120.210,122.250,2584745.000,122.250
2019-09-09,132.310,134.045,119.652,126.270,3455296.000,126.270
2019-09-06,134.650,137.590,131.580,132.210,2474672.000,132.210
2019-09-05,130.770,133.460,126.150,133.340,2338612.000,133.340
2019-09-04,133.360,133.420,129.640,129.830,1738850.000,129.830
2019-09-03,132.920,135.686,130.350,131.890,1222073.000,131.890
2019-08-30,138.430,139.175,130.840,134.510,1751292.000,134.510
2019-08-29,140.000,141.455,137.330,138.050,1174532.000,138.050
2019-08-28,141.750,141.750,136.650,138.270,1491612.000,138.270
2019-08-27,144.320,145.055,140.480,142.620,1057914.000,142.620
2019-08-26,141.790,143.000,140.500,142.860,556874.000,142.860
2019-08-23,141.810,146.700,140.692,141.050,938722.000,141.050
2019-08-22,143.510,145.801,141.170,143.440,785488.000,143.440
2019-08-21,142.200,145.000,141.660,143.870,817802.000,143.870
2019-08-20,140.700,143.000,140.080,142.140,536801.000,142.140
2019-08-19,143.000,143.390,138.540,141.270,1352155.000,141.270
2019-08-16,140.990,143.710,140.430,142.570,948399.000,142.570
2019-08-15,139.440,140.750,136.890,139.500,905566.000,139.500
2019-08-14,143.290,144.910,138.260,139.490,1127670.000,139.490
2019-08-13,142.760,147.005,142.500,146.700,903780.000,146.700
2019-08-12,144.560,145.280,141.690,143.680,692557.000,143.680
2019-08-09,144.480,147.590,142.300,145.990,838922.000,145.990
2019-08-08,142.700,146.050,142.500,145.120,1207218.000,145.120
2019-08-07,133.030,142.815,132.320,141.900,2390704.000,141.900
2019-08-06,135.000,139.470,134.732,135.470,1282346.000,135.470
2019-08-05,135.410,136.960,131.260,133.190,1848086.000,133.190
2019-08-02,142.980,143.071,138.760,141.200,1460513.000,141.200
2019-08-01,140.000,145.950,140.000,143.920,1638061.000,143.920
2019-07-31,136.810,141.980,136.640,140.120,2051620.000,140.120
2019-07-30,137.910,139.530,136.250,137.000,1180658.000,137.000
2019-07-29,144.000,144.640,134.110,139.050,2904275.000,139.050
2019-07-26,136.750,149.800,136.060,146.040,4440529.000,146.040
2019-07-25,134.820,136.360,130.900,134.510,1576832.000,134.510
2019-07-24,134.060,136.910,133.810,135.350,1175059.000,135.350
2019-07-23,136.720,136.740,130.780,134.060,1403610.000,134.060
2019-07-22,134.300,136.707,132.820,135.280,1099394.000,135.280
2019-07-19,137.000,137.985,134.103,134.160,993377.000,134.160
2019-07-18,136.150,136.920,134.830,136.060,855986.000,136.060
2019-07-17,137.870,140.300,136.300,136.430,1181340.000,136.430
2019-07-16,140.000,140.000,135.630,137.160,933020.000,137.160
2019-07-15,139.460,140.480,138.100,139.510,762917.000,139.510
2019-07-12,140.590,141.350,137.230,138.555,920783.000,138.555
2019-07-11,141.560,142.300,139.700,140.900,689719.000,140.900
2019-07-10,141.140,143.680,139.449,140.360,927253.000,140.360
2019-07-09,137.080,140.990,137.080,140.600,1101472.000,140.600
2019-07-08,134.450,138.480,133.610,137.930,1250808.000,137.930
2019-07-05,132.710,135.250,130.530,135.110,581790.000,135.110
2019-07-03,134.490,135.160,133.220,133.360,812339.000,133.360
2019-07-02,131.880,133.850,131.035,133.750,1024574.000,133.750
2019-07-01,133.200,133.656,129.600,131.770,1245233.000,131.770
2019-06-28,131.150,131.850,129.760,130.840,1219327.000,130.840
2019-06-27,129.010,131.240,127.990,131.040,1368395.000,131.040
2019-06-26,126.380,128.980,126.380,128.350,1407737.000,128.350
2019-06-25,130.540,130.910,123.430,125.740,1803392.000,125.740
2019-06-24,134.000,134.000,128.220,130.550,1377610.000,130.550
2019-06-21,134.050,134.530,131.800,132.870,971004.000,132.870
2019-06-20,134.890,137.450,134.300,135.050,1003304.000,135.050
2019-06-19,130.480,132.800,128.150,132.770,1105512.000,132.770
2019-06-18,132.890,133.000,129.390,129.550,843696.000,129.550
2019-06-17,130.110,131.950,129.610,130.650,704819.000,130.650
2019-06-14,129.870,131.480,129.070,129.910,806027.000,129.910
2019-06-13,131.250,131.520,128.840,130.280,938096.000,130.280
2019-06-12,129.240,130.729,127.853,128.970,1341684.000,128.970
2019-06-11,133.910,134.985,126.520,128.930,1755401.000,128.930
2019-06-10,133.450,137.780,132.600,133.000,1662028.000,133.000
2019-06-07,127.910,132.280,127.900,131.430,1269318.000,131.430
2019-06-06,126.320,128.925,125.170,127.710,827139.000,127.710
2019-06-05,124.590,126.620,121.780,126.430,1467198.000,126.430
2019-06-04,119.520,122.730,117.320,122.650,1326120.000,122.650
2019-06-03,126.240,127.210,115.870,117.300,2309951.000,117.300
2019-05-31,123.820,127.339,122.670,125.880,1073703.000,125.880
2019-05-30,124.010,126.290,124.010,126.220,908505.000,126.220
2019-05-29,124.180,125.290,122.570,123.800,1550629.000,123.800
2019-05-28,129.560,132.870,127.760,128.450,1230678.000,128.450
2019-05-24,126.800,131.000,126.720,129.520,1688689.000,129.520
2019-05-23,124.890,127.839,124.331,127.260,1827338.000,127.260
2019-05-22,124.110,128.230,123.993,126.250,1353079.000,126.250
2019-05-21,126.110,127.000,125.400,125.540,911795.000,125.540
2019-05-20,125.850,127.330,123.798,124.550,1916337.000,124.550
2019-05-17,128.940,131.990,128.000,129.150,1001813.000,129.150
2019-05-16,126.090,131.030,126.090,129.740,1596472.000,129.740
2019-05-15,122.910,127.370,122.570,126.080,1212338.000,126.080
2019-05-14,121.600,124.620,121.110,123.770,1435783.000,123.770
2019-05-13,124.710,126.778,120.630,120.780,2720368.000,120.780
2019-05-10,123.110,129.970,121.500,128.870,3709346.000,128.870
2019-05-09,116.160,125.310,115.220,125.130,4810605.000,125.130
2019-05-08,110.990,117.450,110.864,117.170,3568259.000,117.170
2019-05-07,109.650,112.000,109.630,110.670,2085118.000,110.670
2019-05-06,107.000,110.900,106.110,110.570,840981.000,110.570
2019-05-03,110.330,111.700,109.458,110.410,854334.000,110.410
2019-05-02,107.820,109.800,106.800,109.010,1108245.000,109.010
2019-05-01,110.230,110.990,108.570,108.590,1092704.000,108.590
2019-04-30,109.250,111.662,109.104,110.150,1658601.000,110.150
2019-04-29,107.930,110.700,107.800,110.050,2116224.000,110.050
2019-04-26,105.840,108.340,104.601,108.210,1129938.000,108.210
2019-04-25,104.000,106.070,102.610,106.000,1468385.000,106.000
2019-04-24,107.520,108.060,102.845,103.170,2177491.000,103.170
2019-04-23,104.250,107.100,103.870,106.720,3143154.000,106.720
2019-04-22,100.720,104.250,100.283,103.750,2528972.000,103.750
2019-04-18,101.400,105.600,100.250,101.940,7538972.000,101.940
2019-04-17,113.390,114.130,109.674,111.190,3261621.000,111.190
2019-04-16,115.090,115.610,112.220,112.970,2014279.000,112.970
2019-04-15,114.010,117.060,113.560,114.450,2094414.000,114.450
2019-04-12,115.280,115.670,112.280,112.680,1543210.000,112.680
2019-04-11,113.640,114.690,111.570,114.440,1224381.000,114.440
2019-04-10,112.150,113.700,111.830,112.740,1714198.000,112.740
2019-04-09,111.000,112.690,110.200,112.150,1194328.000,112.150
2019-04-08,111.280,112.140,108.294,112.080,1009585.000,112.080
2019-04-05,111.530,112.540,110.190,111.330,1239671.000,111.330
2019-04-04,115.600,115.600,106.750,110.220,2366651.000,110.220
2019-04-03,116.300,116.700,114.670,115.360,1102370.000,115.360
2019-04-02,114.440,116.090,112.220,115.600,980052.000,115.600
2019-04-01,114.030,115.375,111.370,113.870,1255281.000,113.870
2019-03-29,110.200,112.510,108.680,112.390,1239042.000,112.390
2019-03-28,107.080,109.870,106.600,108.460,1132254.000,108.460
2019-03-27,111.400,112.000,105.200,106.990,2086836.000,106.990
2019-03-26,111.630,112.950,110.500,111.550,727757.000,111.550
2019-03-25,109.330,110.390,107.900,109.860,890709.000,109.860
2019-03-22,114.690,115.054,109.730,109.830,1433213.000,109.830
2019-03-21,112.340,115.880,112.100,115.500,1098204.000,115.500
2019-03-20,112.640,113.900,111.278,112.830,823398.000,112.830
2019-03-19,112.210,113.400,110.310,112.420,1148285.000,112.420
2019-03-18,110.120,111.730,109.660,111.220,729522.000,111.220
2019-03-15,110.830,112.230,109.643,110.270,2235528.000,110.270
2019-03-14,109.460,112.490,109.300,110.480,1711210.000,110.480
2019-03-13,111.220,112.580,108.250,108.580,3581630.000,108.580
2019-03-12,110.060,112.450,109.050,110.940,1747996.000,110.940
2019-03-11,104.760,110.100,104.760,109.510,1533049.000,109.510
2019-03-08,102.060,105.060,100.510,104.250,1094957.000,104.250
2019-03-07,102.970,106.344,102.560,104.210,1305954.000,104.210
2019-03-06,104.250,105.000,102.300,103.500,856036.000,103.500
2019-03-05,105.330,105.330,101.290,104.430,1309837.000,104.430
2019-03-04,111.580,111.580,99.770,104.710,3863173.000,104.710
2019-03-01,108.220,111.760,107.560,110.950,1989437.000,110.950
2019-02-28,105.630,107.960,105.381,107.480,1749899.000,107.480
2019-02-27,105.300,106.650,104.791,106.330,996838.000,106.330
2019-02-26,106.020,107.010,105.450,105.880,1185362.000,105.880
2019-02-25,105.970,107.950,105.750,106.750,1390326.000,106.750
2019-02-22,102.970,105.440,102.740,105.250,968231.000,105.250
2019-02-21,103.300,103.880,101.590,103.040,949570.000,103.040
2019-02-20,104.000,105.670,102.580,104.120,1162387.000,104.120
2019-02-19,104.380,104.630,103.320,103.910,1845009.000,103.910
2019-02-15,106.150,106.150,104.120,104.900,899092.000,104.900
2019-02-14,104.740,105.780,104.110,104.810,1194446.000,104.810
2019-02-13,106.480,107.200,103.310,105.250,1131695.000,105.250
2019-02-12,104.850,106.590,104.300,106.120,1457297.000,106.120
2019-02-11,104.940,106.400,104.110,104.570,1385581.000,104.570
2019-02-08,101.320,104.952,101.200,104.340,1129677.000,104.340
2019-02-07,102.220,103.716,101.160,102.350,1180885.000,102.350
2019-02-06,102.730,104.310,101.260,103.540,1500746.000,103.540
2019-02-05,102.470,103.775,101.625,102.770,1809331.000,102.770
2019-02-04,99.080,102.850,99.070,102.180,1979943.000,102.180
2019-02-01,98.210,101.760,97.860,98.980,2084959.000,98.980
2019-01-31,95.000,100.000,94.710,98.400,2263349.000,98.400
2019-01-30,94.070,95.843,94.070,95.010,1141313.000,95.010
2019-01-29,94.390,94.800,92.421,93.220,948853.000,93.220
2019-01-28,94.420,95.120,92.530,94.720,954930.000,94.720
2019-01-25,94.500,95.990,93.714,95.860,1155334.000,95.860
2019-01-24,93.820,94.900,92.110,93.320,1211622.000,93.320
2019-01-23,92.000,94.400,90.850,93.650,2447153.000,93.650
2019-01-22,88.770,92.470,87.180,91.440,2696332.000,91.440
2019-01-18,100.000,100.000,88.550,90.670,7666895.000,90.670
2019-01-17,94.330,94.750,91.657,92.920,3504342.000,92.920
2019-01-16,95.630,96.690,93.400,94.320,1663025.000,94.320
2019-01-15,91.350,95.410,90.400,95.380,1792350.000,95.380
2019-01-14,94.180,94.718,92.851,93.710,2252077.000,93.710
2019-01-11,95.310,96.470,93.670,95.650,934995.000,95.650
2019-01-10,95.060,95.990,93.750,95.500,1174865.000,95.500
2019-01-09,95.270,96.970,94.625,95.810,1454799.000,95.810
2019-01-08,94.980,96.000,91.660,94.820,2275330.000,94.820
2019-01-07,89.050,95.800,87.700,92.710,3738763.000,92.710
2019-01-04,86.650,88.820,85.482,87.090,1836219.000,87.090
2019-01-03,87.030,88.360,84.290,84.480,1201478.000,84.480
2019-01-02,85.820,90.140,84.180,89.030,1570448.000,89.030
2018-12-31,89.230,90.880,88.200,88.980,2146879.000,88.980
2018-12-28,88.210,88.980,85.220,87.600,1410740.000,87.600
2018-12-27,83.520,87.570,82.660,87.570,966698.000,87.570
2018-12-26,79.360,85.500,79.330,85.320,1510129.000,85.320
2018-12-24,79.790,81.850,77.340,78.660,630108.000,78.660
2018-12-21,82.970,83.000,79.460,81.130,3059496.000,81.130
2018-12-20,80.240,83.850,75.550,82.250,2980396.000,82.250
2018-12-19,79.680,83.740,79.355,81.060,1688156.000,81.060
2018-12-18,81.200,81.350,78.730,79.120,1454088.000,79.120
2018-12-17,82.750,82.750,79.290,79.850,1162119.000,79.850
2018-12-14,82.870,84.920,82.010,83.190,831698.000,83.190
2018-12-13,85.000,85.680,82.810,84.250,714309.000,84.250
2018-12-12,84.830,86.750,83.800,84.050,1149863.000,84.050
2018-12-11,85.210,85.600,82.160,82.980,634250.000,82.980
2018-12-10,80.200,84.280,79.000,83.060,1170896.000,83.060
2018-12-07,83.820,84.830,78.924,80.460,1817448.000,80.460
2018-12-06,82.300,85.760,81.000,85.140,1908000.000,85.140
2018-12-04,88.700,89.820,85.010,85.720,1745426.000,85.720
2018-12-03,89.000,89.810,87.070,89.600,1840538.000,89.600
2018-11-30,84.280,87.000,84.060,85.940,1394063.000,85.940
2018-11-29,80.000,85.830,79.890,83.900,2191248.000,83.900
2018-11-28,75.470,81.500,75.470,80.700,1596325.000,80.700
2018-11-27,75.290,76.630,74.310,74.660,810746.000,74.660
2018-11-26,73.690,76.260,72.770,76.170,884591.000,76.170
2018-11-23,70.220,73.420,70.001,73.200,363927.000,73.200
2018-11-21,73.110,73.210,70.091,72.130,827748.000,72.130
2018-11-20,66.040,70.570,65.170,70.220,1871179.000,70.220
2018-11-19,75.480,75.750,68.940,69.310,2160636.000,69.310
2018-11-16,75.270,76.680,74.530,75.950,876782.000,75.950
2018-11-15,72.280,75.930,71.990,75.750,1262831.000,75.750
2018-11-14,74.020,74.750,71.710,72.400,899677.000,72.400
2018-11-13,74.270,74.270,70.418,73.010,1323772.000,73.010
2018-11-12,72.070,72.830,69.630,70.800,1284847.000,70.800
2018-11-09,75.020,75.457,71.910,73.290,684307.000,73.290
2018-11-08,76.820,77.260,74.725,75.950,984924.000,75.950
2018-11-07,73.640,78.000,73.095,77.610,1854138.000,77.610
2018-11-06,74.150,75.640,71.550,72.090,1117983.000,72.090
2018-11-05,76.200,77.000,73.320,74.610,772035.000,74.610
2018-11-02,77.070,78.565,75.200,76.480,1130170.000,76.480
2018-11-01,76.670,77.430,74.430,76.750,1389423.000,76.750
2018-10-31,72.500,76.660,72.060,75.910,2289873.000,75.910
2018-10-30,68.710,72.570,68.270,71.340,2255264.000,71.340
2018-10-29,71.820,72.415,67.370,68.930,1604580.000,68.930
2018-10-26,67.990,70.690,66.800,68.920,1634122.000,68.920
2018-10-25,69.290,70.655,68.000,70.430,1942561.000,70.430
2018-10-24,72.060,73.280,67.010,67.120,1984268.000,67.120
2018-10-23,71.200,72.630,69.680,72.460,2069405.000,72.460
2018-10-22,71.030,73.210,70.420,72.640,3574632.000,72.640
2018-10-19,78.000,80.860,69.560,70.180,8073011.000,70.180
2018-10-18,83.030,83.900,80.135,81.890,2485120.000,81.890
2018-10-17,83.990,84.050,81.580,83.630,1125019.000,83.630
2018-10-16,80.870,83.200,80.660,82.840,1613500.000,82.840
2018-10-15,81.710,82.140,78.612,79.780,1287276.000,79.780
2018-10-12,81.220,82.360,79.870,81.710,1667351.000,81.710
2018-10-11,76.620,81.220,76.120,78.340,2085050.000,78.340
2018-10-10,80.240,80.690,77.510,78.650,2382298.000,78.650
2018-10-09,80.680,83.850,80.512,81.290,1699982.000,81.290
2018-10-08,84.350,84.712,79.770,81.090,3316224.000,81.090
2018-10-05,86.100,87.258,84.050,85.360,1707222.000,85.360
2018-10-04,90.220,90.830,85.420,85.670,3062208.000,85.670
2018-10-03,94.000,94.590,91.760,92.900,1929542.000,92.900
2018-10-02,94.680,95.870,93.560,93.600,2521897.000,93.600
2018-10-01,97.180,98.213,94.845,95.720,1418896.000,95.720
2018-09-28,95.780,97.060,95.030,96.140,1866156.000,96.140
2018-09-27,95.120,96.449,94.800,95.890,1109664.000,95.890
2018-09-26,94.670,95.250,93.530,94.360,1130787.000,94.360
2018-09-25,92.900,94.610,92.642,94.280,930981.000,94.280
2018-09-24,89.780,93.160,88.574,92.470,1363961.000,92.470
2018-09-21,91.480,91.730,89.730,90.690,1075052.000,90.690
2018-09-20,90.000,91.500,89.470,91.320,1169639.000,91.320
2018-09-19,92.410,92.950,89.570,89.930,1498151.000,89.930
2018-09-18,91.070,93.220,90.490,92.400,1659008.000,92.400
2018-09-17,94.490,94.500,90.640,91.110,1411880.000,91.110
2018-09-14,93.580,95.000,92.850,94.180,1176665.000,94.180
2018-09-13,91.750,94.720,91.330,93.420,1879179.000,93.420
2018-09-12,90.130,90.920,86.950,89.580,1046399.000,89.580
2018-09-11,88.090,90.770,87.250,90.490,876952.000,90.490
2018-09-10,87.960,88.548,85.435,87.960,1192625.000,87.960
2018-09-07,86.460,88.650,84.462,87.010,1816654.000,87.010
2018-09-06,87.980,88.490,86.550,86.680,1830474.000,86.680
2018-09-05,92.260,92.260,86.740,87.610,2246631.000,87.610
2018-09-04,90.200,92.240,89.601,91.900,1563405.000,91.900
2018-08-31,89.000,91.420,88.365,90.010,1333794.000,90.010
2018-08-30,89.020,90.310,88.670,89.290,1350921.000,89.290
2018-08-29,87.850,89.760,87.850,89.470,1647671.000,89.470
2018-08-28,86.760,88.050,86.540,87.660,1796242.000,87.660
2018-08-27,86.030,87.480,85.060,86.540,2420784.000,86.540
2018-08-24,82.520,86.130,82.520,86.110,2064061.000,86.110
2018-08-23,79.520,82.980,79.250,82.630,1925568.000,82.630
2018-08-22,79.250,80.500,78.700,80.060,673283.000,80.060
2018-08-21,78.050,80.680,78.050,79.260,1012131.000,79.260
2018-08-20,77.630,78.680,76.790,78.250,1063345.000,78.250
2018-08-17,78.000,78.335,77.020,78.020,714244.000,78.020
2018-08-16,78.000,78.500,77.420,78.100,466357.000,78.100
2018-08-15,77.310,78.640,77.150,77.640,1309727.000,77.640
2018-08-14,78.060,78.910,76.810,78.710,870558.000,78.710
2018-08-13,78.070,79.520,77.980,78.230,763939.000,78.230
2018-08-10,77.520,78.700,77.101,78.070,865379.000,78.070
2018-08-09,76.200,78.740,75.660,78.310,1234483.000,78.310
2018-08-08,75.620,76.700,75.247,76.170,689602.000,76.170
2018-08-07,75.910,76.610,75.510,75.980,1086855.000,75.980
2018-08-06,74.350,76.130,74.310,75.550,1518398.000,75.550
2018-08-03,75.200,75.200,73.314,74.120,934726.000,74.120
2018-08-02,73.000,75.555,72.865,74.920,1059293.000,74.920
2018-08-01,72.500,74.555,72.410,73.290,1364645.000,73.290
2018-07-31,70.780,73.810,70.500,72.410,2057834.000,72.410
2018-07-30,73.000,75.000,69.130,71.080,2577271.000,71.080
2018-07-27,77.930,79.820,72.500,73.840,7461890.000,73.840
2018-07-26,66.090,67.770,65.330,66.830,1460314.000,66.830
2018-07-25,64.780,67.120,64.780,67.050,803042.000,67.050
2018-07-24,67.110,67.110,64.430,64.490,926959.000,64.490
2018-07-23,67.490,67.980,65.511,66.400,1383235.000,66.400
2018-07-20,67.850,68.660,67.500,67.870,1198916.000,67.870
2018-07-19,68.230,68.980,67.810,67.860,702028.000,67.860
2018-07-18,67.960,68.500,67.290,68.220,589235.000,68.220
2018-07-17,66.090,68.100,65.150,67.880,671685.000,67.880
2018-07-16,67.520,68.400,66.740,66.860,670311.000,66.860
2018-07-13,68.570,68.675,67.090,67.190,1170627.000,67.190
2018-07-12,65.610,68.770,65.340,68.260,1439567.000,68.260
2018-07-11,64.010,65.600,64.000,65.330,460493.000,65.330
2018-07-10,64.890,65.250,64.102,64.700,534715.000,64.700
2018-07-09,65.740,66.370,63.610,64.780,728264.000,64.780
2018-07-06,63.300,65.400,63.205,65.230,590960.000,65.230
2018-07-05,63.020,63.870,62.500,63.400,1168344.000,63.400
2018-07-03,63.370,64.250,62.590,62.980,490184.000,62.980
2018-07-02,62.030,63.520,61.660,63.350,521845.000,63.350
2018-06-29,62.420,63.210,62.090,62.520,532093.000,62.520
2018-06-28,60.690,62.460,60.390,62.120,712890.000,62.120
2018-06-27,63.370,63.530,60.750,60.750,685795.000,60.750
2018-06-26,62.870,63.590,62.400,63.250,1106524.000,63.250
2018-06-25,63.550,63.940,61.180,62.380,1055923.000,62.380
2018-06-22,65.510,65.510,62.610,64.190,2128175.000,64.190
2018-06-21,65.800,65.970,64.390,65.590,934422.000,65.590
2018-06-20,65.640,66.127,64.940,65.530,801884.000,65.530
2018-06-19,65.590,65.590,63.220,65.040,1301388.000,65.040
2018-06-18,65.800,67.630,65.425,66.610,741465.000,66.610
2018-06-15,66.280,66.290,65.220,66.120,1125519.000,66.120
2018-06-14,66.640,67.600,66.080,66.490,966569.000,66.490
2018-06-13,66.300,67.470,65.521,66.140,791654.000,66.140
2018-06-12,64.400,66.290,64.350,66.210,1230604.000,66.210
2018-06-11,64.540,64.724,63.830,64.350,694348.000,64.350
2018-06-08,64.000,64.730,63.010,64.280,674022.000,64.280
2018-06-07,68.000,68.000,62.450,63.780,2148228.000,63.780
2018-06-06,67.100,68.749,66.560,67.820,1964189.000,67.820
2018-06-05,64.510,66.895,64.510,66.670,1917381.000,66.670
2018-06-04,64.000,64.480,62.550,64.420,2181887.000,64.420
2018-06-01,64.050,65.430,63.260,64.010,1936748.000,64.010
2018-05-31,63.450,64.800,63.040,63.790,1466493.000,63.790
2018-05-30,62.680,63.790,62.140,63.420,1319899.000,63.420
2018-05-29,62.310,62.810,60.540,62.710,2132229.000,62.710
2018-05-25,63.450,63.840,62.850,62.940,707469.000,62.940
2018-05-24,62.800,64.470,62.140,63.920,1121979.000,63.920
2018-05-23,60.880,63.040,60.880,62.940,1086229.000,62.940
2018-05-22,61.580,62.200,61.430,61.660,1006882.000,61.660
2018-05-21,63.400,64.000,60.820,61.490,1537239.000,61.490
2018-05-18,61.840,63.560,61.660,63.400,952757.000,63.400
2018-05-17,61.760,62.190,61.190,61.640,638652.000,61.640
2018-05-16,61.550,62.720,60.670,61.770,856565.000,61.770
2018-05-15,61.880,62.250,60.320,61.800,1334403.000,61.800
2018-05-14,64.880,64.950,62.330,62.480,1550659.000,62.480
2018-05-11,65.430,66.000,64.715,64.870,1477886.000,64.870
2018-05-10,64.290,65.670,64.020,65.290,1725868.000,65.290
2018-05-09,63.100,64.490,62.870,64.290,1755277.000,64.290
2018-05-08,62.140,63.590,62.110,63.180,1328193.000,63.180
2018-05-07,60.400,62.825,60.185,62.610,1613516.000,62.610
2018-05-04,58.010,60.025,57.600,59.990,1571468.000,59.990
2018-05-03,56.460,58.500,56.280,58.490,1323820.000,58.490
2018-05-02,56.370,57.000,55.930,56.470,721076.000,56.470
2018-05-01,55.600,56.260,55.110,56.240,933700.000,56.240
2018-04-30,55.480,56.350,55.150,55.980,1125778.000,55.980
2018-04-27,56.350,56.380,54.570,55.420,1011915.000,55.420
2018-04-26,55.990,56.390,55.460,56.040,1895014.000,56.040
2018-04-25,56.510,56.830,54.920,55.170,3018849.000,55.170
2018-04-24,59.400,59.490,56.700,57.210,3834590.000,57.210
2018-04-23,58.190,59.025,56.787,58.980,2357623.000,58.980
2018-04-20,54.610,59.616,54.540,58.205,9366660.000,58.205
2018-04-19,62.190,62.600,61.000,62.270,1496216.000,62.270
2018-04-18,61.150,62.780,60.540,62.070,1105147.000,62.070
2018-04-17,61.000,62.750,60.960,62.060,947580.000,62.060
2018-04-16,60.870,61.580,60.010,60.680,817526.000,60.680
2018-04-13,61.090,61.255,59.950,60.250,1209632.000,60.250
2018-04-12,58.910,60.840,58.320,60.640,1484201.000,60.640
2018-04-11,56.580,59.820,56.355,58.660,1402113.000,58.660
2018-04-10,57.040,57.430,55.300,56.990,721272.000,56.990
2018-04-09,55.480,56.910,55.240,55.900,853877.000,55.900
2018-04-06,55.480,56.260,53.960,54.590,883925.000,54.590
2018-04-05,56.910,57.340,55.664,55.970,826188.000,55.970
2018-04-04,52.000,56.230,51.760,56.110,2386789.000,56.110
2018-04-03,54.470,54.850,52.940,53.210,910877.000,53.210
2018-04-02,53.540,54.240,53.011,53.780,878659.000,53.780
2018-03-29,52.550,54.490,52.070,53.920,970867.000,53.920
2018-03-28,53.500,53.500,50.840,52.160,2011107.000,52.160
2018-03-27,57.200,57.620,53.680,54.010,762803.000,54.010
2018-03-26,56.500,56.991,55.141,56.620,957255.000,56.620
2018-03-23,57.530,58.060,55.330,55.360,975073.000,55.360
2018-03-22,57.350,58.860,56.000,57.510,924324.000,57.510
2018-03-21,59.420,59.940,58.110,58.320,1027585.000,58.320
2018-03-20,58.600,59.450,58.540,59.160,775642.000,59.160
2018-03-19,59.180,59.740,58.080,58.570,580166.000,58.570
2018-03-16,59.530,59.660,58.840,59.260,528124.000,59.260
2018-03-15,60.070,60.190,59.060,59.560,711601.000,59.560
2018-03-14,60.270,60.660,58.340,59.980,950211.000,59.980
2018-03-13,62.140,62.250,59.580,59.830,721540.000,59.830
2018-03-12,61.640,62.171,60.470,61.800,741720.000,61.800
2018-03-09,60.040,61.440,60.040,61.260,727870.000,61.260
2018-03-08,60.280,60.860,59.680,59.790,597892.000,59.790
2018-03-07,58.500,60.320,58.325,59.770,1238546.000,59.770
2018-03-06,59.130,59.810,58.510,59.140,846781.000,59.140
2018-03-05,58.300,59.100,56.950,58.580,1311701.000,58.580
2018-03-02,53.780,58.450,53.010,58.170,1978299.000,58.170
2018-03-01,54.570,54.909,52.600,54.190,985500.000,54.190
2018-02-28,52.810,55.420,52.810,54.290,1294836.000,54.290
2018-02-27,52.530,53.460,52.001,52.910,554447.000,52.910
2018-02-26,53.290,53.760,52.610,52.770,593249.000,52.770
2018-02-23,52.350,53.340,50.580,53.270,921513.000,53.270
2018-02-22,55.320,55.450,51.760,52.410,1361528.000,52.410
2018-02-21,54.220,57.470,54.100,55.450,2034485.000,55.450
2018-02-20,52.450,54.490,52.010,54.260,1469533.000,54.260
2018-02-16,52.970,54.690,52.730,53.230,733434.000,53.230
2018-02-15,52.240,52.950,51.900,52.920,452111.000,52.920
2018-02-14,51.290,52.320,50.110,52.090,666853.000,52.090
2018-02-13,51.130,51.990,50.900,51.800,403990.000,51.800
2018-02-12,50.290,51.529,50.060,51.220,597775.000,51.220
2018-02-09,49.570,50.670,47.740,50.190,907571.000,50.190
2018-02-08,51.800,52.005,48.710,48.860,1023598.000,48.860
2018-02-07,51.780,52.940,51.750,51.790,615499.000,51.790
2018-02-06,49.790,52.112,49.010,52.020,986308.000,52.020
2018-02-05,51.930,53.060,48.780,51.230,1037713.000,51.230
2018-02-02,53.060,53.125,52.240,52.720,914408.000,52.720
2018-02-01,53.470,54.350,52.430,53.260,687400.000,53.260
2018-01-31,53.780,54.530,53.360,53.990,606377.000,53.990
2018-01-30,53.810,54.660,53.101,53.390,791525.000,53.390
2018-01-29,53.650,55.050,53.160,54.740,1134354.000,54.740
2018-01-26,53.640,53.930,53.200,53.850,801461.000,53.850
2018-01-25,52.850,53.420,52.240,53.090,844265.000,53.090
2018-01-24,53.930,54.000,52.110,52.770,1125645.000,52.770
2018-01-23,51.920,54.060,51.260,53.930,1261365.000,53.930
2018-01-22,52.600,53.000,50.930,52.260,1631079.000,52.260
2018-01-19,53.310,55.170,51.550,53.070,3658558.000,53.070
2018-01-18,55.910,55.910,53.560,55.600,2247241.000,55.600
2018-01-17,53.310,55.210,53.040,54.870,1736895.000,54.870
2018-01-16,53.380,55.250,51.770,52.820,1982636.000,52.820
2018-01-12,52.040,52.740,51.320,52.570,592942.000,52.570
2018-01-11,51.150,52.070,50.660,52.040,463233.000,52.040
2018-01-10,52.220,52.470,50.540,51.050,1134861.000,51.050
2018-01-09,52.310,52.850,51.080,52.720,912616.000,52.720
2018-01-08,51.890,52.600,51.270,51.910,686803.000,51.910
2018-01-05,51.620,52.430,51.600,51.870,1112242.000,51.870
2018-01-04,51.060,52.040,50.630,51.600,2042843.000,51.600
2018-01-03,47.320,50.711,47.320,50.400,2123124.000,50.400
2018-01-02,45.940,47.350,45.610,47.060,836758.000,47.060
2017-12-29,46.200,46.290,45.460,45.520,508520.000,45.520
2017-12-28,46.350,46.350,45.470,46.040,487607.000,46.040
2017-12-27,46.400,46.670,46.100,46.140,441368.000,46.140
2017-12-26,46.050,46.740,45.385,46.490,422617.000,46.490
2017-12-22,46.500,46.500,45.530,46.260,504570.000,46.260
2017-12-21,46.610,46.940,46.080,46.410,547565.000,46.410
2017-12-20,47.050,47.180,45.530,46.690,611703.000,46.690
2017-12-19,46.870,46.970,46.140,46.870,686425.000,46.870
2017-12-18,47.500,47.510,46.000,46.810,1264174.000,46.810
2017-12-15,45.440,47.060,45.055,47.030,1614618.000,47.030
2017-12-14,46.040,46.620,45.280,45.430,467454.000,45.430
2017-12-13,45.510,46.440,45.500,45.980,498477.000,45.980
2017-12-12,47.000,47.200,45.420,45.460,769802.000,45.460
2017-12-11,46.830,47.670,46.535,47.110,745443.000,47.110
2017-12-08,45.790,46.550,45.740,46.460,755474.000,46.460
2017-12-07,45.420,45.810,45.010,45.520,585533.000,45.520
2017-12-06,44.820,45.460,44.520,45.170,590470.000,45.170
2017-12-05,43.880,46.030,43.110,44.970,919684.000,44.970
2017-12-04,47.530,48.000,44.270,44.280,1709322.000,44.280
2017-12-01,46.790,47.460,46.082,47.010,1033584.000,47.010
2017-11-30,47.090,47.470,46.031,46.690,1047732.000,46.690
2017-11-29,50.750,50.965,46.245,46.590,2289007.000,46.590
2017-11-28,51.810,51.936,50.550,51.190,702762.000,51.190
2017-11-27,52.290,52.310,51.220,51.550,858259.000,51.550
2017-11-24,52.100,52.535,51.310,52.230,324861.000,52.230
2017-11-22,52.110,52.110,51.320,51.740,509936.000,51.740
2017-11-21,50.900,52.510,50.520,52.210,905666.000,52.210
2017-11-20,52.210,52.255,50.870,50.900,1235065.000,50.900
2017-11-17,52.380,52.920,51.900,52.370,846119.000,52.370
2017-11-16,51.940,53.450,51.940,52.430,835747.000,52.430
2017-11-15,51.720,52.180,50.900,51.900,776150.000,51.900
2017-11-14,52.260,52.840,51.770,52.380,963694.000,52.380
2017-11-13,51.900,52.370,51.260,52.270,873810.000,52.270
2017-11-10,52.290,52.820,51.920,52.400,634345.000,52.400
2017-11-09,52.280,52.460,51.280,52.330,1023885.000,52.330
2017-11-08,51.760,53.210,51.300,52.940,1216137.000,52.940
2017-11-07,52.270,52.489,50.780,51.810,1097630.000,51.810
2017-11-06,50.980,52.090,49.860,52.060,1615379.000,52.060
2017-11-03,49.570,51.770,48.800,50.990,2128286.000,50.990
2017-11-02,48.610,50.480,48.180,49.430,2227435.000,49.430
2017-11-01,48.235,48.760,46.930,48.690,1261833.000,48.690
2017-10-31,48.270,49.160,47.540,48.370,1097577.000,48.370
2017-10-30,46.920,48.535,46.600,48.310,1028437.000,48.310
2017-10-27,48.020,48.376,46.400,47.030,1260029.000,47.030
2017-10-26,48.080,48.740,47.580,47.910,817656.000,47.910
2017-10-25,49.270,49.270,46.811,48.260,1700033.000,48.260
2017-10-24,48.550,49.560,48.000,49.280,1320079.000,49.280
2017-10-23,48.660,49.070,47.470,49.000,3398377.000,49.000
2017-10-20,45.980,50.880,41.930,50.170,7226675.000,50.170
2017-10-19,39.490,40.300,39.060,40.250,1311280.000,40.250
2017-10-18,39.750,39.940,39.470,39.810,631976.000,39.810
2017-10-17,39.610,39.970,39.330,39.750,992239.000,39.750
2017-10-16,39.820,40.000,39.210,39.550,758868.000,39.550
2017-10-13,40.460,40.460,39.240,39.640,685907.000,39.640
2017-10-12,40.400,40.660,40.101,40.330,746326.000,40.330
2017-10-11,39.890,40.950,39.870,40.390,1326662.000,40.390
2017-10-10,39.660,40.430,39.650,39.770,1857828.000,39.770
2017-10-09,38.800,40.000,38.630,39.590,1505377.000,39.590
2017-10-06,38.120,38.870,37.470,38.670,990019.000,38.670
2017-10-05,37.870,38.340,37.720,38.150,896292.000,38.150
2017-10-04,36.580,38.000,36.520,37.890,1288692.000,37.890
2017-10-03,36.410,36.930,36.090,36.650,868660.000,36.650
2017-10-02,35.000,36.290,35.000,36.250,715715.000,36.250
2017-09-29,34.520,35.160,34.400,35.150,499074.000,35.150
2017-09-28,34.310,34.720,34.230,34.490,365918.000,34.490
2017-09-27,34.160,34.400,33.920,34.300,280242.000,34.300
2017-09-26,34.530,34.640,33.610,33.940,825040.000,33.940
2017-09-25,35.110,35.430,33.830,34.230,724652.000,34.230
2017-09-22,35.160,35.320,34.850,35.170,475158.000,35.170
2017-09-21,36.310,36.475,34.880,35.160,554592.000,35.160
2017-09-20,36.470,36.745,35.710,36.070,790905.000,36.070
2017-09-19,36.500,36.500,35.920,36.420,630841.000,36.420
2017-09-18,36.130,36.450,35.480,36.390,467677.000,36.390
2017-09-15,36.630,36.730,35.830,36.150,686039.000,36.150
2017-09-14,33.930,36.620,33.820,36.550,1195151.000,36.550
2017-09-13,33.880,34.030,33.160,33.820,733934.000,33.820
2017-09-12,34.830,34.860,33.660,33.800,582021.000,33.800
2017-09-11,36.000,36.000,34.480,35.030,381472.000,35.030
2017-09-08,34.550,34.630,34.190,34.350,286033.000,34.350
2017-09-07,34.590,34.780,34.410,34.490,298925.000,34.490
2017-09-06,35.060,35.070,34.320,34.390,259524.000,34.390
2017-09-05,34.960,34.960,34.250,34.900,304568.000,34.900
2017-09-01,35.530,35.660,34.840,34.900,345150.000,34.900
2017-08-31,35.430,35.660,34.930,35.600,486282.000,35.600
2017-08-30,34.530,35.560,34.340,35.530,447357.000,35.530
2017-08-29,34.340,34.970,34.270,34.610,420370.000,34.610
2017-08-28,34.700,34.820,33.940,34.680,471482.000,34.680
2017-08-25,35.190,35.294,34.460,34.640,497797.000,34.640
2017-08-24,35.750,35.820,34.680,35.220,547147.000,35.220
2017-08-23,35.570,36.220,35.450,35.750,288748.000,35.750
2017-08-22,36.370,36.408,35.390,35.900,436610.000,35.900
2017-08-21,36.220,36.485,34.940,36.170,904011.000,36.170
2017-08-18,36.920,36.920,36.240,36.340,427212.000,36.340
2017-08-17,37.260,37.330,36.690,36.910,603293.000,36.910
2017-08-16,36.390,37.670,36.140,37.460,705301.000,37.460
2017-08-15,35.980,36.390,35.690,36.370,423493.000,36.370
2017-08-14,35.630,36.000,35.560,35.980,330276.000,35.980
2017-08-11,35.070,35.470,34.480,35.460,421775.000,35.460
2017-08-10,35.250,35.300,34.540,34.780,829129.000,34.780
2017-08-09,35.000,35.460,34.830,35.440,552573.000,35.440
2017-08-08,35.300,35.370,35.040,35.150,295592.000,35.150
2017-08-07,35.510,35.510,34.910,35.430,423297.000,35.430
2017-08-04,35.000,35.360,34.760,35.330,315928.000,35.330
2017-08-03,34.650,35.230,34.510,35.040,723945.000,35.040
2017-08-02,36.370,36.500,34.440,34.500,858004.000,34.500
2017-08-01,35.820,36.320,35.330,36.290,760705.000,36.290
2017-07-31,36.930,36.930,35.350,35.820,1378917.000,35.820
2017-07-28,37.210,37.360,35.090,37.140,1582337.000,37.140
2017-07-27,39.000,39.250,37.128,37.970,1001811.000,37.970
2017-07-26,38.000,38.990,37.420,38.840,686196.000,38.840
2017-07-25,36.940,38.490,36.940,38.000,1111187.000,38.000
2017-07-24,35.420,36.490,35.420,36.410,400809.000,36.410
2017-07-21,35.970,36.300,35.490,35.750,210886.000,35.750
2017-07-20,36.290,36.290,35.610,35.980,316640.000,35.980
2017-07-19,35.550,36.360,35.350,36.260,334694.000,36.260
2017-07-18,35.670,35.670,35.260,35.430,332301.000,35.430
2017-07-17,35.750,35.790,35.410,35.650,214893.000,35.650
2017-07-14,35.720,35.750,35.270,35.650,231778.000,35.650
2017-07-13,36.300,36.430,35.490,35.530,258204.000,35.530
2017-07-12,35.760,36.400,35.590,36.240,364693.000,36.240
2017-07-11,35.160,35.560,34.890,35.340,517668.000,35.340
2017-07-10,35.310,35.583,34.990,35.320,282546.000,35.320
2017-07-07,34.730,35.820,34.610,35.310,471528.000,35.310
2017-07-06,34.400,35.020,34.245,34.620,594552.000,34.620
2017-07-05,34.200,34.790,34.075,34.680,566195.000,34.680
2017-07-03,35.250,35.300,33.340,34.160,539438.000,34.160
2017-06-30,35.270,35.670,34.910,35.180,295322.000,35.180
2017-06-29,36.010,36.010,34.750,35.180,590932.000,35.180
2017-06-28,35.850,36.250,35.450,36.100,340223.000,36.100
2017-06-27,35.910,36.480,35.540,35.670,561459.000,35.670
2017-06-26,36.010,36.390,35.580,35.930,635733.000,35.930
2017-06-23,35.300,36.270,35.000,36.000,3442072.000,36.000
2017-06-22,34.720,35.450,34.640,35.300,489232.000,35.300
2017-06-21,34.800,35.010,34.330,34.800,408465.000,34.800
2017-06-20,34.810,34.970,34.390,34.600,487538.000,34.600
2017-06-19,34.940,35.250,34.520,34.850,401883.000,34.850
2017-06-16,34.780,34.820,34.260,34.790,483391.000,34.790
2017-06-15,34.340,34.710,34.065,34.640,434053.000,34.640
2017-06-14,34.820,35.240,34.220,34.630,360587.000,34.630
2017-06-13,34.790,35.350,34.450,34.630,563703.000,34.630
2017-06-12,34.510,34.890,32.580,34.570,1014287.000,34.570
2017-06-09,37.390,37.500,34.307,34.620,901350.000,34.620
2017-06-08,37.050,37.270,36.590,37.210,733524.000,37.210
2017-06-07,37.780,37.900,36.570,36.870,824739.000,36.870
2017-06-06,36.770,37.830,36.600,37.710,825977.000,37.710
2017-06-05,36.700,37.148,36.630,36.860,481432.000,36.860
2017-06-02,36.610,36.760,36.260,36.740,284647.000,36.740
2017-06-01,35.860,36.520,35.620,36.510,531076.000,36.510
2017-05-31,35.670,35.760,35.200,35.760,449983.000,35.760
2017-05-30,35.460,35.755,35.280,35.600,494752.000,35.600
2017-05-26,35.810,35.990,35.420,35.580,639628.000,35.580
2017-05-25,35.760,36.000,35.420,35.950,677234.000,35.950
2017-05-24,35.410,35.990,35.300,35.900,735362.000,35.900
2017-05-23,35.630,35.780,35.210,35.430,941862.000,35.430
2017-05-22,35.140,35.700,34.765,35.560,839736.000,35.560
2017-05-19,35.460,35.640,35.115,35.250,1017496.000,35.250
2017-05-18,35.300,35.520,34.740,35.340,845901.000,35.340
2017-05-17,36.510,36.650,35.350,35.400,976651.000,35.400
2017-05-16,37.060,37.150,36.840,36.900,564353.000,36.900
2017-05-15,36.920,37.270,36.810,37.060,886306.000,37.060
2017-05-12,36.790,37.190,36.400,36.840,1674595.000,36.840
2017-05-11,37.000,37.120,36.461,36.930,613908.000,36.930
2017-05-10,36.790,37.420,36.600,37.180,546621.000,37.180
2017-05-09,36.830,37.060,36.650,36.840,948420.000,36.840
2017-05-08,36.920,37.040,36.530,36.820,865003.000,36.820
2017-05-05,36.480,37.010,36.030,36.810,678598.000,36.810
2017-05-04,35.360,36.890,35.130,36.530,1066352.000,36.530
2017-05-03,34.960,35.320,34.840,35.280,933369.000,35.280
2017-05-02,34.690,34.950,34.300,34.940,1150153.000,34.940
2017-05-01,33.650,34.790,32.840,34.720,1684538.000,34.720
2017-04-28,34.200,34.970,33.670,34.480,1870716.000,34.480
2017-04-27,32.660,33.570,32.550,33.470,1403945.000,33.470
2017-04-26,32.570,32.850,32.450,32.820,515252.000,32.820
2017-04-25,31.970,32.810,31.790,32.570,670743.000,32.570
2017-04-24,31.890,32.030,31.580,32.020,463484.000,32.020
2017-04-21,31.440,31.615,31.200,31.540,735928.000,31.540
2017-04-20,31.440,31.500,30.910,31.270,1040853.000,31.270
2017-04-19,31.580,31.980,31.450,31.830,534459.000,31.830
2017-04-18,31.450,31.720,31.260,31.590,411167.000,31.590
2017-04-17,31.340,31.600,31.290,31.490,340765.000,31.490
2017-04-13,31.600,31.620,31.180,31.230,560380.000,31.230
2017-04-12,31.010,31.640,31.010,31.600,580395.000,31.600
2017-04-11,31.430,31.500,30.830,31.220,739441.000,31.220
2017-04-10,31.430,31.690,31.075,31.550,537856.000,31.550
2017-04-07,31.110,31.430,31.110,31.320,685485.000,31.320
2017-04-06,30.150,31.330,30.150,31.320,1167944.000,31.320
2017-04-05,30.000,30.380,29.890,30.110,647703.000,30.110
2017-04-04,29.810,30.000,29.680,29.910,353246.000,29.910
2017-04-03,29.850,30.080,29.560,29.740,548185.000,29.740
2017-03-31,29.640,30.000,29.580,29.950,322550.000,29.950
2017-03-30,29.900,30.000,29.620,29.830,612818.000,29.830
2017-03-29,29.810,29.960,29.410,29.850,434935.000,29.850
2017-03-28,29.600,30.000,29.320,29.810,382275.000,29.810
2017-03-27,29.300,29.760,29.140,29.590,341145.000,29.590
2017-03-24,29.320,29.706,29.085,29.430,392676.000,29.430
2017-03-23,29.020,29.764,29.020,29.290,583743.000,29.290
2017-03-22,29.040,29.380,28.800,29.180,680180.000,29.180
2017-03-21,29.730,29.790,28.750,28.990,752816.000,28.990
2017-03-20,29.810,29.890,29.100,29.450,538905.000,29.450
2017-03-17,29.530,29.760,29.391,29.660,446084.000,29.660
2017-03-16,29.130,29.460,28.920,29.390,422969.000,29.390
2017-03-15,29.040,29.160,28.785,29.030,509956.000,29.030
2017-03-14,29.150,29.150,28.735,28.920,324969.000,28.920
2017-03-13,28.580,29.190,28.580,29.130,381644.000,29.130
2017-03-10,28.690,28.717,28.500,28.670,240545.000,28.670
2017-03-09,28.750,28.800,28.300,28.540,272291.000,28.540
2017-03-08,28.670,28.710,28.320,28.630,246186.000,28.630
2017-03-07,28.690,28.830,28.360,28.550,453154.000,28.550
2017-03-06,28.560,28.760,28.340,28.630,358287.000,28.630
2017-03-03,28.660,28.890,28.400,28.790,381403.000,28.790
2017-03-02,28.830,28.970,28.530,28.600,572570.000,28.600
2017-03-01,28.730,28.990,28.250,28.930,412826.000,28.930
2017-02-28,28.540,29.000,28.390,28.440,556439.000,28.440
2017-02-27,29.060,29.200,28.730,28.820,457093.000,28.820
2017-02-24,29.390,29.390,29.060,29.270,253189.000,29.270
2017-02-23,29.350,29.625,29.310,29.500,398473.000,29.500
2017-02-22,30.060,30.240,29.280,29.420,523980.000,29.420
2017-02-21,29.790,30.240,29.530,30.050,717425.000,30.050
2017-02-17,28.960,29.900,28.760,29.890,614086.000,29.890
2017-02-16,29.470,29.590,28.880,29.160,393456.000,29.160
2017-02-15,28.900,29.740,28.846,29.620,580554.000,29.620
2017-02-14,28.950,29.000,28.750,28.960,351771.000,28.960
2017-02-13,28.640,28.990,28.500,28.920,429117.000,28.920
2017-02-10,28.210,28.820,28.102,28.640,526719.000,28.640
2017-02-09,28.110,28.380,27.957,28.260,426033.000,28.260
2017-02-08,27.980,28.190,27.680,28.110,237631.000,28.110
2017-02-07,28.000,28.100,27.810,28.000,272912.000,28.000
2017-02-06,27.960,27.980,27.720,27.930,237927.000,27.930
2017-02-03,28.060,28.370,27.850,28.160,400976.000,28.160
2017-02-02,28.000,28.185,27.620,28.140,518028.000,28.140
2017-02-01,27.570,28.190,27.330,28.020,857287.000,28.020
2017-01-31,27.390,27.700,27.070,27.630,664768.000,27.630
2017-01-30,27.510,27.690,26.970,27.610,449356.000,27.610
2017-01-27,27.810,27.970,27.520,27.760,643887.000,27.760
2017-01-26,27.860,27.990,27.620,27.770,508933.000,27.770
2017-01-25,28.690,28.690,27.680,27.850,1066506.000,27.850
2017-01-24,27.520,28.100,27.380,27.930,666410.000,27.930
2017-01-23,27.780,27.970,27.230,27.640,1493610.000,27.640
2017-01-20,27.210,28.140,26.960,28.030,2014839.000,28.030
2017-01-19,27.350,27.510,27.140,27.420,921767.000,27.420
2017-01-18,26.880,27.450,26.620,27.200,1101526.000,27.200
2017-01-17,26.820,26.870,26.428,26.630,679038.000,26.630
2017-01-13,26.920,26.980,26.480,26.910,564770.000,26.910
2017-01-12,26.030,26.840,26.010,26.810,1214291.000,26.810
2017-01-11,25.280,26.080,25.160,26.000,677800.000,26.000
2017-01-10,25.030,25.380,24.950,25.240,495533.000,25.240
2017-01-09,24.730,25.120,24.710,25.030,510551.000,25.030
2017-01-06,25.070,25.250,24.634,24.720,931575.000,24.720
2017-01-05,25.160,25.580,24.710,24.970,594893.000,24.970
2017-01-04,24.750,25.610,24.714,25.150,556533.000,25.150
2017-01-03,24.320,24.730,24.200,24.600,487853.000,24.600
2016-12-30,24.340,24.390,23.960,24.080,537814.000,24.080
2016-12-29,24.270,24.480,24.150,24.260,525377.000,24.260
2016-12-28,24.360,24.440,23.930,24.250,598624.000,24.250
2016-12-27,24.410,26.020,24.060,24.310,714996.000,24.310
2016-12-23,24.110,24.368,23.910,24.130,318566.000,24.130
2016-12-22,24.340,24.395,23.853,24.050,1358119.000,24.050
2016-12-21,24.650,24.740,23.880,24.330,1174250.000,24.330
2016-12-20,24.080,24.730,24.000,24.610,1230375.000,24.610
2016-12-19,25.240,25.240,23.800,24.070,1835331.000,24.070
2016-12-16,24.640,24.830,24.120,24.190,1379233.000,24.190
2016-12-15,24.940,25.180,24.540,24.650,1157369.000,24.650
2016-12-14,25.300,25.500,24.840,24.890,1046933.000,24.890
2016-12-13,25.640,25.790,25.230,25.280,1030080.000,25.280
2016-12-12,26.310,26.660,25.500,25.640,580281.000,25.640
2016-12-09,26.710,26.990,26.375,26.550,825843.000,26.550
2016-12-08,26.180,26.560,25.670,26.530,439430.000,26.530
2016-12-07,25.650,26.270,25.430,26.080,573740.000,26.080
2016-12-06,25.770,25.830,25.350,25.580,553457.000,25.580
2016-12-05,25.130,25.970,25.000,25.590,719136.000,25.590
2016-12-02,26.710,26.720,24.490,25.230,3329742.000,25.230
2016-12-01,27.030,27.030,25.860,26.120,1186908.000,26.120
2016-11-30,27.510,27.520,26.750,27.140,1558461.000,27.140
2016-11-29,27.120,28.084,27.080,27.610,780087.000,27.610
2016-11-28,27.110,27.750,27.050,27.220,549949.000,27.220
2016-11-25,27.500,27.550,27.110,27.420,219344.000,27.420
2016-11-23,27.360,27.660,27.000,27.410,755627.000,27.410
2016-11-22,27.850,27.850,27.050,27.340,586135.000,27.340
2016-11-21,28.710,28.849,27.720,27.910,825633.000,27.910
2016-11-18,29.190,29.385,28.570,28.760,955819.000,28.760
2016-11-17,28.590,29.400,28.380,29.360,594632.000,29.360
2016-11-16,27.910,28.560,27.630,28.550,1111082.000,28.550
2016-11-15,27.720,28.000,27.160,27.910,646458.000,27.910
2016-11-14,27.520,28.160,27.250,27.590,1665098.000,27.590
2016-11-11,27.410,27.660,27.190,27.490,562881.000,27.490
2016-11-10,27.300,27.650,27.040,27.470,904850.000,27.470
2016-11-09,26.000,27.410,25.740,27.320,881952.000,27.320
2016-11-08,27.310,27.600,27.020,27.420,943588.000,27.420
2016-11-07,27.010,27.450,26.670,27.440,856348.000,27.440
2016-11-04,26.840,27.090,26.770,26.900,593257.000,26.900
2016-11-03,27.040,27.230,26.840,26.940,656925.000,26.940
2016-11-02,27.070,27.300,26.690,27.130,974159.000,27.130
2016-11-01,26.780,27.290,26.590,27.190,2334877.000,27.190
2016-10-31,27.000,27.060,26.060,26.860,2278185.000,26.860
2016-10-28,28.020,28.040,26.840,27.200,2521574.000,27.200
2016-10-27,28.860,29.070,28.140,28.310,952777.000,28.310
2016-10-26,28.950,29.510,28.645,28.770,1108351.000,28.770
2016-10-25,29.370,29.440,28.900,29.140,447502.000,29.140
2016-10-24,29.690,29.690,29.000,29.250,241474.000,29.250
2016-10-21,28.830,29.205,28.590,29.040,466374.000,29.040
2016-10-20,29.100,29.240,28.550,28.700,392925.000,28.700
2016-10-19,29.000,29.160,28.540,29.030,279620.000,29.030
2016-10-18,28.530,28.990,28.480,28.910,452226.000,28.910
2016-10-17,28.500,28.500,28.300,28.430,391576.000,28.430
2016-10-14,28.340,28.610,27.890,28.420,437292.000,28.420
2016-10-13,27.750,28.480,27.550,28.050,434638.000,28.050
2016-10-12,28.230,28.370,27.840,28.000,535013.000,28.000
2016-10-11,28.350,28.610,28.110,28.410,715616.000,28.410
2016-10-10,28.380,28.810,28.190,28.460,399306.000,28.460
2016-10-07,28.780,28.895,28.120,28.270,465276.000,28.270
2016-10-06,29.150,29.480,28.600,28.850,344291.000,28.850
2016-10-05,29.280,29.890,28.990,29.080,487929.000,29.080
2016-10-04,29.130,29.312,28.560,28.720,817788.000,28.720
2016-10-03,29.800,30.000,28.560,29.190,713389.000,29.190
2016-09-30,30.400,30.400,29.970,29.970,579673.000,29.970
2016-09-29,31.480,31.490,29.920,30.320,1036051.000,30.320
2016-09-28,29.830,30.170,29.520,30.000,530497.000,30.000
2016-09-27,29.900,30.420,29.450,29.780,634419.000,29.780
2016-09-26,30.390,30.700,29.710,30.020,606285.000,30.020
2016-09-23,31.460,31.540,30.630,30.750,405983.000,30.750
2016-09-22,32.100,32.100,30.410,31.360,1646762.000,31.360
2016-09-21,30.450,35.160,30.180,31.900,2225527.000,31.900
2016-09-20,30.500,30.600,30.060,30.260,410009.000,30.260
2016-09-19,29.990,30.590,29.720,30.290,549816.000,30.290
2016-09-16,29.900,30.170,29.600,30.000,422352.000,30.000
2016-09-15,29.730,30.100,29.295,30.010,275896.000,30.010
2016-09-14,29.480,30.240,29.290,29.730,300600.000,29.730
2016-09-13,29.850,30.080,29.340,29.490,485276.000,29.490
2016-09-12,29.250,30.290,28.960,30.230,454312.000,30.230
2016-09-09,30.560,30.600,29.350,29.480,621094.000,29.480
2016-09-08,30.600,31.100,30.340,30.670,822750.000,30.670
2016-09-07,30.340,30.995,30.250,30.640,973078.000,30.640
2016-09-06,30.280,30.450,29.890,30.420,650414.000,30.420
2016-09-02,30.000,30.240,29.770,30.100,468309.000,30.100
2016-09-01,29.300,30.000,29.300,29.970,606922.000,29.970
2016-08-31,29.610,29.690,28.660,29.480,972681.000,29.480
2016-08-30,29.040,29.720,28.880,29.700,986207.000,29.700
2016-08-29,28.740,29.260,28.720,29.020,1002018.000,29.020
2016-08-26,28.740,29.066,28.565,28.940,647735.000,28.940
2016-08-25,28.470,29.000,28.000,28.930,515345.000,28.930
2016-08-24,28.980,29.020,28.590,28.740,403669.000,28.740
2016-08-23,28.970,29.320,28.560,28.970,669353.000,28.970
2016-08-22,29.200,29.700,28.870,28.970,440151.000,28.970
2016-08-19,29.590,29.695,28.730,29.420,1031064.000,29.420
2016-08-18,29.700,30.000,29.640,29.710,362975.000,29.710
2016-08-17,29.840,30.310,29.525,29.630,760927.000,29.630
2016-08-16,30.390,30.470,29.950,29.950,1004845.000,29.950
2016-08-15,29.850,30.540,29.820,30.330,678548.000,30.330
2016-08-12,29.920,30.010,29.450,30.000,547526.000,30.000
2016-08-11,29.900,30.330,29.670,29.980,562347.000,29.980
2016-08-10,30.150,30.370,28.280,29.950,1589145.000,29.950
2016-08-09,30.230,30.850,29.815,30.660,2017704.000,30.660
2016-08-08,31.820,31.900,29.962,30.490,3258489.000,30.490
2016-08-05,30.500,32.540,29.750,31.970,2983842.000,31.970
2016-08-04,29.990,30.140,29.900,30.040,1684939.000,30.040
2016-08-03,29.200,30.000,29.000,29.790,768132.000,29.790
2016-08-02,29.960,29.960,29.160,29.330,611669.000,29.330
2016-08-01,29.990,29.990,29.250,29.840,735368.000,29.840
2016-07-29,29.700,30.000,29.220,29.970,700953.000,29.970
2016-07-28,29.230,29.960,29.000,29.740,650552.000,29.740
2016-07-27,28.730,29.118,28.580,29.000,551008.000,29.000
2016-07-26,28.310,28.740,27.850,28.700,375703.000,28.700
2016-07-25,28.200,28.600,28.050,28.400,415907.000,28.400
2016-07-22,27.810,28.200,27.720,28.160,260055.000,28.160
2016-07-21,27.900,28.040,27.710,27.730,387391.000,27.730
2016-07-20,27.730,28.140,27.610,28.020,681405.000,28.020
2016-07-19,27.220,27.530,27.120,27.510,426917.000,27.510
2016-07-18,27.400,27.460,27.080,27.200,318151.000,27.200
2016-07-15,27.580,28.000,27.330,27.400,637281.000,27.400
2016-07-14,27.080,27.500,26.940,27.350,801124.000,27.350
2016-07-13,27.410,27.980,27.010,27.110,650512.000,27.110
2016-07-12,27.110,27.300,26.925,27.300,705277.000,27.300
2016-07-11,27.080,27.440,26.810,27.220,729468.000,27.220
2016-07-08,26.770,27.090,26.620,26.980,634554.000,26.980
2016-07-07,27.000,27.000,26.170,26.580,755481.000,26.580
2016-07-06,25.840,27.050,25.780,26.970,2231981.000,26.970
2016-07-05,25.300,26.180,25.220,26.170,1317172.000,26.170
2016-07-01,25.680,25.930,25.390,25.620,805540.000,25.620
2016-06-30,25.970,26.000,24.890,25.900,1384145.000,25.900
2016-06-29,25.630,26.190,25.350,25.810,1309899.000,25.810
2016-06-28,25.360,25.840,25.035,25.380,1407547.000,25.380
2016-06-27,25.500,25.840,24.940,24.950,3583706.000,24.950
2016-06-24,25.500,26.580,25.010,25.900,2872510.000,25.900
2016-06-23,26.040,26.840,25.940,26.780,1183160.000,26.780
2016-06-22,25.890,26.300,25.520,26.190,1246911.000,26.190
2016-06-21,26.000,26.060,25.370,25.990,1710716.000,25.990
2016-06-20,25.980,26.300,25.530,26.260,1117374.000,26.260
2016-06-17,25.500,25.970,25.190,25.810,593875.000,25.810
2016-06-16,25.540,25.980,24.718,25.500,1517242.000,25.500
2016-06-15,24.780,26.000,24.520,25.990,2122860.000,25.990
2016-06-14,24.090,24.590,23.845,24.520,1047863.000,24.520
2016-06-13,23.550,24.410,23.535,24.350,1263232.000,24.350
2016-06-10,23.520,23.850,23.230,23.840,749390.000,23.840
2016-06-09,23.560,24.170,23.441,23.990,872923.000,23.990
2016-06-08,23.560,24.000,22.970,23.790,1183273.000,23.790
2016-06-07,23.440,24.350,23.310,23.460,3263041.000,23.460
2016-06-06,24.020,24.717,23.950,24.360,269433.000,24.360
2016-06-03,24.990,24.990,24.000,24.150,393665.000,24.150
2016-06-02,23.960,25.030,23.740,24.950,728410.000,24.950
2016-06-01,22.450,23.950,22.450,23.930,506659.000,23.930
2016-05-31,22.850,22.870,22.300,22.570,387304.000,22.570
2016-05-27,22.710,22.860,22.160,22.780,300828.000,22.780
2016-05-26,22.990,23.260,22.660,22.910,292348.000,22.910
2016-05-25,22.560,23.240,22.250,23.020,418773.000,23.020
2016-05-24,22.500,23.160,22.500,22.820,642247.000,22.820
2016-05-23,22.580,22.990,22.290,22.370,567208.000,22.370
2016-05-20,21.740,22.750,21.550,22.690,427308.000,22.690
2016-05-19,21.910,22.000,21.510,21.800,800092.000,21.800
2016-05-18,21.570,22.260,21.500,22.120,343624.000,22.120
2016-05-17,21.910,22.230,21.530,21.730,186938.000,21.730
2016-05-16,21.750,22.920,21.750,22.030,251670.000,22.030
2016-05-13,21.470,22.310,21.470,21.930,275405.000,21.930
2016-05-12,21.950,22.130,21.260,21.580,324290.000,21.580
2016-05-11,21.640,22.350,21.100,22.010,887592.000,22.010
2016-05-10,21.050,22.000,20.510,21.810,657202.000,21.810
2016-05-09,21.900,22.600,20.903,21.090,519305.000,21.090
2016-05-06,22.810,23.420,21.100,21.830,1140248.000,21.830
2016-05-05,23.380,23.490,22.500,23.020,578972.000,23.020
2016-05-04,23.610,23.880,22.780,23.280,258165.000,23.280
2016-05-03,23.930,23.990,23.050,23.780,317204.000,23.780
2016-05-02,23.350,24.210,23.310,24.170,190768.000,24.170
2016-04-29,23.150,23.450,22.550,23.170,241211.000,23.170
2016-04-28,23.690,23.920,23.066,23.190,338002.000,23.190
2016-04-27,24.060,24.420,23.480,23.660,615262.000,23.660
2016-04-26,24.040,24.280,23.850,24.100,292836.000,24.100
2016-04-25,23.620,24.360,23.620,23.910,335995.000,23.910
2016-04-22,24.300,24.450,23.690,23.820,359115.000,23.820
2016-04-21,23.650,24.580,23.650,24.300,559113.000,24.300
2016-04-20,23.420,24.010,23.020,23.610,385960.000,23.610
2016-04-19,23.410,23.560,23.140,23.400,323779.000,23.400
2016-04-18,22.680,23.380,22.510,23.300,343520.000,23.300
2016-04-15,22.900,23.190,22.500,22.610,219588.000,22.610
2016-04-14,23.570,23.680,22.900,22.940,378174.000,22.940
2016-04-13,23.270,23.630,23.235,23.570,378752.000,23.570
2016-04-12,23.300,23.440,22.950,23.110,372209.000,23.110
2016-04-11,23.390,23.513,23.100,23.230,251567.000,23.230
2016-04-08,23.250,23.620,23.070,23.240,258554.000,23.240
2016-04-07,23.190,23.590,22.840,23.060,305245.000,23.060
2016-04-06,23.440,23.770,23.200,23.550,269296.000,23.550
2016-04-05,23.860,24.000,22.760,23.480,407897.000,23.480
2016-04-04,23.770,24.150,23.350,24.100,443919.000,24.100
2016-04-01,24.850,24.975,23.500,23.690,587439.000,23.690
2016-03-31,23.680,25.180,23.650,25.150,1731592.000,25.150
2016-03-30,24.050,24.790,23.680,23.740,455534.000,23.740
2016-03-29,23.830,24.238,23.710,24.110,262096.000,24.110
2016-03-28,24.000,24.420,23.690,24.010,312281.000,24.010
2016-03-24,24.570,24.600,23.280,23.820,700841.000,23.820
2016-03-23,24.750,25.070,24.195,24.630,630582.000,24.630
2016-03-22,23.770,25.020,23.675,24.690,465650.000,24.690
2016-03-21,23.400,24.270,23.070,23.920,317024.000,23.920
2016-03-18,24.330,24.650,23.200,23.240,570641.000,23.240
2016-03-17,23.980,24.670,23.735,24.420,280843.000,24.420
2016-03-16,23.630,24.370,23.410,24.190,528687.000,24.190
2016-03-15,22.510,23.590,22.300,23.500,327224.000,23.500
2016-03-14,22.970,23.200,22.501,22.730,201038.000,22.730
2016-03-11,22.360,23.570,22.210,22.970,519011.000,22.970
2016-03-10,21.800,22.740,21.240,22.220,616015.000,22.220
2016-03-09,22.550,23.770,21.580,21.770,544622.000,21.770
2016-03-08,22.850,23.010,22.290,22.360,305509.000,22.360
2016-03-07,22.980,23.870,22.490,23.030,807055.000,23.030
2016-03-04,23.240,23.399,22.450,23.020,591227.000,23.020
2016-03-03,24.040,24.490,22.850,23.000,433643.000,23.000
2016-03-02,23.450,24.190,23.232,24.160,516695.000,24.160
2016-03-01,23.860,24.250,23.160,23.600,619581.000,23.600
2016-02-29,23.130,23.990,23.100,23.770,724016.000,23.770
2016-02-26,23.470,23.670,22.810,23.300,704355.000,23.300
2016-02-25,23.010,23.555,22.370,23.535,418873.000,23.535
2016-02-24,22.340,22.670,21.690,22.560,463025.000,22.560
2016-02-23,21.880,22.600,21.880,22.510,819811.000,22.510
2016-02-22,22.100,22.990,21.900,22.110,623241.000,22.110
2016-02-19,21.590,22.680,20.920,22.130,920304.000,22.130
2016-02-18,23.240,23.930,21.890,22.000,853212.000,22.000
2016-02-17,22.330,23.680,22.320,23.350,976550.000,23.350
2016-02-16,20.400,23.770,20.400,22.180,1763172.000,22.180
2016-02-12,20.480,20.900,19.690,20.100,712187.000,20.100
2016-02-11,19.410,20.380,19.200,20.350,714633.000,20.350
2016-02-10,19.040,21.170,19.040,20.060,1251357.000,20.060
2016-02-09,17.850,19.460,17.620,18.920,1934175.000,18.920
2016-02-08,19.880,19.980,16.920,17.920,3170467.000,17.920
2016-02-05,24.000,24.060,17.550,20.190,3629774.000,20.190
2016-02-04,24.000,24.880,23.350,24.000,1618068.000,24.000
2016-02-03,21.930,24.500,21.120,23.770,550247.000,23.770
2016-02-02,21.040,21.820,20.670,21.340,641001.000,21.340
2016-02-01,20.690,21.220,20.065,21.170,753789.000,21.170
2016-01-29,20.990,21.750,20.520,20.770,1261241.000,20.770
2016-01-28,22.720,22.966,20.170,20.390,1331148.000,20.390
2016-01-27,24.020,24.665,22.130,22.280,427158.000,22.280
2016-01-26,23.680,24.200,22.580,24.010,633552.000,24.010
2016-01-25,24.500,24.636,23.450,23.670,581713.000,23.670
2016-01-22,25.110,25.325,24.270,24.610,673117.000,24.610
2016-01-21,22.720,25.080,22.030,24.240,759622.000,24.240
2016-01-20,23.210,23.660,21.620,22.630,1944764.000,22.630
2016-01-19,25.300,25.710,23.020,24.020,1739448.000,24.020
2016-01-15,26.040,26.315,24.520,25.190,1183305.000,25.190
2016-01-14,26.680,27.140,25.750,26.840,485218.000,26.840
2016-01-13,27.000,27.200,26.000,26.730,1231563.000,26.730
2016-01-12,27.200,27.427,26.640,26.820,808993.000,26.820
2016-01-11,27.100,27.500,26.950,27.120,808151.000,27.120
2016-01-08,27.060,27.760,26.930,27.170,455987.000,27.170
2016-01-07,26.550,27.319,26.460,26.970,661687.000,26.970
2016-01-06,26.460,27.230,26.020,27.050,618974.000,27.050
2016-01-05,27.910,28.000,26.270,26.770,918104.000,26.770
2016-01-04,28.940,29.030,27.200,27.410,1312092.000,27.410
2015-12-31,30.220,31.000,29.990,30.080,304976.000,30.080
2015-12-30,31.460,31.460,30.000,30.210,297455.000,30.210
2015-12-29,29.210,31.310,29.210,31.100,888170.000,31.100
2015-12-28,28.280,28.930,28.000,28.900,342620.000,28.900
2015-12-24,28.330,28.890,27.510,28.210,470834.000,28.210
2015-12-23,30.570,30.570,28.350,28.490,1071842.000,28.490
2015-12-22,30.160,30.740,29.560,30.100,954059.000,30.100
2015-12-21,28.840,29.860,28.750,29.350,876897.000,29.350
2015-12-18,27.900,28.240,27.660,28.220,945196.000,28.220
2015-12-17,26.940,28.180,26.650,28.010,626853.000,28.010
2015-12-16,26.750,26.950,26.470,26.540,484321.000,26.540
2015-12-15,26.390,26.949,26.300,26.500,1086535.000,26.500
2015-12-14,27.500,27.860,26.110,26.260,1227198.000,26.260
2015-12-11,27.850,28.500,27.480,27.500,2286063.000,27.500
2015-12-10,27.670,28.500,26.500,27.780,15009116.000,27.780
