Date,Open,High,Low,Close,Volume,Adj Close,,2023-08-14
2023-08-14,3.820,3.820,3.820,3.820,0.000,3.820
2023-08-11,3.820,3.820,3.820,3.820,0.000,3.820
2023-08-10,3.830,3.830,3.830,3.830,0.000,3.830
2023-08-09,3.830,3.830,3.830,3.830,0.000,3.830
2023-08-08,3.830,3.830,3.830,3.830,0.000,3.830
2023-08-07,3.830,3.830,3.830,3.830,0.000,3.830
2023-08-04,3.830,3.830,3.830,3.830,0.000,3.830
2023-08-03,3.820,3.820,3.820,3.820,0.000,3.820
2023-08-02,3.820,3.820,3.820,3.820,0.000,3.820
2023-08-01,3.820,3.820,3.820,3.820,0.000,3.820
2023-07-31,3.830,3.830,3.830,3.830,0.000,3.830
2023-07-28,3.820,3.820,3.820,3.820,0.000,3.820
2023-07-27,3.820,3.820,3.820,3.820,0.000,3.806
2023-07-26,3.830,3.830,3.830,3.830,0.000,3.816
2023-07-25,3.820,3.820,3.820,3.820,0.000,3.806
2023-07-24,3.820,3.820,3.820,3.820,0.000,3.806
2023-07-21,3.820,3.820,3.820,3.820,0.000,3.806
2023-07-20,3.820,3.820,3.820,3.820,0.000,3.806
2023-07-19,3.830,3.830,3.830,3.830,0.000,3.816
2023-07-18,3.830,3.830,3.830,3.830,0.000,3.816
2023-07-17,3.830,3.830,3.830,3.830,0.000,3.816
2023-07-14,3.830,3.830,3.830,3.830,0.000,3.816
2023-07-13,3.840,3.840,3.840,3.840,0.000,3.826
2023-07-12,3.830,3.830,3.830,3.830,0.000,3.816
2023-07-11,3.820,3.820,3.820,3.820,0.000,3.806
2023-07-10,3.810,3.810,3.810,3.810,0.000,3.796
2023-07-07,3.810,3.810,3.810,3.810,0.000,3.796
2023-07-06,3.810,3.810,3.810,3.810,0.000,3.796
2023-07-05,3.810,3.810,3.810,3.810,0.000,3.796
2023-07-03,3.810,3.810,3.810,3.810,0.000,3.796
2023-06-30,3.820,3.820,3.820,3.820,0.000,3.806
2023-06-29,3.820,3.820,3.820,3.820,0.000,3.791
2023-06-28,3.830,3.830,3.830,3.830,0.000,3.801
2023-06-27,3.820,3.820,3.820,3.820,0.000,3.791
2023-06-26,3.830,3.830,3.830,3.830,0.000,3.801
2023-06-23,3.830,3.830,3.830,3.830,0.000,3.801
2023-06-22,3.820,3.820,3.820,3.820,0.000,3.791
2023-06-21,3.830,3.830,3.830,3.830,0.000,3.801
2023-06-20,3.830,3.830,3.830,3.830,0.000,3.801
2023-06-16,3.830,3.830,3.830,3.830,0.000,3.801
2023-06-15,3.830,3.830,3.830,3.830,0.000,3.801
2023-06-14,3.830,3.830,3.830,3.830,0.000,3.801
2023-06-13,3.830,3.830,3.830,3.830,0.000,3.801
2023-06-12,3.830,3.830,3.830,3.830,0.000,3.801
2023-06-09,3.830,3.830,3.830,3.830,0.000,3.801
2023-06-08,3.840,3.840,3.840,3.840,0.000,3.811
2023-06-07,3.830,3.830,3.830,3.830,0.000,3.801
2023-06-06,3.840,3.840,3.840,3.840,0.000,3.811
2023-06-05,3.840,3.840,3.840,3.840,0.000,3.811
2023-06-02,3.840,3.840,3.840,3.840,0.000,3.811
2023-06-01,3.850,3.850,3.850,3.850,0.000,3.821
2023-05-31,3.840,3.840,3.840,3.840,0.000,3.811
2023-05-30,3.840,3.840,3.840,3.840,0.000,3.797
2023-05-26,3.830,3.830,3.830,3.830,0.000,3.787
2023-05-25,3.830,3.830,3.830,3.830,0.000,3.787
2023-05-24,3.840,3.840,3.840,3.840,0.000,3.797
2023-05-23,3.850,3.850,3.850,3.850,0.000,3.807
2023-05-22,3.850,3.850,3.850,3.850,0.000,3.807
2023-05-19,3.850,3.850,3.850,3.850,0.000,3.807
2023-05-18,3.850,3.850,3.850,3.850,0.000,3.807
2023-05-17,3.860,3.860,3.860,3.860,0.000,3.817
2023-05-16,3.860,3.860,3.860,3.860,0.000,3.817
2023-05-15,3.870,3.870,3.870,3.870,0.000,3.826
2023-05-12,3.870,3.870,3.870,3.870,0.000,3.826
2023-05-11,3.870,3.870,3.870,3.870,0.000,3.826
2023-05-10,3.870,3.870,3.870,3.870,0.000,3.826
2023-05-09,3.860,3.860,3.860,3.860,0.000,3.817
2023-05-08,3.870,3.870,3.870,3.870,0.000,3.826
2023-05-05,3.870,3.870,3.870,3.870,0.000,3.826
2023-05-04,3.880,3.880,3.880,3.880,0.000,3.836
2023-05-03,3.880,3.880,3.880,3.880,0.000,3.836
2023-05-02,3.870,3.870,3.870,3.870,0.000,3.826
2023-05-01,3.860,3.860,3.860,3.860,0.000,3.817
2023-04-28,3.870,3.870,3.870,3.870,0.000,3.812
2023-04-27,3.870,3.870,3.870,3.870,0.000,3.812
2023-04-26,3.880,3.880,3.880,3.880,0.000,3.822
2023-04-25,3.880,3.880,3.880,3.880,0.000,3.822
2023-04-24,3.870,3.870,3.870,3.870,0.000,3.812
2023-04-21,3.860,3.860,3.860,3.860,0.000,3.803
2023-04-20,3.860,3.860,3.860,3.860,0.000,3.803
2023-04-19,3.860,3.860,3.860,3.860,0.000,3.803
2023-04-18,3.860,3.860,3.860,3.860,0.000,3.803
2023-04-17,3.860,3.860,3.860,3.860,0.000,3.803
2023-04-14,3.870,3.870,3.870,3.870,0.000,3.812
2023-04-13,3.870,3.870,3.870,3.870,0.000,3.812
2023-04-12,3.870,3.870,3.870,3.870,0.000,3.812
2023-04-11,3.870,3.870,3.870,3.870,0.000,3.812
2023-04-10,3.870,3.870,3.870,3.870,0.000,3.812
2023-04-06,3.880,3.880,3.880,3.880,0.000,3.822
2023-04-05,3.880,3.880,3.880,3.880,0.000,3.822
2023-04-04,3.880,3.880,3.880,3.880,0.000,3.822
2023-04-03,3.870,3.870,3.870,3.870,0.000,3.812
2023-03-31,3.870,3.870,3.870,3.870,0.000,3.812
2023-03-30,3.860,3.860,3.860,3.860,0.000,3.789
2023-03-29,3.860,3.860,3.860,3.860,0.000,3.789
2023-03-28,3.860,3.860,3.860,3.860,0.000,3.789
2023-03-27,3.860,3.860,3.860,3.860,0.000,3.789
2023-03-24,3.880,3.880,3.880,3.880,0.000,3.808
2023-03-23,3.880,3.880,3.880,3.880,0.000,3.808
2023-03-22,3.870,3.870,3.870,3.870,0.000,3.799
2023-03-21,3.850,3.850,3.850,3.850,0.000,3.779
2023-03-20,3.860,3.860,3.860,3.860,0.000,3.789
2023-03-17,3.870,3.870,3.870,3.870,0.000,3.799
2023-03-16,3.850,3.850,3.850,3.850,0.000,3.779
2023-03-15,3.870,3.870,3.870,3.870,0.000,3.799
2023-03-14,3.860,3.860,3.860,3.860,0.000,3.789
2023-03-13,3.870,3.870,3.870,3.870,0.000,3.799
2023-03-10,3.850,3.850,3.850,3.850,0.000,3.779
2023-03-09,3.840,3.840,3.840,3.840,0.000,3.769
2023-03-08,3.830,3.830,3.830,3.830,0.000,3.759
2023-03-07,3.830,3.830,3.830,3.830,0.000,3.759
2023-03-06,3.840,3.840,3.840,3.840,0.000,3.769
2023-03-03,3.840,3.840,3.840,3.840,0.000,3.769
2023-03-02,3.840,3.840,3.840,3.840,0.000,3.769
2023-03-01,3.840,3.840,3.840,3.840,0.000,3.769
2023-02-28,3.840,3.840,3.840,3.840,0.000,3.769
2023-02-27,3.840,3.840,3.840,3.840,0.000,3.757
2023-02-24,3.840,3.840,3.840,3.840,0.000,3.757
2023-02-23,3.850,3.850,3.850,3.850,0.000,3.767
2023-02-22,3.850,3.850,3.850,3.850,0.000,3.767
2023-02-21,3.850,3.850,3.850,3.850,0.000,3.767
2023-02-17,3.860,3.860,3.860,3.860,0.000,3.776
2023-02-16,3.860,3.860,3.860,3.860,0.000,3.776
2023-02-15,3.860,3.860,3.860,3.860,0.000,3.776
2023-02-14,3.860,3.860,3.860,3.860,0.000,3.776
2023-02-13,3.860,3.860,3.860,3.860,0.000,3.776
2023-02-10,3.860,3.860,3.860,3.860,0.000,3.776
2023-02-09,3.870,3.870,3.870,3.870,0.000,3.786
2023-02-08,3.870,3.870,3.870,3.870,0.000,3.786
2023-02-07,3.870,3.870,3.870,3.870,0.000,3.786
2023-02-06,3.870,3.870,3.870,3.870,0.000,3.786
2023-02-03,3.880,3.880,3.880,3.880,0.000,3.796
2023-02-02,3.890,3.890,3.890,3.890,0.000,3.806
2023-02-01,3.890,3.890,3.890,3.890,0.000,3.806
2023-01-31,3.880,3.880,3.880,3.880,0.000,3.796
2023-01-30,3.870,3.870,3.870,3.870,0.000,3.773
2023-01-27,3.880,3.880,3.880,3.880,0.000,3.783
2023-01-26,3.880,3.880,3.880,3.880,0.000,3.783
2023-01-25,3.880,3.880,3.880,3.880,0.000,3.783
2023-01-24,3.880,3.880,3.880,3.880,0.000,3.783
2023-01-23,3.870,3.870,3.870,3.870,0.000,3.773
2023-01-20,3.880,3.880,3.880,3.880,0.000,3.783
2023-01-19,3.880,3.880,3.880,3.880,0.000,3.783
2023-01-18,3.880,3.880,3.880,3.880,0.000,3.783
2023-01-17,3.870,3.870,3.870,3.870,0.000,3.773
2023-01-13,3.870,3.870,3.870,3.870,0.000,3.773
2023-01-12,3.870,3.870,3.870,3.870,0.000,3.773
2023-01-11,3.870,3.870,3.870,3.870,0.000,3.773
2023-01-10,3.860,3.860,3.860,3.860,0.000,3.764
2023-01-09,3.860,3.860,3.860,3.860,0.000,3.764
2023-01-06,3.860,3.860,3.860,3.860,0.000,3.764
2023-01-05,3.850,3.850,3.850,3.850,0.000,3.754
2023-01-04,3.850,3.850,3.850,3.850,0.000,3.754
2023-01-03,3.850,3.850,3.850,3.850,0.000,3.754
2022-12-30,3.840,3.840,3.840,3.840,0.000,3.732
2022-12-29,3.850,3.850,3.850,3.850,0.000,3.741
2022-12-28,3.850,3.850,3.850,3.850,0.000,3.741
2022-12-27,3.850,3.850,3.850,3.850,0.000,3.741
2022-12-23,3.850,3.850,3.850,3.850,0.000,3.741
2022-12-22,3.850,3.850,3.850,3.850,0.000,3.741
2022-12-21,3.860,3.860,3.860,3.860,0.000,3.751
2022-12-20,3.850,3.850,3.850,3.850,0.000,3.741
2022-12-19,3.860,3.860,3.860,3.860,0.000,3.751
2022-12-16,3.860,3.860,3.860,3.860,0.000,3.751
2022-12-15,3.860,3.860,3.860,3.860,0.000,3.751
2022-12-14,3.860,3.860,3.860,3.860,0.000,3.751
2022-12-13,3.860,3.860,3.860,3.860,0.000,3.751
2022-12-12,3.850,3.850,3.850,3.850,0.000,3.741
2022-12-09,3.850,3.850,3.850,3.850,0.000,3.741
2022-12-08,3.850,3.850,3.850,3.850,0.000,3.741
2022-12-07,3.850,3.850,3.850,3.850,0.000,3.741
2022-12-06,3.850,3.850,3.850,3.850,0.000,3.741
2022-12-05,3.840,3.840,3.840,3.840,0.000,3.732
2022-12-02,3.850,3.850,3.850,3.850,0.000,3.741
2022-12-01,3.850,3.850,3.850,3.850,0.000,3.741
2022-11-30,3.840,3.840,3.840,3.840,0.000,3.732
2022-11-29,3.830,3.830,3.830,3.830,0.000,3.710
2022-11-28,3.830,3.830,3.830,3.830,0.000,3.710
2022-11-25,3.830,3.830,3.830,3.830,0.000,3.710
2022-11-23,3.830,3.830,3.830,3.830,0.000,3.710
2022-11-22,3.830,3.830,3.830,3.830,0.000,3.710
2022-11-21,3.830,3.830,3.830,3.830,0.000,3.710
2022-11-18,3.830,3.830,3.830,3.830,0.000,3.710
2022-11-17,3.830,3.830,3.830,3.830,0.000,3.710
2022-11-16,3.840,3.840,3.840,3.840,0.000,3.720
2022-11-15,3.840,3.840,3.840,3.840,0.000,3.720
2022-11-14,3.830,3.830,3.830,3.830,0.000,3.710
2022-11-11,3.830,3.830,3.830,3.830,0.000,3.710
2022-11-10,3.830,3.830,3.830,3.830,0.000,3.710
2022-11-09,3.810,3.810,3.810,3.810,0.000,3.690
2022-11-08,3.810,3.810,3.810,3.810,0.000,3.690
2022-11-07,3.800,3.800,3.800,3.800,0.000,3.681
2022-11-04,3.800,3.800,3.800,3.800,0.000,3.681
2022-11-03,3.800,3.800,3.800,3.800,0.000,3.681
2022-11-02,3.810,3.810,3.810,3.810,0.000,3.690
2022-11-01,3.810,3.810,3.810,3.810,0.000,3.690
2022-10-31,3.820,3.820,3.820,3.820,0.000,3.700
2022-10-28,3.820,3.820,3.820,3.820,0.000,3.689
2022-10-27,3.830,3.830,3.830,3.830,0.000,3.698
2022-10-26,3.820,3.820,3.820,3.820,0.000,3.689
2022-10-25,3.820,3.820,3.820,3.820,0.000,3.689
2022-10-24,3.820,3.820,3.820,3.820,0.000,3.689
2022-10-21,3.810,3.810,3.810,3.810,0.000,3.679
2022-10-20,3.810,3.810,3.810,3.810,0.000,3.679
2022-10-19,3.810,3.810,3.810,3.810,0.000,3.679
2022-10-18,3.820,3.820,3.820,3.820,0.000,3.689
2022-10-17,3.820,3.820,3.820,3.820,0.000,3.689
2022-10-14,3.820,3.820,3.820,3.820,0.000,3.689
2022-10-13,3.820,3.820,3.820,3.820,0.000,3.689
2022-10-12,3.830,3.830,3.830,3.830,0.000,3.698
2022-10-11,3.830,3.830,3.830,3.830,0.000,3.698
2022-10-10,3.840,3.840,3.840,3.840,0.000,3.708
2022-10-07,3.840,3.840,3.840,3.840,0.000,3.708
2022-10-06,3.840,3.840,3.840,3.840,0.000,3.708
2022-10-05,3.850,3.850,3.850,3.850,0.000,3.717
2022-10-04,3.850,3.850,3.850,3.850,0.000,3.717
2022-10-03,3.850,3.850,3.850,3.850,0.000,3.717
2022-09-30,3.840,3.840,3.840,3.840,0.000,3.708
2022-09-29,3.840,3.840,3.840,3.840,0.000,3.697
2022-09-28,3.850,3.850,3.850,3.850,0.000,3.707
2022-09-27,3.840,3.840,3.840,3.840,0.000,3.697
2022-09-26,3.840,3.840,3.840,3.840,0.000,3.697
2022-09-23,3.860,3.860,3.860,3.860,0.000,3.716
2022-09-22,3.860,3.860,3.860,3.860,0.000,3.716
2022-09-21,3.880,3.880,3.880,3.880,0.000,3.736
2022-09-20,3.880,3.880,3.880,3.880,0.000,3.736
2022-09-19,3.880,3.880,3.880,3.880,0.000,3.736
2022-09-16,3.890,3.890,3.890,3.890,0.000,3.745
2022-09-15,3.890,3.890,3.890,3.890,0.000,3.745
2022-09-14,3.890,3.890,3.890,3.890,0.000,3.745
2022-09-13,3.900,3.900,3.900,3.900,0.000,3.755
2022-09-12,3.910,3.910,3.910,3.910,0.000,3.764
2022-09-09,3.910,3.910,3.910,3.910,0.000,3.764
2022-09-08,3.910,3.910,3.910,3.910,0.000,3.764
2022-09-07,3.920,3.920,3.920,3.920,0.000,3.774
2022-09-06,3.910,3.910,3.910,3.910,0.000,3.764
2022-09-02,3.920,3.920,3.920,3.920,0.000,3.774
2022-09-01,3.910,3.910,3.910,3.910,0.000,3.764
2022-08-31,3.920,3.920,3.920,3.920,0.000,3.774
2022-08-30,3.920,3.920,3.920,3.920,0.000,3.763
2022-08-29,3.920,3.920,3.920,3.920,0.000,3.763
2022-08-26,3.930,3.930,3.930,3.930,0.000,3.773
2022-08-25,3.930,3.930,3.930,3.930,0.000,3.773
2022-08-24,3.930,3.930,3.930,3.930,0.000,3.773
2022-08-23,3.930,3.930,3.930,3.930,0.000,3.773
2022-08-22,3.930,3.930,3.930,3.930,0.000,3.773
2022-08-19,3.940,3.940,3.940,3.940,0.000,3.782
2022-08-18,3.940,3.940,3.940,3.940,0.000,3.782
2022-08-17,3.940,3.940,3.940,3.940,0.000,3.782
2022-08-16,3.940,3.940,3.940,3.940,0.000,3.782
2022-08-15,3.950,3.950,3.950,3.950,0.000,3.792
2022-08-12,3.940,3.940,3.940,3.940,0.000,3.782
2022-08-11,3.940,3.940,3.940,3.940,0.000,3.782
2022-08-10,3.940,3.940,3.940,3.940,0.000,3.782
2022-08-09,3.930,3.930,3.930,3.930,0.000,3.773
2022-08-08,3.940,3.940,3.940,3.940,0.000,3.782
2022-08-05,3.930,3.930,3.930,3.930,0.000,3.773
2022-08-04,3.950,3.950,3.950,3.950,0.000,3.792
2022-08-03,3.940,3.940,3.940,3.940,0.000,3.782
2022-08-02,3.940,3.940,3.940,3.940,0.000,3.782
2022-08-01,3.960,3.960,3.960,3.960,0.000,3.802
2022-07-29,3.960,3.960,3.960,3.960,0.000,3.792
2022-07-28,3.950,3.950,3.950,3.950,0.000,3.783
2022-07-27,3.940,3.940,3.940,3.940,0.000,3.773
2022-07-26,3.940,3.940,3.940,3.940,0.000,3.773
2022-07-25,3.940,3.940,3.940,3.940,0.000,3.773
2022-07-22,3.940,3.940,3.940,3.940,0.000,3.773
2022-07-21,3.930,3.930,3.930,3.930,0.000,3.763
2022-07-20,3.920,3.920,3.920,3.920,0.000,3.754
2022-07-19,3.920,3.920,3.920,3.920,0.000,3.754
2022-07-18,3.920,3.920,3.920,3.920,0.000,3.754
2022-07-15,3.920,3.920,3.920,3.920,0.000,3.754
2022-07-14,3.920,3.920,3.920,3.920,0.000,3.754
2022-07-13,3.920,3.920,3.920,3.920,0.000,3.754
2022-07-12,3.930,3.930,3.930,3.930,0.000,3.763
2022-07-11,3.920,3.920,3.920,3.920,0.000,3.754
2022-07-08,3.920,3.920,3.920,3.920,0.000,3.754
2022-07-07,3.920,3.920,3.920,3.920,0.000,3.754
2022-07-06,3.930,3.930,3.930,3.930,0.000,3.763
2022-07-05,3.940,3.940,3.940,3.940,0.000,3.773
2022-07-01,3.940,3.940,3.940,3.940,0.000,3.773
2022-06-30,3.930,3.930,3.930,3.930,0.000,3.763
2022-06-29,3.920,3.920,3.920,3.920,0.000,3.745
2022-06-28,3.920,3.920,3.920,3.920,0.000,3.745
2022-06-27,3.920,3.920,3.920,3.920,0.000,3.745
2022-06-24,3.920,3.920,3.920,3.920,0.000,3.745
2022-06-23,3.920,3.920,3.920,3.920,0.000,3.745
2022-06-22,3.920,3.920,3.920,3.920,0.000,3.745
2022-06-21,3.910,3.910,3.910,3.910,0.000,3.735
2022-06-17,3.910,3.910,3.910,3.910,0.000,3.735
2022-06-16,3.910,3.910,3.910,3.910,0.000,3.735
2022-06-15,3.910,3.910,3.910,3.910,0.000,3.735
2022-06-14,3.900,3.900,3.900,3.900,0.000,3.726
2022-06-13,3.910,3.910,3.910,3.910,0.000,3.735
2022-06-10,3.940,3.940,3.940,3.940,0.000,3.764
2022-06-09,3.960,3.960,3.960,3.960,0.000,3.783
2022-06-08,3.970,3.970,3.970,3.970,0.000,3.792
2022-06-07,3.970,3.970,3.970,3.970,0.000,3.792
2022-06-06,3.970,3.970,3.970,3.970,0.000,3.792
2022-06-03,3.980,3.980,3.980,3.980,0.000,3.802
2022-06-02,3.980,3.980,3.980,3.980,0.000,3.802
2022-06-01,3.980,3.980,3.980,3.980,0.000,3.802
2022-05-31,3.990,3.990,3.990,3.990,0.000,3.812
2022-05-27,3.990,3.990,3.990,3.990,0.000,3.803
2022-05-26,3.990,3.990,3.990,3.990,0.000,3.803
2022-05-25,3.980,3.980,3.980,3.980,0.000,3.793
2022-05-24,3.980,3.980,3.980,3.980,0.000,3.793
2022-05-23,3.970,3.970,3.970,3.970,0.000,3.784
2022-05-20,3.970,3.970,3.970,3.970,0.000,3.784
2022-05-19,3.970,3.970,3.970,3.970,0.000,3.784
2022-05-18,3.970,3.970,3.970,3.970,0.000,3.784
2022-05-17,3.970,3.970,3.970,3.970,0.000,3.784
2022-05-16,3.980,3.980,3.980,3.980,0.000,3.793
2022-05-13,3.980,3.980,3.980,3.980,0.000,3.793
2022-05-12,3.980,3.980,3.980,3.980,0.000,3.793
2022-05-11,3.980,3.980,3.980,3.980,0.000,3.793
2022-05-10,3.980,3.980,3.980,3.980,0.000,3.793
2022-05-09,3.980,3.980,3.980,3.980,0.000,3.793
2022-05-06,3.980,3.980,3.980,3.980,0.000,3.793
2022-05-05,3.990,3.990,3.990,3.990,0.000,3.803
2022-05-04,3.990,3.990,3.990,3.990,0.000,3.803
2022-05-03,3.980,3.980,3.980,3.980,0.000,3.793
2022-05-02,3.980,3.980,3.980,3.980,0.000,3.793
2022-04-29,3.990,3.990,3.990,3.990,0.000,3.794
2022-04-28,4.000,4.000,4.000,4.000,0.000,3.804
2022-04-27,4.000,4.000,4.000,4.000,0.000,3.804
2022-04-26,4.000,4.000,4.000,4.000,0.000,3.804
2022-04-25,4.000,4.000,4.000,4.000,0.000,3.804
2022-04-22,3.990,3.990,3.990,3.990,0.000,3.794
2022-04-21,4.000,4.000,4.000,4.000,0.000,3.804
2022-04-20,4.010,4.010,4.010,4.010,0.000,3.813
2022-04-19,4.000,4.000,4.000,4.000,0.000,3.804
2022-04-18,4.010,4.010,4.010,4.010,0.000,3.813
2022-04-14,4.010,4.010,4.010,4.010,0.000,3.813
2022-04-13,4.020,4.020,4.020,4.020,0.000,3.823
2022-04-12,4.020,4.020,4.020,4.020,0.000,3.823
2022-04-11,4.010,4.010,4.010,4.010,0.000,3.813
2022-04-08,4.010,4.010,4.010,4.010,0.000,3.813
2022-04-07,4.020,4.020,4.020,4.020,0.000,3.823
2022-04-06,4.020,4.020,4.020,4.020,0.000,3.823
2022-04-05,4.020,4.020,4.020,4.020,0.000,3.823
2022-04-04,4.020,4.020,4.020,4.020,0.000,3.823
2022-04-01,4.020,4.020,4.020,4.020,0.000,3.823
2022-03-31,4.030,4.030,4.030,4.030,0.000,3.832
2022-03-30,4.030,4.030,4.030,4.030,0.000,3.824
2022-03-29,4.030,4.030,4.030,4.030,0.000,3.824
2022-03-28,4.020,4.020,4.020,4.020,0.000,3.815
2022-03-25,4.020,4.020,4.020,4.020,0.000,3.815
2022-03-24,4.030,4.030,4.030,4.030,0.000,3.824
2022-03-23,4.030,4.030,4.030,4.030,0.000,3.824
2022-03-22,4.030,4.030,4.030,4.030,0.000,3.824
2022-03-21,4.030,4.030,4.030,4.030,0.000,3.824
2022-03-18,4.040,4.040,4.040,4.040,0.000,3.834
2022-03-17,4.040,4.040,4.040,4.040,0.000,3.834
2022-03-16,4.040,4.040,4.040,4.040,0.000,3.834
2022-03-15,4.040,4.040,4.040,4.040,0.000,3.834
2022-03-14,4.040,4.040,4.040,4.040,0.000,3.834
2022-03-11,4.050,4.050,4.050,4.050,0.000,3.843
2022-03-10,4.060,4.060,4.060,4.060,0.000,3.853
2022-03-09,4.060,4.060,4.060,4.060,0.000,3.853
2022-03-08,4.070,4.070,4.070,4.070,0.000,3.862
2022-03-07,4.080,4.080,4.080,4.080,0.000,3.872
2022-03-04,4.080,4.080,4.080,4.080,0.000,3.872
2022-03-03,4.080,4.080,4.080,4.080,0.000,3.872
2022-03-02,4.090,4.090,4.090,4.090,0.000,3.881
2022-03-01,4.100,4.100,4.100,4.100,0.000,3.891
2022-02-28,4.090,4.090,4.090,4.090,0.000,3.881
2022-02-25,4.080,4.080,4.080,4.080,0.000,3.864
2022-02-24,4.080,4.080,4.080,4.080,0.000,3.864
2022-02-23,4.090,4.090,4.090,4.090,0.000,3.874
2022-02-22,4.090,4.090,4.090,4.090,0.000,3.874
2022-02-18,4.090,4.090,4.090,4.090,0.000,3.874
2022-02-17,4.100,4.100,4.100,4.100,0.000,3.883
2022-02-16,4.090,4.090,4.090,4.090,0.000,3.874
2022-02-15,4.090,4.090,4.090,4.090,0.000,3.874
2022-02-14,4.090,4.090,4.090,4.090,0.000,3.874
2022-02-11,4.100,4.100,4.100,4.100,0.000,3.883
2022-02-10,4.100,4.100,4.100,4.100,0.000,3.883
2022-02-09,4.110,4.110,4.110,4.110,0.000,3.893
2022-02-08,4.110,4.110,4.110,4.110,0.000,3.893
2022-02-07,4.120,4.120,4.120,4.120,0.000,3.902
2022-02-04,4.120,4.120,4.120,4.120,0.000,3.902
2022-02-03,4.130,4.130,4.130,4.130,0.000,3.912
2022-02-02,4.130,4.130,4.130,4.130,0.000,3.912
2022-02-01,4.130,4.130,4.130,4.130,0.000,3.912
2022-01-31,4.130,4.130,4.130,4.130,0.000,3.912
2022-01-28,4.130,4.130,4.130,4.130,0.000,3.907
2022-01-27,4.130,4.130,4.130,4.130,0.000,3.907
2022-01-26,4.130,4.130,4.130,4.130,0.000,3.907
2022-01-25,4.140,4.140,4.140,4.140,0.000,3.916
2022-01-24,4.140,4.140,4.140,4.140,0.000,3.916
2022-01-21,4.140,4.140,4.140,4.140,0.000,3.916
2022-01-20,4.140,4.140,4.140,4.140,0.000,3.916
2022-01-19,4.140,4.140,4.140,4.140,0.000,3.916
2022-01-18,4.140,4.140,4.140,4.140,0.000,3.916
2022-01-14,4.150,4.150,4.150,4.150,0.000,3.926
2022-01-13,4.150,4.150,4.150,4.150,0.000,3.926
2022-01-12,4.150,4.150,4.150,4.150,0.000,3.926
2022-01-11,4.150,4.150,4.150,4.150,0.000,3.926
2022-01-10,4.150,4.150,4.150,4.150,0.000,3.926
2022-01-07,4.150,4.150,4.150,4.150,0.000,3.926
2022-01-06,4.150,4.150,4.150,4.150,0.000,3.926
2022-01-05,4.160,4.160,4.160,4.160,0.000,3.935
2022-01-04,4.160,4.160,4.160,4.160,0.000,3.935
2022-01-03,4.160,4.160,4.160,4.160,0.000,3.935
2021-12-31,4.160,4.160,4.160,4.160,0.000,3.935
2021-12-30,4.160,4.160,4.160,4.160,0.000,3.928
2021-12-29,4.160,4.160,4.160,4.160,0.000,3.928
2021-12-28,4.160,4.160,4.160,4.160,0.000,3.928
2021-12-27,4.160,4.160,4.160,4.160,0.000,3.928
2021-12-23,4.160,4.160,4.160,4.160,0.000,3.928
2021-12-22,4.160,4.160,4.160,4.160,0.000,3.928
2021-12-21,4.160,4.160,4.160,4.160,0.000,3.928
2021-12-20,4.160,4.160,4.160,4.160,0.000,3.928
2021-12-17,4.170,4.170,4.170,4.170,0.000,3.937
2021-12-16,4.170,4.170,4.170,4.170,0.000,3.937
2021-12-15,4.160,4.160,4.160,4.160,0.000,3.928
2021-12-14,4.160,4.160,4.160,4.160,0.000,3.928
2021-12-13,4.160,4.160,4.160,4.160,0.000,3.928
2021-12-10,4.160,4.160,4.160,4.160,0.000,3.928
2021-12-09,4.160,4.160,4.160,4.160,0.000,3.928
2021-12-08,4.160,4.160,4.160,4.160,0.000,3.928
2021-12-07,4.160,4.160,4.160,4.160,0.000,3.928
2021-12-06,4.160,4.160,4.160,4.160,0.000,3.928
2021-12-03,4.170,4.170,4.170,4.170,0.000,3.937
2021-12-02,4.160,4.160,4.160,4.160,0.000,3.928
2021-12-01,4.170,4.170,4.170,4.170,0.000,3.937
2021-11-30,4.170,4.170,4.170,4.170,0.000,3.937
2021-11-29,4.170,4.170,4.170,4.170,0.000,3.930
2021-11-26,4.170,4.170,4.170,4.170,0.000,3.930
2021-11-24,4.170,4.170,4.170,4.170,0.000,3.930
2021-11-23,4.170,4.170,4.170,4.170,0.000,3.930
2021-11-22,4.170,4.170,4.170,4.170,0.000,3.930
2021-11-19,4.180,4.180,4.180,4.180,0.000,3.939
2021-11-18,4.180,4.180,4.180,4.180,0.000,3.939
2021-11-17,4.180,4.180,4.180,4.180,0.000,3.939
2021-11-16,4.180,4.180,4.180,4.180,0.000,3.939
2021-11-15,4.180,4.180,4.180,4.180,0.000,3.939
2021-11-12,4.180,4.180,4.180,4.180,0.000,3.939
2021-11-11,4.180,4.180,4.180,4.180,0.000,3.939
2021-11-10,4.180,4.180,4.180,4.180,0.000,3.939
2021-11-09,4.190,4.190,4.190,4.190,0.000,3.949
2021-11-08,4.180,4.180,4.180,4.180,0.000,3.939
2021-11-05,4.190,4.190,4.190,4.190,0.000,3.949
2021-11-04,4.190,4.190,4.190,4.190,0.000,3.949
2021-11-03,4.180,4.180,4.180,4.180,0.000,3.939
2021-11-02,4.180,4.180,4.180,4.180,0.000,3.939
2021-11-01,4.180,4.180,4.180,4.180,0.000,3.939
2021-10-29,4.180,4.180,4.180,4.180,0.000,3.932
2021-10-28,4.180,4.180,4.180,4.180,0.000,3.925
2021-10-27,4.180,4.180,4.180,4.180,0.000,3.925
2021-10-26,4.180,4.180,4.180,4.180,0.000,3.925
2021-10-25,4.180,4.180,4.180,4.180,0.000,3.925
2021-10-22,4.180,4.180,4.180,4.180,0.000,3.925
2021-10-21,4.180,4.180,4.180,4.180,0.000,3.925
2021-10-20,4.190,4.190,4.190,4.190,0.000,3.934
2021-10-19,4.190,4.190,4.190,4.190,0.000,3.934
2021-10-18,4.190,4.190,4.190,4.190,0.000,3.934
2021-10-15,4.190,4.190,4.190,4.190,0.000,3.934
2021-10-14,4.190,4.190,4.190,4.190,0.000,3.934
2021-10-13,4.190,4.190,4.190,4.190,0.000,3.934
2021-10-12,4.190,4.190,4.190,4.190,0.000,3.934
2021-10-11,4.190,4.190,4.190,4.190,0.000,3.934
2021-10-08,4.190,4.190,4.190,4.190,0.000,3.934
2021-10-07,4.190,4.190,4.190,4.190,0.000,3.934
2021-10-06,4.190,4.190,4.190,4.190,0.000,3.934
2021-10-05,4.200,4.200,4.200,4.200,0.000,3.944
2021-10-04,4.200,4.200,4.200,4.200,0.000,3.944
2021-10-01,4.200,4.200,4.200,4.200,0.000,3.944
2021-09-30,4.200,4.200,4.200,4.200,0.000,3.944
2021-09-29,4.200,4.200,4.200,4.200,0.000,3.936
2021-09-28,4.200,4.200,4.200,4.200,0.000,3.936
2021-09-27,4.200,4.200,4.200,4.200,0.000,3.936
2021-09-24,4.200,4.200,4.200,4.200,0.000,3.936
2021-09-23,4.200,4.200,4.200,4.200,0.000,3.936
2021-09-22,4.200,4.200,4.200,4.200,0.000,3.936
2021-09-21,4.200,4.200,4.200,4.200,0.000,3.936
2021-09-20,4.200,4.200,4.200,4.200,0.000,3.936
2021-09-17,4.200,4.200,4.200,4.200,0.000,3.936
2021-09-16,4.200,4.200,4.200,4.200,0.000,3.936
2021-09-15,4.200,4.200,4.200,4.200,0.000,3.936
2021-09-14,4.200,4.200,4.200,4.200,0.000,3.936
2021-09-13,4.200,4.200,4.200,4.200,0.000,3.936
2021-09-10,4.200,4.200,4.200,4.200,0.000,3.936
2021-09-09,4.200,4.200,4.200,4.200,0.000,3.936
2021-09-08,4.200,4.200,4.200,4.200,0.000,3.936
2021-09-07,4.200,4.200,4.200,4.200,0.000,3.936
2021-09-03,4.200,4.200,4.200,4.200,0.000,3.936
2021-09-02,4.200,4.200,4.200,4.200,0.000,3.936
2021-09-01,4.200,4.200,4.200,4.200,0.000,3.936
2021-08-31,4.200,4.200,4.200,4.200,0.000,3.936
2021-08-30,4.200,4.200,4.200,4.200,0.000,3.929
2021-08-27,4.200,4.200,4.200,4.200,0.000,3.929
2021-08-26,4.200,4.200,4.200,4.200,0.000,3.929
2021-08-25,4.200,4.200,4.200,4.200,0.000,3.929
2021-08-24,4.200,4.200,4.200,4.200,0.000,3.929
2021-08-23,4.200,4.200,4.200,4.200,0.000,3.929
2021-08-20,4.200,4.200,4.200,4.200,0.000,3.929
2021-08-19,4.200,4.200,4.200,4.200,0.000,3.929
2021-08-18,4.200,4.200,4.200,4.200,0.000,3.929
2021-08-17,4.200,4.200,4.200,4.200,0.000,3.929
2021-08-16,4.200,4.200,4.200,4.200,0.000,3.929
2021-08-13,4.200,4.200,4.200,4.200,0.000,3.929
2021-08-12,4.200,4.200,4.200,4.200,0.000,3.929
2021-08-11,4.200,4.200,4.200,4.200,0.000,3.929
2021-08-10,4.200,4.200,4.200,4.200,0.000,3.929
2021-08-09,4.200,4.200,4.200,4.200,0.000,3.929
2021-08-06,4.210,4.210,4.210,4.210,0.000,3.938
2021-08-05,4.210,4.210,4.210,4.210,0.000,3.938
2021-08-04,4.210,4.210,4.210,4.210,0.000,3.938
2021-08-03,4.210,4.210,4.210,4.210,0.000,3.938
2021-08-02,4.210,4.210,4.210,4.210,0.000,3.938
2021-07-30,4.210,4.210,4.210,4.210,0.000,3.930
2021-07-29,4.210,4.210,4.210,4.210,0.000,3.930
2021-07-28,4.210,4.210,4.210,4.210,0.000,3.930
2021-07-27,4.210,4.210,4.210,4.210,0.000,3.930
2021-07-26,4.210,4.210,4.210,4.210,0.000,3.930
2021-07-23,4.210,4.210,4.210,4.210,0.000,3.930
2021-07-22,4.210,4.210,4.210,4.210,0.000,3.930
2021-07-21,4.210,4.210,4.210,4.210,0.000,3.930
2021-07-20,4.210,4.210,4.210,4.210,0.000,3.930
2021-07-19,4.210,4.210,4.210,4.210,0.000,3.930
2021-07-16,4.210,4.210,4.210,4.210,0.000,3.930
2021-07-15,4.210,4.210,4.210,4.210,0.000,3.930
2021-07-14,4.210,4.210,4.210,4.210,0.000,3.930
2021-07-13,4.210,4.210,4.210,4.210,0.000,3.930
2021-07-12,4.210,4.210,4.210,4.210,0.000,3.930
2021-07-09,4.210,4.210,4.210,4.210,0.000,3.930
2021-07-08,4.220,4.220,4.220,4.220,0.000,3.940
2021-07-07,4.220,4.220,4.220,4.220,0.000,3.940
2021-07-06,4.220,4.220,4.220,4.220,0.000,3.940
2021-07-02,4.210,4.210,4.210,4.210,0.000,3.930
2021-07-01,4.210,4.210,4.210,4.210,0.000,3.930
2021-06-30,4.210,4.210,4.210,4.210,0.000,3.930
2021-06-29,4.210,4.210,4.210,4.210,0.000,3.923
2021-06-28,4.210,4.210,4.210,4.210,0.000,3.923
2021-06-25,4.210,4.210,4.210,4.210,0.000,3.923
2021-06-24,4.210,4.210,4.210,4.210,0.000,3.923
2021-06-23,4.210,4.210,4.210,4.210,0.000,3.923
2021-06-22,4.210,4.210,4.210,4.210,0.000,3.923
2021-06-21,4.210,4.210,4.210,4.210,0.000,3.923
2021-06-18,4.210,4.210,4.210,4.210,0.000,3.923
2021-06-17,4.220,4.220,4.220,4.220,0.000,3.932
2021-06-16,4.220,4.220,4.220,4.220,0.000,3.932
2021-06-15,4.220,4.220,4.220,4.220,0.000,3.932
2021-06-14,4.220,4.220,4.220,4.220,0.000,3.932
2021-06-11,4.220,4.220,4.220,4.220,0.000,3.932
2021-06-10,4.220,4.220,4.220,4.220,0.000,3.932
2021-06-09,4.220,4.220,4.220,4.220,0.000,3.932
2021-06-08,4.220,4.220,4.220,4.220,0.000,3.932
2021-06-07,4.220,4.220,4.220,4.220,0.000,3.932
2021-06-04,4.220,4.220,4.220,4.220,0.000,3.932
2021-06-03,4.220,4.220,4.220,4.220,0.000,3.932
2021-06-02,4.220,4.220,4.220,4.220,0.000,3.932
2021-06-01,4.220,4.220,4.220,4.220,0.000,3.932
2021-05-28,4.220,4.220,4.220,4.220,0.000,3.924
2021-05-27,4.220,4.220,4.220,4.220,0.000,3.917
2021-05-26,4.220,4.220,4.220,4.220,0.000,3.917
2021-05-25,4.220,4.220,4.220,4.220,0.000,3.917
2021-05-24,4.220,4.220,4.220,4.220,0.000,3.917
2021-05-21,4.220,4.220,4.220,4.220,0.000,3.917
2021-05-20,4.220,4.220,4.220,4.220,0.000,3.917
2021-05-19,4.220,4.220,4.220,4.220,0.000,3.917
2021-05-18,4.220,4.220,4.220,4.220,0.000,3.917
2021-05-17,4.220,4.220,4.220,4.220,0.000,3.917
2021-05-14,4.220,4.220,4.220,4.220,0.000,3.917
2021-05-13,4.220,4.220,4.220,4.220,0.000,3.917
2021-05-12,4.220,4.220,4.220,4.220,0.000,3.917
2021-05-11,4.220,4.220,4.220,4.220,0.000,3.917
2021-05-10,4.220,4.220,4.220,4.220,0.000,3.917
2021-05-07,4.220,4.220,4.220,4.220,0.000,3.917
2021-05-06,4.220,4.220,4.220,4.220,0.000,3.917
2021-05-05,4.220,4.220,4.220,4.220,0.000,3.917
2021-05-04,4.220,4.220,4.220,4.220,0.000,3.917
2021-05-03,4.220,4.220,4.220,4.220,0.000,3.917
2021-04-30,4.220,4.220,4.220,4.220,0.000,3.917
2021-04-29,4.220,4.220,4.220,4.220,0.000,3.909
2021-04-28,4.220,4.220,4.220,4.220,0.000,3.909
2021-04-27,4.210,4.210,4.210,4.210,0.000,3.899
2021-04-26,4.210,4.210,4.210,4.210,0.000,3.899
2021-04-23,4.220,4.220,4.220,4.220,0.000,3.909
2021-04-22,4.220,4.220,4.220,4.220,0.000,3.909
2021-04-21,4.220,4.220,4.220,4.220,0.000,3.909
2021-04-20,4.220,4.220,4.220,4.220,0.000,3.909
2021-04-19,4.220,4.220,4.220,4.220,0.000,3.909
2021-04-16,4.220,4.220,4.220,4.220,0.000,3.909
2021-04-15,4.220,4.220,4.220,4.220,0.000,3.909
2021-04-14,4.220,4.220,4.220,4.220,0.000,3.909
2021-04-13,4.220,4.220,4.220,4.220,0.000,3.909
2021-04-12,4.220,4.220,4.220,4.220,0.000,3.909
2021-04-09,4.220,4.220,4.220,4.220,0.000,3.909
2021-04-08,4.220,4.220,4.220,4.220,0.000,3.909
2021-04-07,4.220,4.220,4.220,4.220,0.000,3.909
2021-04-06,4.210,4.210,4.210,4.210,0.000,3.899
2021-04-05,4.210,4.210,4.210,4.210,0.000,3.899
2021-04-01,4.210,4.210,4.210,4.210,0.000,3.899
2021-03-31,4.210,4.210,4.210,4.210,0.000,3.899
2021-03-30,4.210,4.210,4.210,4.210,0.000,3.891
2021-03-29,4.210,4.210,4.210,4.210,0.000,3.891
2021-03-26,4.210,4.210,4.210,4.210,0.000,3.891
2021-03-25,4.210,4.210,4.210,4.210,0.000,3.891
2021-03-24,4.210,4.210,4.210,4.210,0.000,3.891
2021-03-23,4.210,4.210,4.210,4.210,0.000,3.891
2021-03-22,4.210,4.210,4.210,4.210,0.000,3.891
2021-03-19,4.210,4.210,4.210,4.210,0.000,3.891
2021-03-18,4.210,4.210,4.210,4.210,0.000,3.891
2021-03-17,4.220,4.220,4.220,4.220,0.000,3.901
2021-03-16,4.210,4.210,4.210,4.210,0.000,3.891
2021-03-15,4.210,4.210,4.210,4.210,0.000,3.891
2021-03-12,4.210,4.210,4.210,4.210,0.000,3.891
2021-03-11,4.220,4.220,4.220,4.220,0.000,3.901
2021-03-10,4.210,4.210,4.210,4.210,0.000,3.891
2021-03-09,4.210,4.210,4.210,4.210,0.000,3.891
2021-03-08,4.220,4.220,4.220,4.220,0.000,3.901
2021-03-05,4.220,4.220,4.220,4.220,0.000,3.901
2021-03-04,4.220,4.220,4.220,4.220,0.000,3.901
2021-03-03,4.220,4.220,4.220,4.220,0.000,3.901
2021-03-02,4.220,4.220,4.220,4.220,0.000,3.901
2021-03-01,4.220,4.220,4.220,4.220,0.000,3.901
2021-02-26,4.220,4.220,4.220,4.220,0.000,3.893
2021-02-25,4.220,4.220,4.220,4.220,0.000,3.893
2021-02-24,4.230,4.230,4.230,4.230,0.000,3.902
2021-02-23,4.220,4.220,4.220,4.220,0.000,3.893
2021-02-22,4.220,4.220,4.220,4.220,0.000,3.893
2021-02-19,4.230,4.230,4.230,4.230,0.000,3.902
2021-02-18,4.230,4.230,4.230,4.230,0.000,3.902
2021-02-17,4.230,4.230,4.230,4.230,0.000,3.902
2021-02-16,4.230,4.230,4.230,4.230,0.000,3.902
2021-02-12,4.230,4.230,4.230,4.230,0.000,3.902
2021-02-11,4.230,4.230,4.230,4.230,0.000,3.902
2021-02-10,4.230,4.230,4.230,4.230,0.000,3.902
2021-02-09,4.230,4.230,4.230,4.230,0.000,3.902
2021-02-08,4.230,4.230,4.230,4.230,0.000,3.902
2021-02-05,4.230,4.230,4.230,4.230,0.000,3.902
2021-02-04,4.230,4.230,4.230,4.230,0.000,3.902
2021-02-03,4.220,4.220,4.220,4.220,0.000,3.893
2021-02-02,4.220,4.220,4.220,4.220,0.000,3.893
2021-02-01,4.220,4.220,4.220,4.220,0.000,3.893
2021-01-29,4.220,4.220,4.220,4.220,0.000,3.884
2021-01-28,4.220,4.220,4.220,4.220,0.000,3.884
2021-01-27,4.220,4.220,4.220,4.220,0.000,3.884
2021-01-26,4.220,4.220,4.220,4.220,0.000,3.884
2021-01-25,4.220,4.220,4.220,4.220,0.000,3.884
2021-01-22,4.220,4.220,4.220,4.220,0.000,3.884
2021-01-21,4.230,4.230,4.230,4.230,0.000,3.894
2021-01-20,4.220,4.220,4.220,4.220,0.000,3.884
2021-01-19,4.220,4.220,4.220,4.220,0.000,3.884
2021-01-15,4.220,4.220,4.220,4.220,0.000,3.884
2021-01-14,4.220,4.220,4.220,4.220,0.000,3.884
2021-01-13,4.220,4.220,4.220,4.220,0.000,3.884
2021-01-12,4.220,4.220,4.220,4.220,0.000,3.884
2021-01-11,4.220,4.220,4.220,4.220,0.000,3.884
2021-01-08,4.220,4.220,4.220,4.220,0.000,3.884
2021-01-07,4.220,4.220,4.220,4.220,0.000,3.884
2021-01-06,4.220,4.220,4.220,4.220,0.000,3.884
2021-01-05,4.220,4.220,4.220,4.220,0.000,3.884
2021-01-04,4.220,4.220,4.220,4.220,0.000,3.884
2020-12-31,4.220,4.220,4.220,4.220,0.000,3.884
2020-12-30,4.220,4.220,4.220,4.220,0.000,3.876
2020-12-29,4.220,4.220,4.220,4.220,0.000,3.876
2020-12-28,4.220,4.220,4.220,4.220,0.000,3.876
2020-12-24,4.220,4.220,4.220,4.220,0.000,3.876
2020-12-23,4.220,4.220,4.220,4.220,0.000,3.876
2020-12-22,4.220,4.220,4.220,4.220,0.000,3.876
2020-12-21,4.210,4.210,4.210,4.210,0.000,3.867
2020-12-18,4.220,4.220,4.220,4.220,0.000,3.876
2020-12-17,4.220,4.220,4.220,4.220,0.000,3.876
2020-12-16,4.220,4.220,4.220,4.220,0.000,3.876
2020-12-15,4.210,4.210,4.210,4.210,0.000,3.867
2020-12-14,4.210,4.210,4.210,4.210,0.000,3.867
2020-12-11,4.210,4.210,4.210,4.210,0.000,3.867
2020-12-10,4.210,4.210,4.210,4.210,0.000,3.867
2020-12-09,4.210,4.210,4.210,4.210,0.000,3.867
2020-12-08,4.210,4.210,4.210,4.210,0.000,3.867
2020-12-07,4.210,4.210,4.210,4.210,0.000,3.867
2020-12-04,4.210,4.210,4.210,4.210,0.000,3.867
2020-12-03,4.210,4.210,4.210,4.210,0.000,3.867
2020-12-02,4.210,4.210,4.210,4.210,0.000,3.867
2020-12-01,4.200,4.200,4.200,4.200,0.000,3.858
2020-11-30,4.200,4.200,4.200,4.200,0.000,3.858
2020-11-27,4.200,4.200,4.200,4.200,0.000,3.850
2020-11-25,4.200,4.200,4.200,4.200,0.000,3.850
2020-11-24,4.200,4.200,4.200,4.200,0.000,3.850
2020-11-23,4.200,4.200,4.200,4.200,0.000,3.850
2020-11-20,4.200,4.200,4.200,4.200,0.000,3.850
2020-11-19,4.200,4.200,4.200,4.200,0.000,3.850
2020-11-18,4.200,4.200,4.200,4.200,0.000,3.850
2020-11-17,4.200,4.200,4.200,4.200,0.000,3.850
2020-11-16,4.190,4.190,4.190,4.190,0.000,3.840
2020-11-13,4.190,4.190,4.190,4.190,0.000,3.840
2020-11-12,4.190,4.190,4.190,4.190,0.000,3.840
2020-11-11,4.190,4.190,4.190,4.190,0.000,3.840
2020-11-10,4.190,4.190,4.190,4.190,0.000,3.840
2020-11-09,4.190,4.190,4.190,4.190,0.000,3.840
2020-11-06,4.190,4.190,4.190,4.190,0.000,3.840
2020-11-05,4.190,4.190,4.190,4.190,0.000,3.840
2020-11-04,4.190,4.190,4.190,4.190,0.000,3.840
2020-11-03,4.180,4.180,4.180,4.180,0.000,3.831
2020-11-02,4.180,4.180,4.180,4.180,0.000,3.831
2020-10-30,4.180,4.180,4.180,4.180,0.000,3.831
2020-10-29,4.180,4.180,4.180,4.180,0.000,3.823
2020-10-28,4.180,4.180,4.180,4.180,0.000,3.823
2020-10-27,4.180,4.180,4.180,4.180,0.000,3.823
2020-10-26,4.180,4.180,4.180,4.180,0.000,3.823
2020-10-23,4.190,4.190,4.190,4.190,0.000,3.833
2020-10-22,4.180,4.180,4.180,4.180,0.000,3.823
2020-10-21,4.190,4.190,4.190,4.190,0.000,3.833
2020-10-20,4.180,4.180,4.180,4.180,0.000,3.823
2020-10-19,4.180,4.180,4.180,4.180,0.000,3.823
2020-10-16,4.190,4.190,4.190,4.190,0.000,3.833
2020-10-15,4.180,4.180,4.180,4.180,0.000,3.823
2020-10-14,4.190,4.190,4.190,4.190,0.000,3.833
2020-10-13,4.190,4.190,4.190,4.190,0.000,3.833
2020-10-12,4.180,4.180,4.180,4.180,0.000,3.823
2020-10-09,4.180,4.180,4.180,4.180,0.000,3.823
2020-10-08,4.180,4.180,4.180,4.180,0.000,3.823
2020-10-07,4.180,4.180,4.180,4.180,0.000,3.823
2020-10-06,4.180,4.180,4.180,4.180,0.000,3.823
2020-10-05,4.180,4.180,4.180,4.180,0.000,3.823
2020-10-02,4.180,4.180,4.180,4.180,0.000,3.823
2020-10-01,4.180,4.180,4.180,4.180,0.000,3.823
2020-09-30,4.180,4.180,4.180,4.180,0.000,3.823
2020-09-29,4.180,4.180,4.180,4.180,0.000,3.815
2020-09-28,4.180,4.180,4.180,4.180,0.000,3.815
2020-09-25,4.180,4.180,4.180,4.180,0.000,3.815
2020-09-24,4.180,4.180,4.180,4.180,0.000,3.815
2020-09-23,4.180,4.180,4.180,4.180,0.000,3.815
2020-09-22,4.180,4.180,4.180,4.180,0.000,3.815
2020-09-21,4.180,4.180,4.180,4.180,0.000,3.815
2020-09-18,4.190,4.190,4.190,4.190,0.000,3.824
2020-09-17,4.190,4.190,4.190,4.190,0.000,3.824
2020-09-16,4.190,4.190,4.190,4.190,0.000,3.824
2020-09-15,4.190,4.190,4.190,4.190,0.000,3.824
2020-09-14,4.190,4.190,4.190,4.190,0.000,3.824
2020-09-11,4.190,4.190,4.190,4.190,0.000,3.824
2020-09-10,4.190,4.190,4.190,4.190,0.000,3.824
2020-09-09,4.190,4.190,4.190,4.190,0.000,3.824
2020-09-08,4.190,4.190,4.190,4.190,0.000,3.824
2020-09-04,4.190,4.190,4.190,4.190,0.000,3.824
2020-09-03,4.190,4.190,4.190,4.190,0.000,3.824
2020-09-02,4.190,4.190,4.190,4.190,0.000,3.824
2020-09-01,4.190,4.190,4.190,4.190,0.000,3.824
2020-08-31,4.190,4.190,4.190,4.190,0.000,3.824
2020-08-28,4.190,4.190,4.190,4.190,0.000,3.816
2020-08-27,4.180,4.180,4.180,4.180,0.000,3.806
2020-08-26,4.180,4.180,4.180,4.180,0.000,3.806
2020-08-25,4.180,4.180,4.180,4.180,0.000,3.806
2020-08-24,4.180,4.180,4.180,4.180,0.000,3.806
2020-08-21,4.180,4.180,4.180,4.180,0.000,3.806
2020-08-20,4.180,4.180,4.180,4.180,0.000,3.806
2020-08-19,4.180,4.180,4.180,4.180,0.000,3.806
2020-08-18,4.180,4.180,4.180,4.180,0.000,3.806
2020-08-17,4.180,4.180,4.180,4.180,0.000,3.806
2020-08-14,4.180,4.180,4.180,4.180,0.000,3.806
2020-08-13,4.180,4.180,4.180,4.180,0.000,3.806
2020-08-12,4.180,4.180,4.180,4.180,0.000,3.806
2020-08-11,4.180,4.180,4.180,4.180,0.000,3.806
2020-08-10,4.180,4.180,4.180,4.180,0.000,3.806
2020-08-07,4.180,4.180,4.180,4.180,0.000,3.806
2020-08-06,4.180,4.180,4.180,4.180,0.000,3.806
2020-08-05,4.180,4.180,4.180,4.180,0.000,3.806
2020-08-04,4.180,4.180,4.180,4.180,0.000,3.806
2020-08-03,4.180,4.180,4.180,4.180,0.000,3.806
2020-07-31,4.170,4.170,4.170,4.170,0.000,3.797
2020-07-30,4.170,4.170,4.170,4.170,0.000,3.789
2020-07-29,4.170,4.170,4.170,4.170,0.000,3.789
2020-07-28,4.170,4.170,4.170,4.170,0.000,3.789
2020-07-27,4.170,4.170,4.170,4.170,0.000,3.789
2020-07-24,4.170,4.170,4.170,4.170,0.000,3.789
2020-07-23,4.170,4.170,4.170,4.170,0.000,3.789
2020-07-22,4.170,4.170,4.170,4.170,0.000,3.789
2020-07-21,4.170,4.170,4.170,4.170,0.000,3.789
2020-07-20,4.160,4.160,4.160,4.160,0.000,3.780
2020-07-17,4.160,4.160,4.160,4.160,0.000,3.780
2020-07-16,4.160,4.160,4.160,4.160,0.000,3.780
2020-07-15,4.160,4.160,4.160,4.160,0.000,3.780
2020-07-14,4.160,4.160,4.160,4.160,0.000,3.780
2020-07-13,4.160,4.160,4.160,4.160,0.000,3.780
2020-07-10,4.160,4.160,4.160,4.160,0.000,3.780
2020-07-09,4.160,4.160,4.160,4.160,0.000,3.780
2020-07-08,4.160,4.160,4.160,4.160,0.000,3.780
2020-07-07,4.160,4.160,4.160,4.160,0.000,3.780
2020-07-06,4.160,4.160,4.160,4.160,0.000,3.780
2020-07-02,4.160,4.160,4.160,4.160,0.000,3.780
2020-07-01,4.150,4.150,4.150,4.150,0.000,3.770
2020-06-30,4.150,4.150,4.150,4.150,0.000,3.770
2020-06-29,4.150,4.150,4.150,4.150,0.000,3.761
2020-06-26,4.150,4.150,4.150,4.150,0.000,3.761
2020-06-25,4.150,4.150,4.150,4.150,0.000,3.761
2020-06-24,4.150,4.150,4.150,4.150,0.000,3.761
2020-06-23,4.160,4.160,4.160,4.160,0.000,3.770
2020-06-22,4.160,4.160,4.160,4.160,0.000,3.770
2020-06-19,4.160,4.160,4.160,4.160,0.000,3.770
2020-06-18,4.150,4.150,4.150,4.150,0.000,3.761
2020-06-17,4.150,4.150,4.150,4.150,0.000,3.761
2020-06-16,4.150,4.150,4.150,4.150,0.000,3.761
2020-06-15,4.140,4.140,4.140,4.140,0.000,3.752
2020-06-12,4.140,4.140,4.140,4.140,0.000,3.752
2020-06-11,4.140,4.140,4.140,4.140,0.000,3.752
2020-06-10,4.150,4.150,4.150,4.150,0.000,3.761
2020-06-09,4.150,4.150,4.150,4.150,0.000,3.761
2020-06-08,4.140,4.140,4.140,4.140,0.000,3.752
2020-06-05,4.140,4.140,4.140,4.140,0.000,3.752
2020-06-04,4.130,4.130,4.130,4.130,0.000,3.743
2020-06-03,4.120,4.120,4.120,4.120,0.000,3.734
2020-06-02,4.110,4.110,4.110,4.110,0.000,3.725
2020-06-01,4.110,4.110,4.110,4.110,0.000,3.725
2020-05-29,4.110,4.110,4.110,4.110,0.000,3.725
2020-05-28,4.100,4.100,4.100,4.100,0.000,3.706
2020-05-27,4.100,4.100,4.100,4.100,0.000,3.706
2020-05-26,4.090,4.090,4.090,4.090,0.000,3.697
2020-05-22,4.080,4.080,4.080,4.080,0.000,3.688
2020-05-21,4.080,4.080,4.080,4.080,0.000,3.688
2020-05-20,4.080,4.080,4.080,4.080,0.000,3.688
2020-05-19,4.070,4.070,4.070,4.070,0.000,3.679
2020-05-18,4.070,4.070,4.070,4.070,0.000,3.679
2020-05-15,4.060,4.060,4.060,4.060,0.000,3.670
2020-05-14,4.060,4.060,4.060,4.060,0.000,3.670
2020-05-13,4.060,4.060,4.060,4.060,0.000,3.670
2020-05-12,4.060,4.060,4.060,4.060,0.000,3.670
2020-05-11,4.060,4.060,4.060,4.060,0.000,3.670
2020-05-08,4.060,4.060,4.060,4.060,0.000,3.670
2020-05-07,4.060,4.060,4.060,4.060,0.000,3.670
2020-05-06,4.050,4.050,4.050,4.050,0.000,3.661
2020-05-05,4.050,4.050,4.050,4.050,0.000,3.661
2020-05-04,4.050,4.050,4.050,4.050,0.000,3.661
2020-05-01,4.050,4.050,4.050,4.050,0.000,3.661
2020-04-30,4.050,4.050,4.050,4.050,0.000,3.661
2020-04-29,4.050,4.050,4.050,4.050,0.000,3.651
2020-04-28,4.040,4.040,4.040,4.040,0.000,3.642
2020-04-27,4.040,4.040,4.040,4.040,0.000,3.642
2020-04-24,4.040,4.040,4.040,4.040,0.000,3.642
2020-04-23,4.040,4.040,4.040,4.040,0.000,3.642
2020-04-22,4.030,4.030,4.030,4.030,0.000,3.633
2020-04-21,4.030,4.030,4.030,4.030,0.000,3.633
2020-04-20,4.040,4.040,4.040,4.040,0.000,3.642
2020-04-17,4.040,4.040,4.040,4.040,0.000,3.642
2020-04-16,4.040,4.040,4.040,4.040,0.000,3.642
2020-04-15,4.040,4.040,4.040,4.040,0.000,3.642
2020-04-14,4.040,4.040,4.040,4.040,0.000,3.642
2020-04-13,4.030,4.030,4.030,4.030,0.000,3.633
2020-04-09,4.010,4.010,4.010,4.010,0.000,3.615
2020-04-08,3.980,3.980,3.980,3.980,0.000,3.588
2020-04-07,3.970,3.970,3.970,3.970,0.000,3.579
2020-04-06,3.960,3.960,3.960,3.960,0.000,3.570
2020-04-03,3.960,3.960,3.960,3.960,0.000,3.570
2020-04-02,3.960,3.960,3.960,3.960,0.000,3.570
2020-04-01,3.960,3.960,3.960,3.960,0.000,3.570
2020-03-31,3.960,3.960,3.960,3.960,0.000,3.570
2020-03-30,3.940,3.940,3.940,3.940,0.000,3.542
2020-03-27,3.920,3.920,3.920,3.920,0.000,3.524
2020-03-26,3.880,3.880,3.880,3.880,0.000,3.488
2020-03-25,3.840,3.840,3.840,3.840,0.000,3.452
2020-03-24,3.870,3.870,3.870,3.870,0.000,3.479
2020-03-23,3.880,3.880,3.880,3.880,0.000,3.488
2020-03-20,3.920,3.920,3.920,3.920,0.000,3.524
2020-03-19,3.960,3.960,3.960,3.960,0.000,3.560
2020-03-18,4.010,4.010,4.010,4.010,0.000,3.605
2020-03-17,4.060,4.060,4.060,4.060,0.000,3.650
2020-03-16,4.090,4.090,4.090,4.090,0.000,3.677
2020-03-13,4.130,4.130,4.130,4.130,0.000,3.713
2020-03-12,4.150,4.150,4.150,4.150,0.000,3.731
2020-03-11,4.180,4.180,4.180,4.180,0.000,3.758
2020-03-10,4.190,4.190,4.190,4.190,0.000,3.767
2020-03-09,4.210,4.210,4.210,4.210,0.000,3.785
2020-03-06,4.240,4.240,4.240,4.240,0.000,3.812
2020-03-05,4.250,4.250,4.250,4.250,0.000,3.821
2020-03-04,4.250,4.250,4.250,4.250,0.000,3.821
2020-03-03,4.250,4.250,4.250,4.250,0.000,3.821
2020-03-02,4.240,4.240,4.240,4.240,0.000,3.812
2020-02-28,4.240,4.240,4.240,4.240,0.000,3.812
2020-02-27,4.240,4.240,4.240,4.240,0.000,3.802
2020-02-26,4.240,4.240,4.240,4.240,0.000,3.802
2020-02-25,4.240,4.240,4.240,4.240,0.000,3.802
2020-02-24,4.240,4.240,4.240,4.240,0.000,3.802
2020-02-21,4.240,4.240,4.240,4.240,0.000,3.802
2020-02-20,4.230,4.230,4.230,4.230,0.000,3.793
2020-02-19,4.230,4.230,4.230,4.230,0.000,3.793
2020-02-18,4.230,4.230,4.230,4.230,0.000,3.793
2020-02-14,4.230,4.230,4.230,4.230,0.000,3.793
2020-02-13,4.230,4.230,4.230,4.230,0.000,3.793
2020-02-12,4.230,4.230,4.230,4.230,0.000,3.793
2020-02-11,4.240,4.240,4.240,4.240,0.000,3.802
2020-02-10,4.240,4.240,4.240,4.240,0.000,3.802
2020-02-07,4.230,4.230,4.230,4.230,0.000,3.793
2020-02-06,4.230,4.230,4.230,4.230,0.000,3.793
2020-02-05,4.230,4.230,4.230,4.230,0.000,3.793
2020-02-04,4.230,4.230,4.230,4.230,0.000,3.793
2020-02-03,4.240,4.240,4.240,4.240,0.000,3.802
2020-01-31,4.240,4.240,4.240,4.240,0.000,3.802
2020-01-30,4.230,4.230,4.230,4.230,0.000,3.783
2020-01-29,4.230,4.230,4.230,4.230,0.000,3.783
2020-01-28,4.230,4.230,4.230,4.230,0.000,3.783
2020-01-27,4.230,4.230,4.230,4.230,0.000,3.783
2020-01-24,4.230,4.230,4.230,4.230,0.000,3.783
2020-01-23,4.230,4.230,4.230,4.230,0.000,3.783
2020-01-22,4.230,4.230,4.230,4.230,0.000,3.783
2020-01-21,4.230,4.230,4.230,4.230,0.000,3.783
2020-01-17,4.220,4.220,4.220,4.220,0.000,3.774
2020-01-16,4.220,4.220,4.220,4.220,0.000,3.774
2020-01-15,4.220,4.220,4.220,4.220,0.000,3.774
2020-01-14,4.220,4.220,4.220,4.220,0.000,3.774
2020-01-13,4.220,4.220,4.220,4.220,0.000,3.774
2020-01-10,4.220,4.220,4.220,4.220,0.000,3.774
2020-01-09,4.220,4.220,4.220,4.220,0.000,3.774
2020-01-08,4.220,4.220,4.220,4.220,0.000,3.774
2020-01-07,4.220,4.220,4.220,4.220,0.000,3.774
2020-01-06,4.220,4.220,4.220,4.220,0.000,3.774
2020-01-03,4.220,4.220,4.220,4.220,0.000,3.774
2020-01-02,4.220,4.220,4.220,4.220,0.000,3.774
2019-12-31,4.220,4.220,4.220,4.220,0.000,3.774
2019-12-30,4.220,4.220,4.220,4.220,0.000,3.764
2019-12-27,4.220,4.220,4.220,4.220,0.000,3.764
2019-12-26,4.220,4.220,4.220,4.220,0.000,3.764
2019-12-24,4.220,4.220,4.220,4.220,0.000,3.764
2019-12-23,4.210,4.210,4.210,4.210,0.000,3.755
2019-12-20,4.220,4.220,4.220,4.220,0.000,3.764
2019-12-19,4.220,4.220,4.220,4.220,0.000,3.764
2019-12-18,4.220,4.220,4.220,4.220,0.000,3.764
2019-12-17,4.220,4.220,4.220,4.220,0.000,3.764
2019-12-16,4.220,4.220,4.220,4.220,0.000,3.764
2019-12-13,4.220,4.220,4.220,4.220,0.000,3.764
2019-12-12,4.210,4.210,4.210,4.210,0.000,3.755
2019-12-11,4.220,4.220,4.220,4.220,0.000,3.764
2019-12-10,4.210,4.210,4.210,4.210,0.000,3.755
2019-12-09,4.220,4.220,4.220,4.220,0.000,3.764
2019-12-06,4.220,4.220,4.220,4.220,0.000,3.764
2019-12-05,4.220,4.220,4.220,4.220,0.000,3.764
2019-12-04,4.220,4.220,4.220,4.220,0.000,3.764
2019-12-03,4.220,4.220,4.220,4.220,0.000,3.764
2019-12-02,4.210,4.210,4.210,4.210,0.000,3.755
2019-11-29,4.220,4.220,4.220,4.220,0.000,3.764
2019-11-27,4.220,4.220,4.220,4.220,0.000,3.754
2019-11-26,4.220,4.220,4.220,4.220,0.000,3.754
2019-11-25,4.220,4.220,4.220,4.220,0.000,3.754
2019-11-22,4.220,4.220,4.220,4.220,0.000,3.754
2019-11-21,4.220,4.220,4.220,4.220,0.000,3.754
2019-11-20,4.220,4.220,4.220,4.220,0.000,3.754
2019-11-19,4.220,4.220,4.220,4.220,0.000,3.754
2019-11-18,4.220,4.220,4.220,4.220,0.000,3.754
2019-11-15,4.220,4.220,4.220,4.220,0.000,3.754
2019-11-14,4.220,4.220,4.220,4.220,0.000,3.754
2019-11-13,4.220,4.220,4.220,4.220,0.000,3.754
2019-11-12,4.210,4.210,4.210,4.210,0.000,3.745
2019-11-11,4.210,4.210,4.210,4.210,0.000,3.745
2019-11-08,4.210,4.210,4.210,4.210,0.000,3.745
2019-11-07,4.210,4.210,4.210,4.210,0.000,3.745
2019-11-06,4.220,4.220,4.220,4.220,0.000,3.754
2019-11-05,4.220,4.220,4.220,4.220,0.000,3.754
2019-11-04,4.220,4.220,4.220,4.220,0.000,3.754
2019-11-01,4.220,4.220,4.220,4.220,0.000,3.754
2019-10-31,4.220,4.220,4.220,4.220,0.000,3.754
2019-10-30,4.220,4.220,4.220,4.220,0.000,3.744
2019-10-29,4.220,4.220,4.220,4.220,0.000,3.744
2019-10-28,4.220,4.220,4.220,4.220,0.000,3.744
2019-10-25,4.220,4.220,4.220,4.220,0.000,3.744
2019-10-24,4.220,4.220,4.220,4.220,0.000,3.744
2019-10-23,4.220,4.220,4.220,4.220,0.000,3.744
2019-10-22,4.220,4.220,4.220,4.220,0.000,3.744
2019-10-21,4.220,4.220,4.220,4.220,0.000,3.744
2019-10-18,4.220,4.220,4.220,4.220,0.000,3.744
2019-10-17,4.220,4.220,4.220,4.220,0.000,3.744
2019-10-16,4.220,4.220,4.220,4.220,0.000,3.744
2019-10-15,4.220,4.220,4.220,4.220,0.000,3.744
2019-10-14,4.220,4.220,4.220,4.220,0.000,3.744
2019-10-11,4.220,4.220,4.220,4.220,0.000,3.744
2019-10-10,4.220,4.220,4.220,4.220,0.000,3.744
2019-10-09,4.230,4.230,4.230,4.230,0.000,3.753
2019-10-08,4.230,4.230,4.230,4.230,0.000,3.753
2019-10-07,4.230,4.230,4.230,4.230,0.000,3.753
2019-10-04,4.230,4.230,4.230,4.230,0.000,3.753
2019-10-03,4.230,4.230,4.230,4.230,0.000,3.753
2019-10-02,4.230,4.230,4.230,4.230,0.000,3.753
2019-10-01,4.230,4.230,4.230,4.230,0.000,3.753
2019-09-30,4.220,4.220,4.220,4.220,0.000,3.744
2019-09-27,4.220,4.220,4.220,4.220,0.000,3.733
2019-09-26,4.220,4.220,4.220,4.220,0.000,3.733
2019-09-25,4.220,4.220,4.220,4.220,0.000,3.733
2019-09-24,4.230,4.230,4.230,4.230,0.000,3.742
2019-09-23,4.220,4.220,4.220,4.220,0.000,3.733
2019-09-20,4.220,4.220,4.220,4.220,0.000,3.733
2019-09-19,4.220,4.220,4.220,4.220,0.000,3.733
2019-09-18,4.220,4.220,4.220,4.220,0.000,3.733
2019-09-17,4.220,4.220,4.220,4.220,0.000,3.733
2019-09-16,4.220,4.220,4.220,4.220,0.000,3.733
2019-09-13,4.210,4.210,4.210,4.210,0.000,3.724
2019-09-12,4.220,4.220,4.220,4.220,0.000,3.733
2019-09-11,4.220,4.220,4.220,4.220,0.000,3.733
2019-09-10,4.220,4.220,4.220,4.220,0.000,3.733
2019-09-09,4.230,4.230,4.230,4.230,0.000,3.742
2019-09-06,4.230,4.230,4.230,4.230,0.000,3.742
2019-09-05,4.230,4.230,4.230,4.230,0.000,3.742
2019-09-04,4.240,4.240,4.240,4.240,0.000,3.750
2019-09-03,4.230,4.230,4.230,4.230,0.000,3.742
2019-08-30,4.230,4.230,4.230,4.230,0.000,3.742
2019-08-29,4.230,4.230,4.230,4.230,0.000,3.731
2019-08-28,4.230,4.230,4.230,4.230,0.000,3.731
2019-08-27,4.230,4.230,4.230,4.230,0.000,3.731
2019-08-26,4.230,4.230,4.230,4.230,0.000,3.731
2019-08-23,4.230,4.230,4.230,4.230,0.000,3.731
2019-08-22,4.230,4.230,4.230,4.230,0.000,3.731
2019-08-21,4.230,4.230,4.230,4.230,0.000,3.731
2019-08-20,4.230,4.230,4.230,4.230,0.000,3.731
2019-08-19,4.230,4.230,4.230,4.230,0.000,3.731
2019-08-16,4.230,4.230,4.230,4.230,0.000,3.731
2019-08-15,4.230,4.230,4.230,4.230,0.000,3.731
2019-08-14,4.220,4.220,4.220,4.220,0.000,3.722
2019-08-13,4.220,4.220,4.220,4.220,0.000,3.722
2019-08-12,4.230,4.230,4.230,4.230,0.000,3.731
2019-08-09,4.230,4.230,4.230,4.230,0.000,3.731
2019-08-08,4.230,4.230,4.230,4.230,0.000,3.731
2019-08-07,4.230,4.230,4.230,4.230,0.000,3.731
2019-08-06,4.230,4.230,4.230,4.230,0.000,3.731
2019-08-05,4.230,4.230,4.230,4.230,0.000,3.731
2019-08-02,4.230,4.230,4.230,4.230,0.000,3.731
2019-08-01,4.230,4.230,4.230,4.230,0.000,3.731
2019-07-31,4.220,4.220,4.220,4.220,0.000,3.722
2019-07-30,4.220,4.220,4.220,4.220,0.000,3.711
2019-07-29,4.220,4.220,4.220,4.220,0.000,3.711
2019-07-26,4.220,4.220,4.220,4.220,0.000,3.711
2019-07-25,4.220,4.220,4.220,4.220,0.000,3.711
2019-07-24,4.220,4.220,4.220,4.220,0.000,3.711
2019-07-23,4.220,4.220,4.220,4.220,0.000,3.711
2019-07-22,4.220,4.220,4.220,4.220,0.000,3.711
2019-07-19,4.220,4.220,4.220,4.220,0.000,3.711
2019-07-18,4.220,4.220,4.220,4.220,0.000,3.711
2019-07-17,4.220,4.220,4.220,4.220,0.000,3.711
2019-07-16,4.220,4.220,4.220,4.220,0.000,3.711
2019-07-15,4.220,4.220,4.220,4.220,0.000,3.711
2019-07-12,4.220,4.220,4.220,4.220,0.000,3.711
2019-07-11,4.220,4.220,4.220,4.220,0.000,3.711
2019-07-10,4.220,4.220,4.220,4.220,0.000,3.711
2019-07-09,4.220,4.220,4.220,4.220,0.000,3.711
2019-07-08,4.220,4.220,4.220,4.220,0.000,3.711
2019-07-05,4.220,4.220,4.220,4.220,0.000,3.711
2019-07-03,4.230,4.230,4.230,4.230,0.000,3.719
2019-07-02,4.230,4.230,4.230,4.230,0.000,3.719
2019-07-01,4.220,4.220,4.220,4.220,0.000,3.711
2019-06-28,4.230,4.230,4.230,4.230,0.000,3.719
2019-06-27,4.220,4.220,4.220,4.220,0.000,3.699
2019-06-26,4.220,4.220,4.220,4.220,0.000,3.699
2019-06-25,4.230,4.230,4.230,4.230,0.000,3.708
2019-06-24,4.230,4.230,4.230,4.230,0.000,3.708
2019-06-21,4.220,4.220,4.220,4.220,0.000,3.699
2019-06-20,4.220,4.220,4.220,4.220,0.000,3.699
2019-06-19,4.220,4.220,4.220,4.220,0.000,3.699
2019-06-18,4.220,4.220,4.220,4.220,0.000,3.699
2019-06-17,4.210,4.210,4.210,4.210,0.000,3.691
2019-06-14,4.220,4.220,4.220,4.220,0.000,3.699
2019-06-13,4.220,4.220,4.220,4.220,0.000,3.699
2019-06-12,4.210,4.210,4.210,4.210,0.000,3.691
2019-06-11,4.210,4.210,4.210,4.210,0.000,3.691
2019-06-10,4.210,4.210,4.210,4.210,0.000,3.691
2019-06-07,4.210,4.210,4.210,4.210,0.000,3.691
2019-06-06,4.210,4.210,4.210,4.210,0.000,3.691
2019-06-05,4.210,4.210,4.210,4.210,0.000,3.691
2019-06-04,4.210,4.210,4.210,4.210,0.000,3.691
2019-06-03,4.210,4.210,4.210,4.210,0.000,3.691
2019-05-31,4.210,4.210,4.210,4.210,0.000,3.691
2019-05-30,4.200,4.200,4.200,4.200,0.000,3.670
2019-05-29,4.200,4.200,4.200,4.200,0.000,3.670
2019-05-28,4.200,4.200,4.200,4.200,0.000,3.670
2019-05-24,4.200,4.200,4.200,4.200,0.000,3.670
2019-05-23,4.200,4.200,4.200,4.200,0.000,3.670
2019-05-22,4.200,4.200,4.200,4.200,0.000,3.670
2019-05-21,4.200,4.200,4.200,4.200,0.000,3.670
2019-05-20,4.200,4.200,4.200,4.200,0.000,3.670
2019-05-17,4.200,4.200,4.200,4.200,0.000,3.670
2019-05-16,4.200,4.200,4.200,4.200,0.000,3.670
2019-05-15,4.200,4.200,4.200,4.200,0.000,3.670
2019-05-14,4.200,4.200,4.200,4.200,0.000,3.670
2019-05-13,4.200,4.200,4.200,4.200,0.000,3.670
2019-05-10,4.200,4.200,4.200,4.200,0.000,3.670
2019-05-09,4.200,4.200,4.200,4.200,0.000,3.670
2019-05-08,4.200,4.200,4.200,4.200,0.000,3.670
2019-05-07,4.200,4.200,4.200,4.200,0.000,3.670
2019-05-06,4.200,4.200,4.200,4.200,0.000,3.670
2019-05-03,4.190,4.190,4.190,4.190,0.000,3.662
2019-05-02,4.190,4.190,4.190,4.190,0.000,3.662
2019-05-01,4.200,4.200,4.200,4.200,0.000,3.670
2019-04-30,4.200,4.200,4.200,4.200,0.000,3.670
2019-04-29,4.200,4.200,4.200,4.200,0.000,3.659
2019-04-26,4.200,4.200,4.200,4.200,0.000,3.659
2019-04-25,4.190,4.190,4.190,4.190,0.000,3.650
2019-04-24,4.200,4.200,4.200,4.200,0.000,3.659
2019-04-23,4.190,4.190,4.190,4.190,0.000,3.650
2019-04-22,4.190,4.190,4.190,4.190,0.000,3.650
2019-04-18,4.190,4.190,4.190,4.190,0.000,3.650
2019-04-17,4.190,4.190,4.190,4.190,0.000,3.650
2019-04-16,4.190,4.190,4.190,4.190,0.000,3.650
2019-04-15,4.190,4.190,4.190,4.190,0.000,3.650
2019-04-12,4.190,4.190,4.190,4.190,0.000,3.650
2019-04-11,4.190,4.190,4.190,4.190,0.000,3.650
2019-04-10,4.200,4.200,4.200,4.200,0.000,3.659
2019-04-09,4.190,4.190,4.190,4.190,0.000,3.650
2019-04-08,4.190,4.190,4.190,4.190,0.000,3.650
2019-04-05,4.190,4.190,4.190,4.190,0.000,3.650
2019-04-04,4.190,4.190,4.190,4.190,0.000,3.650
2019-04-03,4.190,4.190,4.190,4.190,0.000,3.650
2019-04-02,4.190,4.190,4.190,4.190,0.000,3.650
2019-04-01,4.190,4.190,4.190,4.190,0.000,3.650
2019-03-29,4.200,4.200,4.200,4.200,0.000,3.659
2019-03-28,4.200,4.200,4.200,4.200,0.000,3.648
2019-03-27,4.200,4.200,4.200,4.200,0.000,3.648
2019-03-26,4.200,4.200,4.200,4.200,0.000,3.648
2019-03-25,4.200,4.200,4.200,4.200,0.000,3.648
2019-03-22,4.200,4.200,4.200,4.200,0.000,3.648
2019-03-21,4.190,4.190,4.190,4.190,0.000,3.639
2019-03-20,4.190,4.190,4.190,4.190,0.000,3.639
2019-03-19,4.180,4.180,4.180,4.180,0.000,3.630
2019-03-18,4.180,4.180,4.180,4.180,0.000,3.630
2019-03-15,4.190,4.190,4.190,4.190,0.000,3.639
2019-03-14,4.180,4.180,4.180,4.180,0.000,3.630
2019-03-13,4.180,4.180,4.180,4.180,0.000,3.630
2019-03-12,4.180,4.180,4.180,4.180,0.000,3.630
2019-03-11,4.180,4.180,4.180,4.180,0.000,3.630
2019-03-08,4.180,4.180,4.180,4.180,0.000,3.630
2019-03-07,4.180,4.180,4.180,4.180,0.000,3.630
2019-03-06,4.180,4.180,4.180,4.180,0.000,3.630
2019-03-05,4.180,4.180,4.180,4.180,0.000,3.630
2019-03-04,4.180,4.180,4.180,4.180,0.000,3.630
2019-03-01,4.170,4.170,4.170,4.170,0.000,3.622
2019-02-28,4.180,4.180,4.180,4.180,0.000,3.630
2019-02-27,4.180,4.180,4.180,4.180,0.000,3.619
2019-02-26,4.180,4.180,4.180,4.180,0.000,3.619
2019-02-25,4.180,4.180,4.180,4.180,0.000,3.619
2019-02-22,4.180,4.180,4.180,4.180,0.000,3.619
2019-02-21,4.180,4.180,4.180,4.180,0.000,3.619
2019-02-20,4.180,4.180,4.180,4.180,0.000,3.619
2019-02-19,4.180,4.180,4.180,4.180,0.000,3.619
2019-02-15,4.170,4.170,4.170,4.170,0.000,3.610
2019-02-14,4.180,4.180,4.180,4.180,0.000,3.619
2019-02-13,4.170,4.170,4.170,4.170,0.000,3.610
2019-02-12,4.170,4.170,4.170,4.170,0.000,3.610
2019-02-11,4.170,4.170,4.170,4.170,0.000,3.610
2019-02-08,4.180,4.180,4.180,4.180,0.000,3.619
2019-02-07,4.180,4.180,4.180,4.180,0.000,3.619
2019-02-06,4.170,4.170,4.170,4.170,0.000,3.610
2019-02-05,4.170,4.170,4.170,4.170,0.000,3.610
2019-02-04,4.170,4.170,4.170,4.170,0.000,3.610
2019-02-01,4.170,4.170,4.170,4.170,0.000,3.610
2019-01-31,4.170,4.170,4.170,4.170,0.000,3.610
2019-01-30,4.170,4.170,4.170,4.170,0.000,3.599
2019-01-29,4.160,4.160,4.160,4.160,0.000,3.590
2019-01-28,4.160,4.160,4.160,4.160,0.000,3.590
2019-01-25,4.160,4.160,4.160,4.160,0.000,3.590
2019-01-24,4.160,4.160,4.160,4.160,0.000,3.590
2019-01-23,4.160,4.160,4.160,4.160,0.000,3.590
2019-01-22,4.160,4.160,4.160,4.160,0.000,3.590
2019-01-18,4.160,4.160,4.160,4.160,0.000,3.590
2019-01-17,4.160,4.160,4.160,4.160,0.000,3.590
2019-01-16,4.160,4.160,4.160,4.160,0.000,3.590
2019-01-15,4.160,4.160,4.160,4.160,0.000,3.590
2019-01-14,4.160,4.160,4.160,4.160,0.000,3.590
2019-01-11,4.160,4.160,4.160,4.160,0.000,3.590
2019-01-10,4.150,4.150,4.150,4.150,0.000,3.582
2019-01-09,4.150,4.150,4.150,4.150,0.000,3.582
2019-01-08,4.150,4.150,4.150,4.150,0.000,3.582
2019-01-07,4.150,4.150,4.150,4.150,0.000,3.582
2019-01-04,4.150,4.150,4.150,4.150,0.000,3.582
2019-01-03,4.160,4.160,4.160,4.160,0.000,3.590
2019-01-02,4.150,4.150,4.150,4.150,0.000,3.582
2018-12-31,4.150,4.150,4.150,4.150,0.000,3.582
2018-12-28,4.150,4.150,4.150,4.150,0.000,3.571
2018-12-27,4.140,4.140,4.140,4.140,0.000,3.562
2018-12-26,4.140,4.140,4.140,4.140,0.000,3.562
2018-12-24,4.150,4.150,4.150,4.150,0.000,3.571
2018-12-21,4.140,4.140,4.140,4.140,0.000,3.562
2018-12-20,4.140,4.140,4.140,4.140,0.000,3.562
2018-12-19,4.150,4.150,4.150,4.150,0.000,3.571
2018-12-18,4.150,4.150,4.150,4.150,0.000,3.571
2018-12-17,4.150,4.150,4.150,4.150,0.000,3.571
2018-12-14,4.150,4.150,4.150,4.150,0.000,3.571
2018-12-13,4.150,4.150,4.150,4.150,0.000,3.571
2018-12-12,4.150,4.150,4.150,4.150,0.000,3.571
2018-12-11,4.150,4.150,4.150,4.150,0.000,3.571
2018-12-10,4.150,4.150,4.150,4.150,0.000,3.571
2018-12-07,4.150,4.150,4.150,4.150,0.000,3.571
2018-12-06,4.150,4.150,4.150,4.150,0.000,3.571
2018-12-04,4.150,4.150,4.150,4.150,0.000,3.571
2018-12-03,4.150,4.150,4.150,4.150,0.000,3.571
2018-11-30,4.150,4.150,4.150,4.150,0.000,3.571
2018-11-29,4.150,4.150,4.150,4.150,0.000,3.559
2018-11-28,4.150,4.150,4.150,4.150,0.000,3.559
2018-11-27,4.150,4.150,4.150,4.150,0.000,3.559
2018-11-26,4.150,4.150,4.150,4.150,0.000,3.559
2018-11-23,4.150,4.150,4.150,4.150,0.000,3.559
2018-11-21,4.150,4.150,4.150,4.150,0.000,3.559
2018-11-20,4.150,4.150,4.150,4.150,0.000,3.559
2018-11-19,4.150,4.150,4.150,4.150,0.000,3.559
2018-11-16,4.150,4.150,4.150,4.150,0.000,3.559
2018-11-15,4.150,4.150,4.150,4.150,0.000,3.559
2018-11-14,4.150,4.150,4.150,4.150,0.000,3.559
2018-11-13,4.150,4.150,4.150,4.150,0.000,3.559
2018-11-12,4.150,4.150,4.150,4.150,0.000,3.559
2018-11-09,4.150,4.150,4.150,4.150,0.000,3.559
2018-11-08,4.150,4.150,4.150,4.150,0.000,3.559
2018-11-07,4.150,4.150,4.150,4.150,0.000,3.559
2018-11-06,4.150,4.150,4.150,4.150,0.000,3.559
2018-11-05,4.150,4.150,4.150,4.150,0.000,3.559
2018-11-02,4.150,4.150,4.150,4.150,0.000,3.559
2018-11-01,4.160,4.160,4.160,4.160,0.000,3.568
2018-10-31,4.150,4.150,4.150,4.150,0.000,3.559
2018-10-30,4.160,4.160,4.160,4.160,0.000,3.557
2018-10-29,4.160,4.160,4.160,4.160,0.000,3.557
2018-10-26,4.160,4.160,4.160,4.160,0.000,3.557
2018-10-25,4.160,4.160,4.160,4.160,0.000,3.557
2018-10-24,4.160,4.160,4.160,4.160,0.000,3.557
2018-10-23,4.160,4.160,4.160,4.160,0.000,3.557
2018-10-22,4.160,4.160,4.160,4.160,0.000,3.557
2018-10-19,4.160,4.160,4.160,4.160,0.000,3.557
2018-10-18,4.160,4.160,4.160,4.160,0.000,3.557
2018-10-17,4.160,4.160,4.160,4.160,0.000,3.557
2018-10-16,4.160,4.160,4.160,4.160,0.000,3.557
2018-10-15,4.160,4.160,4.160,4.160,0.000,3.557
2018-10-12,4.160,4.160,4.160,4.160,0.000,3.557
2018-10-11,4.160,4.160,4.160,4.160,0.000,3.557
2018-10-10,4.160,4.160,4.160,4.160,0.000,3.557
2018-10-09,4.160,4.160,4.160,4.160,0.000,3.557
2018-10-08,4.160,4.160,4.160,4.160,0.000,3.557
2018-10-05,4.160,4.160,4.160,4.160,0.000,3.557
2018-10-04,4.170,4.170,4.170,4.170,0.000,3.565
2018-10-03,4.170,4.170,4.170,4.170,0.000,3.565
2018-10-02,4.170,4.170,4.170,4.170,0.000,3.565
2018-10-01,4.170,4.170,4.170,4.170,0.000,3.565
2018-09-28,4.170,4.170,4.170,4.170,0.000,3.565
2018-09-27,4.170,4.170,4.170,4.170,0.000,3.553
2018-09-26,4.170,4.170,4.170,4.170,0.000,3.553
2018-09-25,4.170,4.170,4.170,4.170,0.000,3.553
2018-09-24,4.170,4.170,4.170,4.170,0.000,3.553
2018-09-21,4.170,4.170,4.170,4.170,0.000,3.553
2018-09-20,4.170,4.170,4.170,4.170,0.000,3.553
2018-09-19,4.170,4.170,4.170,4.170,0.000,3.553
2018-09-18,4.170,4.170,4.170,4.170,0.000,3.553
2018-09-17,4.170,4.170,4.170,4.170,0.000,3.553
2018-09-14,4.170,4.170,4.170,4.170,0.000,3.553
2018-09-13,4.180,4.180,4.180,4.180,0.000,3.562
2018-09-12,4.180,4.180,4.180,4.180,0.000,3.562
2018-09-11,4.170,4.170,4.170,4.170,0.000,3.553
2018-09-10,4.180,4.180,4.180,4.180,0.000,3.562
2018-09-07,4.180,4.180,4.180,4.180,0.000,3.562
2018-09-06,4.180,4.180,4.180,4.180,0.000,3.562
2018-09-05,4.180,4.180,4.180,4.180,0.000,3.562
2018-09-04,4.180,4.180,4.180,4.180,0.000,3.562
2018-08-31,4.180,4.180,4.180,4.180,0.000,3.562
2018-08-30,4.180,4.180,4.180,4.180,0.000,3.550
2018-08-29,4.180,4.180,4.180,4.180,0.000,3.550
2018-08-28,4.180,4.180,4.180,4.180,0.000,3.550
2018-08-27,4.180,4.180,4.180,4.180,0.000,3.550
2018-08-24,4.190,4.190,4.190,4.190,0.000,3.559
2018-08-23,4.190,4.190,4.190,4.190,0.000,3.559
2018-08-22,4.190,4.190,4.190,4.190,0.000,3.559
2018-08-21,4.190,4.190,4.190,4.190,0.000,3.559
2018-08-20,4.190,4.190,4.190,4.190,0.000,3.559
2018-08-17,4.180,4.180,4.180,4.180,0.000,3.550
2018-08-16,4.180,4.180,4.180,4.180,0.000,3.550
2018-08-15,4.180,4.180,4.180,4.180,0.000,3.550
2018-08-14,4.180,4.180,4.180,4.180,0.000,3.550
2018-08-13,4.180,4.180,4.180,4.180,0.000,3.550
2018-08-10,4.190,4.190,4.190,4.190,0.000,3.559
2018-08-09,4.180,4.180,4.180,4.180,0.000,3.550
2018-08-08,4.180,4.180,4.180,4.180,0.000,3.550
2018-08-07,4.180,4.180,4.180,4.180,0.000,3.550
2018-08-06,4.180,4.180,4.180,4.180,0.000,3.550
2018-08-03,4.180,4.180,4.180,4.180,0.000,3.550
2018-08-02,4.180,4.180,4.180,4.180,0.000,3.550
2018-08-01,4.180,4.180,4.180,4.180,0.000,3.550
2018-07-31,4.180,4.180,4.180,4.180,0.000,3.550
2018-07-30,4.180,4.180,4.180,4.180,0.000,3.539
2018-07-27,4.180,4.180,4.180,4.180,0.000,3.539
2018-07-26,4.180,4.180,4.180,4.180,0.000,3.539
2018-07-25,4.180,4.180,4.180,4.180,0.000,3.539
2018-07-24,4.180,4.180,4.180,4.180,0.000,3.539
2018-07-23,4.180,4.180,4.180,4.180,0.000,3.539
2018-07-20,4.190,4.190,4.190,4.190,0.000,3.547
2018-07-19,4.190,4.190,4.190,4.190,0.000,3.547
2018-07-18,4.190,4.190,4.190,4.190,0.000,3.547
2018-07-17,4.190,4.190,4.190,4.190,0.000,3.547
2018-07-16,4.190,4.190,4.190,4.190,0.000,3.547
2018-07-13,4.190,4.190,4.190,4.190,0.000,3.547
2018-07-12,4.190,4.190,4.190,4.190,0.000,3.547
2018-07-11,4.190,4.190,4.190,4.190,0.000,3.547
2018-07-10,4.190,4.190,4.190,4.190,0.000,3.547
2018-07-09,4.190,4.190,4.190,4.190,0.000,3.547
2018-07-06,4.190,4.190,4.190,4.190,0.000,3.547
2018-07-05,4.190,4.190,4.190,4.190,0.000,3.547
2018-07-03,4.190,4.190,4.190,4.190,0.000,3.547
2018-07-02,4.190,4.190,4.190,4.190,0.000,3.547
2018-06-29,4.190,4.190,4.190,4.190,0.000,3.547
2018-06-28,4.190,4.190,4.190,4.190,0.000,3.536
2018-06-27,4.190,4.190,4.190,4.190,0.000,3.536
2018-06-26,4.190,4.190,4.190,4.190,0.000,3.536
2018-06-25,4.190,4.190,4.190,4.190,0.000,3.536
2018-06-22,4.190,4.190,4.190,4.190,0.000,3.536
2018-06-21,4.190,4.190,4.190,4.190,0.000,3.536
2018-06-20,4.190,4.190,4.190,4.190,0.000,3.536
2018-06-19,4.190,4.190,4.190,4.190,0.000,3.536
2018-06-18,4.190,4.190,4.190,4.190,0.000,3.536
2018-06-15,4.190,4.190,4.190,4.190,0.000,3.536
2018-06-14,4.190,4.190,4.190,4.190,0.000,3.536
2018-06-13,4.190,4.190,4.190,4.190,0.000,3.536
2018-06-12,4.190,4.190,4.190,4.190,0.000,3.536
2018-06-11,4.190,4.190,4.190,4.190,0.000,3.536
2018-06-08,4.190,4.190,4.190,4.190,0.000,3.536
2018-06-07,4.200,4.200,4.200,4.200,0.000,3.544
2018-06-06,4.190,4.190,4.190,4.190,0.000,3.536
2018-06-05,4.200,4.200,4.200,4.200,0.000,3.544
2018-06-04,4.190,4.190,4.190,4.190,0.000,3.536
2018-06-01,4.200,4.200,4.200,4.200,0.000,3.544
2018-05-31,4.200,4.200,4.200,4.200,0.000,3.544
2018-05-30,4.200,4.200,4.200,4.200,0.000,3.533
2018-05-29,4.210,4.210,4.210,4.210,0.000,3.541
2018-05-25,4.200,4.200,4.200,4.200,0.000,3.533
2018-05-24,4.200,4.200,4.200,4.200,0.000,3.533
2018-05-23,4.190,4.190,4.190,4.190,0.000,3.525
2018-05-22,4.190,4.190,4.190,4.190,0.000,3.525
2018-05-21,4.190,4.190,4.190,4.190,0.000,3.525
2018-05-18,4.190,4.190,4.190,4.190,0.000,3.525
2018-05-17,4.190,4.190,4.190,4.190,0.000,3.525
2018-05-16,4.190,4.190,4.190,4.190,0.000,3.525
2018-05-15,4.190,4.190,4.190,4.190,0.000,3.525
2018-05-14,4.200,4.200,4.200,4.200,0.000,3.533
2018-05-11,4.200,4.200,4.200,4.200,0.000,3.533
2018-05-10,4.200,4.200,4.200,4.200,0.000,3.533
2018-05-09,4.190,4.190,4.190,4.190,0.000,3.525
2018-05-08,4.200,4.200,4.200,4.200,0.000,3.533
2018-05-07,4.200,4.200,4.200,4.200,0.000,3.533
2018-05-04,4.200,4.200,4.200,4.200,0.000,3.533
2018-05-03,4.200,4.200,4.200,4.200,0.000,3.533
2018-05-02,4.200,4.200,4.200,4.200,0.000,3.533
2018-05-01,4.200,4.200,4.200,4.200,0.000,3.533
2018-04-30,4.200,4.200,4.200,4.200,0.000,3.533
2018-04-27,4.200,4.200,4.200,4.200,0.000,3.521
2018-04-26,4.200,4.200,4.200,4.200,0.000,3.521
2018-04-25,4.200,4.200,4.200,4.200,0.000,3.521
2018-04-24,4.200,4.200,4.200,4.200,0.000,3.521
2018-04-23,4.200,4.200,4.200,4.200,0.000,3.521
2018-04-20,4.200,4.200,4.200,4.200,0.000,3.521
2018-04-19,4.200,4.200,4.200,4.200,0.000,3.521
2018-04-18,4.210,4.210,4.210,4.210,0.000,3.530
2018-04-17,4.210,4.210,4.210,4.210,0.000,3.530
2018-04-16,4.210,4.210,4.210,4.210,0.000,3.530
2018-04-13,4.210,4.210,4.210,4.210,0.000,3.530
2018-04-12,4.210,4.210,4.210,4.210,0.000,3.530
2018-04-11,4.210,4.210,4.210,4.210,0.000,3.530
2018-04-10,4.210,4.210,4.210,4.210,0.000,3.530
2018-04-09,4.210,4.210,4.210,4.210,0.000,3.530
2018-04-06,4.210,4.210,4.210,4.210,0.000,3.530
2018-04-05,4.210,4.210,4.210,4.210,0.000,3.530
2018-04-04,4.210,4.210,4.210,4.210,0.000,3.530
2018-04-03,4.210,4.210,4.210,4.210,0.000,3.530
2018-04-02,4.210,4.210,4.210,4.210,0.000,3.530
2018-03-29,4.210,4.210,4.210,4.210,0.000,3.530
2018-03-28,4.210,4.210,4.210,4.210,0.000,3.519
2018-03-27,4.210,4.210,4.210,4.210,0.000,3.519
2018-03-26,4.210,4.210,4.210,4.210,0.000,3.519
2018-03-23,4.210,4.210,4.210,4.210,0.000,3.519
2018-03-22,4.210,4.210,4.210,4.210,0.000,3.519
2018-03-21,4.210,4.210,4.210,4.210,0.000,3.519
2018-03-20,4.210,4.210,4.210,4.210,0.000,3.519
2018-03-19,4.210,4.210,4.210,4.210,0.000,3.519
2018-03-16,4.210,4.210,4.210,4.210,0.000,3.519
2018-03-15,4.210,4.210,4.210,4.210,0.000,3.519
2018-03-14,4.220,4.220,4.220,4.220,0.000,3.527
2018-03-13,4.220,4.220,4.220,4.220,0.000,3.527
2018-03-12,4.220,4.220,4.220,4.220,0.000,3.527
2018-03-09,4.220,4.220,4.220,4.220,0.000,3.527
2018-03-08,4.220,4.220,4.220,4.220,0.000,3.527
2018-03-07,4.220,4.220,4.220,4.220,0.000,3.527
2018-03-06,4.220,4.220,4.220,4.220,0.000,3.527
2018-03-05,4.220,4.220,4.220,4.220,0.000,3.527
2018-03-02,4.220,4.220,4.220,4.220,0.000,3.527
2018-03-01,4.220,4.220,4.220,4.220,0.000,3.527
2018-02-28,4.220,4.220,4.220,4.220,0.000,3.527
2018-02-27,4.220,4.220,4.220,4.220,0.000,3.516
2018-02-26,4.220,4.220,4.220,4.220,0.000,3.516
2018-02-23,4.220,4.220,4.220,4.220,0.000,3.516
2018-02-22,4.220,4.220,4.220,4.220,0.000,3.516
2018-02-21,4.220,4.220,4.220,4.220,0.000,3.516
2018-02-20,4.220,4.220,4.220,4.220,0.000,3.516
2018-02-16,4.230,4.230,4.230,4.230,0.000,3.525
2018-02-15,4.220,4.220,4.220,4.220,0.000,3.516
2018-02-14,4.220,4.220,4.220,4.220,0.000,3.516
2018-02-13,4.230,4.230,4.230,4.230,0.000,3.525
2018-02-12,4.230,4.230,4.230,4.230,0.000,3.525
2018-02-09,4.230,4.230,4.230,4.230,0.000,3.525
2018-02-08,4.230,4.230,4.230,4.230,0.000,3.525
2018-02-07,4.230,4.230,4.230,4.230,0.000,3.525
2018-02-06,4.240,4.240,4.240,4.240,0.000,3.533
2018-02-05,4.240,4.240,4.240,4.240,0.000,3.533
2018-02-02,4.240,4.240,4.240,4.240,0.000,3.533
2018-02-01,4.240,4.240,4.240,4.240,0.000,3.533
2018-01-31,4.240,4.240,4.240,4.240,0.000,3.533
2018-01-30,4.240,4.240,4.240,4.240,0.000,3.522
2018-01-29,4.240,4.240,4.240,4.240,0.000,3.522
2018-01-26,4.240,4.240,4.240,4.240,0.000,3.522
2018-01-25,4.240,4.240,4.240,4.240,0.000,3.522
2018-01-24,4.250,4.250,4.250,4.250,0.000,3.530
2018-01-23,4.250,4.250,4.250,4.250,0.000,3.530
2018-01-22,4.240,4.240,4.240,4.240,0.000,3.522
2018-01-19,4.240,4.240,4.240,4.240,0.000,3.522
2018-01-18,4.250,4.250,4.250,4.250,0.000,3.530
2018-01-17,4.250,4.250,4.250,4.250,0.000,3.530
2018-01-16,4.250,4.250,4.250,4.250,0.000,3.530
2018-01-12,4.250,4.250,4.250,4.250,0.000,3.530
2018-01-11,4.250,4.250,4.250,4.250,0.000,3.530
2018-01-10,4.250,4.250,4.250,4.250,0.000,3.530
2018-01-09,4.250,4.250,4.250,4.250,0.000,3.530
2018-01-08,4.250,4.250,4.250,4.250,0.000,3.530
2018-01-05,4.250,4.250,4.250,4.250,0.000,3.530
2018-01-04,4.260,4.260,4.260,4.260,0.000,3.539
2018-01-03,4.260,4.260,4.260,4.260,0.000,3.539
2018-01-02,4.260,4.260,4.260,4.260,0.000,3.539
2017-12-29,4.260,4.260,4.260,4.260,0.000,3.539
2017-12-28,4.260,4.260,4.260,4.260,0.000,3.528
2017-12-27,4.260,4.260,4.260,4.260,0.000,3.528
2017-12-26,4.260,4.260,4.260,4.260,0.000,3.528
2017-12-22,4.260,4.260,4.260,4.260,0.000,3.528
2017-12-21,4.260,4.260,4.260,4.260,0.000,3.528
2017-12-20,4.260,4.260,4.260,4.260,0.000,3.528
2017-12-19,4.260,4.260,4.260,4.260,0.000,3.528
2017-12-18,4.260,4.260,4.260,4.260,0.000,3.528
2017-12-15,4.260,4.260,4.260,4.260,0.000,3.528
2017-12-14,4.260,4.260,4.260,4.260,0.000,3.528
2017-12-13,4.270,4.270,4.270,4.270,0.000,3.536
2017-12-12,4.260,4.260,4.260,4.260,0.000,3.528
2017-12-11,4.260,4.260,4.260,4.260,0.000,3.528
2017-12-08,4.260,4.260,4.260,4.260,0.000,3.528
2017-12-07,4.270,4.270,4.270,4.270,0.000,3.536
2017-12-06,4.270,4.270,4.270,4.270,0.000,3.536
2017-12-05,4.270,4.270,4.270,4.270,0.000,3.536
2017-12-04,4.270,4.270,4.270,4.270,0.000,3.536
2017-12-01,4.270,4.270,4.270,4.270,0.000,3.536
2017-11-30,4.270,4.270,4.270,4.270,0.000,3.536
2017-11-29,4.270,4.270,4.270,4.270,0.000,3.525
2017-11-28,4.270,4.270,4.270,4.270,0.000,3.525
2017-11-27,4.270,4.270,4.270,4.270,0.000,3.525
2017-11-24,4.270,4.270,4.270,4.270,0.000,3.525
2017-11-22,4.270,4.270,4.270,4.270,0.000,3.525
2017-11-21,4.270,4.270,4.270,4.270,0.000,3.525
2017-11-20,4.270,4.270,4.270,4.270,0.000,3.525
2017-11-17,4.270,4.270,4.270,4.270,0.000,3.525
2017-11-16,4.270,4.270,4.270,4.270,0.000,3.525
2017-11-15,4.270,4.270,4.270,4.270,0.000,3.525
2017-11-14,4.270,4.270,4.270,4.270,0.000,3.525
2017-11-13,4.270,4.270,4.270,4.270,0.000,3.525
2017-11-10,4.270,4.270,4.270,4.270,0.000,3.525
2017-11-09,4.280,4.280,4.280,4.280,0.000,3.534
2017-11-08,4.280,4.280,4.280,4.280,0.000,3.534
2017-11-07,4.280,4.280,4.280,4.280,0.000,3.534
2017-11-06,4.280,4.280,4.280,4.280,0.000,3.534
2017-11-03,4.280,4.280,4.280,4.280,0.000,3.534
2017-11-02,4.280,4.280,4.280,4.280,0.000,3.534
2017-11-01,4.280,4.280,4.280,4.280,0.000,3.534
2017-10-31,4.280,4.280,4.280,4.280,0.000,3.534
2017-10-30,4.280,4.280,4.280,4.280,0.000,3.524
2017-10-27,4.280,4.280,4.280,4.280,0.000,3.524
2017-10-26,4.280,4.280,4.280,4.280,0.000,3.524
2017-10-25,4.280,4.280,4.280,4.280,0.000,3.524
2017-10-24,4.280,4.280,4.280,4.280,0.000,3.524
2017-10-23,4.280,4.280,4.280,4.280,0.000,3.524
2017-10-20,4.280,4.280,4.280,4.280,0.000,3.524
2017-10-19,4.290,4.290,4.290,4.290,0.000,3.532
2017-10-18,4.280,4.280,4.280,4.280,0.000,3.524
2017-10-17,4.290,4.290,4.290,4.290,0.000,3.532
2017-10-16,4.290,4.290,4.290,4.290,0.000,3.532
2017-10-13,4.290,4.290,4.290,4.290,0.000,3.532
2017-10-12,4.290,4.290,4.290,4.290,0.000,3.532
2017-10-11,4.290,4.290,4.290,4.290,0.000,3.532
2017-10-10,4.290,4.290,4.290,4.290,0.000,3.532
2017-10-09,4.290,4.290,4.290,4.290,0.000,3.532
2017-10-06,4.290,4.290,4.290,4.290,0.000,3.532
2017-10-05,4.290,4.290,4.290,4.290,0.000,3.532
2017-10-04,4.290,4.290,4.290,4.290,0.000,3.532
2017-10-03,4.290,4.290,4.290,4.290,0.000,3.532
2017-10-02,4.290,4.290,4.290,4.290,0.000,3.532
2017-09-29,4.290,4.290,4.290,4.290,0.000,3.532
2017-09-28,4.290,4.290,4.290,4.290,0.000,3.521
2017-09-27,4.290,4.290,4.290,4.290,0.000,3.521
2017-09-26,4.290,4.290,4.290,4.290,0.000,3.521
2017-09-25,4.290,4.290,4.290,4.290,0.000,3.521
2017-09-22,4.290,4.290,4.290,4.290,0.000,3.521
2017-09-21,4.290,4.290,4.290,4.290,0.000,3.521
2017-09-20,4.290,4.290,4.290,4.290,0.000,3.521
2017-09-19,4.290,4.290,4.290,4.290,0.000,3.521
2017-09-18,4.290,4.290,4.290,4.290,0.000,3.521
2017-09-15,4.290,4.290,4.290,4.290,0.000,3.521
2017-09-14,4.300,4.300,4.300,4.300,0.000,3.530
2017-09-13,4.300,4.300,4.300,4.300,0.000,3.530
2017-09-12,4.300,4.300,4.300,4.300,0.000,3.530
2017-09-11,4.300,4.300,4.300,4.300,0.000,3.530
2017-09-08,4.300,4.300,4.300,4.300,0.000,3.530
2017-09-07,4.300,4.300,4.300,4.300,0.000,3.530
2017-09-06,4.300,4.300,4.300,4.300,0.000,3.530
2017-09-05,4.300,4.300,4.300,4.300,0.000,3.530
2017-09-01,4.300,4.300,4.300,4.300,0.000,3.530
2017-08-31,4.300,4.300,4.300,4.300,0.000,3.530
2017-08-30,4.300,4.300,4.300,4.300,0.000,3.519
2017-08-29,4.300,4.300,4.300,4.300,0.000,3.519
2017-08-28,4.300,4.300,4.300,4.300,0.000,3.519
2017-08-25,4.300,4.300,4.300,4.300,0.000,3.519
2017-08-24,4.300,4.300,4.300,4.300,0.000,3.519
2017-08-23,4.300,4.300,4.300,4.300,0.000,3.519
2017-08-22,4.300,4.300,4.300,4.300,0.000,3.519
2017-08-21,4.300,4.300,4.300,4.300,0.000,3.519
2017-08-18,4.300,4.300,4.300,4.300,0.000,3.519
2017-08-17,4.300,4.300,4.300,4.300,0.000,3.519
2017-08-16,4.300,4.300,4.300,4.300,0.000,3.519
2017-08-15,4.300,4.300,4.300,4.300,0.000,3.519
2017-08-14,4.300,4.300,4.300,4.300,0.000,3.519
2017-08-11,4.300,4.300,4.300,4.300,0.000,3.519
2017-08-10,4.300,4.300,4.300,4.300,0.000,3.519
2017-08-09,4.300,4.300,4.300,4.300,0.000,3.519
2017-08-08,4.300,4.300,4.300,4.300,0.000,3.519
2017-08-07,4.300,4.300,4.300,4.300,0.000,3.519
2017-08-04,4.300,4.300,4.300,4.300,0.000,3.519
2017-08-03,4.300,4.300,4.300,4.300,0.000,3.519
2017-08-02,4.300,4.300,4.300,4.300,0.000,3.519
2017-08-01,4.300,4.300,4.300,4.300,0.000,3.519
2017-07-31,4.300,4.300,4.300,4.300,0.000,3.519
2017-07-28,4.300,4.300,4.300,4.300,0.000,3.508
2017-07-27,4.300,4.300,4.300,4.300,0.000,3.508
2017-07-26,4.300,4.300,4.300,4.300,0.000,3.508
2017-07-25,4.300,4.300,4.300,4.300,0.000,3.508
2017-07-24,4.300,4.300,4.300,4.300,0.000,3.508
2017-07-21,4.300,4.300,4.300,4.300,0.000,3.508
2017-07-20,4.300,4.300,4.300,4.300,0.000,3.508
2017-07-19,4.300,4.300,4.300,4.300,0.000,3.508
2017-07-18,4.300,4.300,4.300,4.300,0.000,3.508
2017-07-17,4.300,4.300,4.300,4.300,0.000,3.508
2017-07-14,4.300,4.300,4.300,4.300,0.000,3.508
2017-07-13,4.300,4.300,4.300,4.300,0.000,3.508
2017-07-12,4.300,4.300,4.300,4.300,0.000,3.508
2017-07-11,4.300,4.300,4.300,4.300,0.000,3.508
2017-07-10,4.300,4.300,4.300,4.300,0.000,3.508
2017-07-07,4.290,4.290,4.290,4.290,0.000,3.500
2017-07-06,4.300,4.300,4.300,4.300,0.000,3.508
2017-07-05,4.300,4.300,4.300,4.300,0.000,3.508
2017-07-03,4.300,4.300,4.300,4.300,0.000,3.508
2017-06-30,4.300,4.300,4.300,4.300,0.000,3.508
2017-06-29,4.300,4.300,4.300,4.300,0.000,3.498
2017-06-28,4.300,4.300,4.300,4.300,0.000,3.498
2017-06-27,4.300,4.300,4.300,4.300,0.000,3.498
2017-06-26,4.300,4.300,4.300,4.300,0.000,3.498
2017-06-23,4.300,4.300,4.300,4.300,0.000,3.498
2017-06-22,4.300,4.300,4.300,4.300,0.000,3.498
2017-06-21,4.300,4.300,4.300,4.300,0.000,3.498
2017-06-20,4.300,4.300,4.300,4.300,0.000,3.498
2017-06-19,4.300,4.300,4.300,4.300,0.000,3.498
2017-06-16,4.310,4.310,4.310,4.310,0.000,3.506
2017-06-15,4.310,4.310,4.310,4.310,0.000,3.506
2017-06-14,4.310,4.310,4.310,4.310,0.000,3.506
2017-06-13,4.310,4.310,4.310,4.310,0.000,3.506
2017-06-12,4.310,4.310,4.310,4.310,0.000,3.506
2017-06-09,4.310,4.310,4.310,4.310,0.000,3.506
2017-06-08,4.310,4.310,4.310,4.310,0.000,3.506
2017-06-07,4.310,4.310,4.310,4.310,0.000,3.506
2017-06-06,4.310,4.310,4.310,4.310,0.000,3.506
2017-06-05,4.310,4.310,4.310,4.310,0.000,3.506
2017-06-02,4.310,4.310,4.310,4.310,0.000,3.506
2017-06-01,4.310,4.310,4.310,4.310,0.000,3.506
2017-05-31,4.310,4.310,4.310,4.310,0.000,3.506
2017-05-30,4.310,4.310,4.310,4.310,0.000,3.495
2017-05-26,4.310,4.310,4.310,4.310,0.000,3.495
2017-05-25,4.310,4.310,4.310,4.310,0.000,3.495
2017-05-24,4.310,4.310,4.310,4.310,0.000,3.495
2017-05-23,4.310,4.310,4.310,4.310,0.000,3.495
2017-05-22,4.310,4.310,4.310,4.310,0.000,3.495
2017-05-19,4.310,4.310,4.310,4.310,0.000,3.495
2017-05-18,4.310,4.310,4.310,4.310,0.000,3.495
2017-05-17,4.320,4.320,4.320,4.320,0.000,3.503
2017-05-16,4.310,4.310,4.310,4.310,0.000,3.495
2017-05-15,4.310,4.310,4.310,4.310,0.000,3.495
2017-05-12,4.310,4.310,4.310,4.310,0.000,3.495
2017-05-11,4.310,4.310,4.310,4.310,0.000,3.495
2017-05-10,4.310,4.310,4.310,4.310,0.000,3.495
2017-05-09,4.310,4.310,4.310,4.310,0.000,3.495
2017-05-08,4.310,4.310,4.310,4.310,0.000,3.495
2017-05-05,4.310,4.310,4.310,4.310,0.000,3.495
2017-05-04,4.310,4.310,4.310,4.310,0.000,3.495
2017-05-03,4.310,4.310,4.310,4.310,0.000,3.495
2017-05-02,4.310,4.310,4.310,4.310,0.000,3.495
2017-05-01,4.310,4.310,4.310,4.310,0.000,3.495
2017-04-28,4.310,4.310,4.310,4.310,0.000,3.495
2017-04-27,4.310,4.310,4.310,4.310,0.000,3.485
2017-04-26,4.310,4.310,4.310,4.310,0.000,3.485
2017-04-25,4.310,4.310,4.310,4.310,0.000,3.485
2017-04-24,4.310,4.310,4.310,4.310,0.000,3.485
2017-04-21,4.320,4.320,4.320,4.320,0.000,3.493
2017-04-20,4.310,4.310,4.310,4.310,0.000,3.485
2017-04-19,4.320,4.320,4.320,4.320,0.000,3.493
2017-04-18,4.320,4.320,4.320,4.320,0.000,3.493
2017-04-17,4.310,4.310,4.310,4.310,0.000,3.485
2017-04-13,4.320,4.320,4.320,4.320,0.000,3.493
2017-04-12,4.310,4.310,4.310,4.310,0.000,3.485
2017-04-11,4.310,4.310,4.310,4.310,0.000,3.485
2017-04-10,4.310,4.310,4.310,4.310,0.000,3.485
2017-04-07,4.310,4.310,4.310,4.310,0.000,3.485
2017-04-06,4.310,4.310,4.310,4.310,0.000,3.485
2017-04-05,4.310,4.310,4.310,4.310,0.000,3.485
2017-04-04,4.310,4.310,4.310,4.310,0.000,3.485
2017-04-03,4.310,4.310,4.310,4.310,0.000,3.485
2017-03-31,4.310,4.310,4.310,4.310,0.000,3.485
2017-03-30,4.310,4.310,4.310,4.310,0.000,3.474
2017-03-29,4.310,4.310,4.310,4.310,0.000,3.474
2017-03-28,4.310,4.310,4.310,4.310,0.000,3.474
2017-03-27,4.310,4.310,4.310,4.310,0.000,3.474
2017-03-24,4.310,4.310,4.310,4.310,0.000,3.474
2017-03-23,4.310,4.310,4.310,4.310,0.000,3.474
2017-03-22,4.310,4.310,4.310,4.310,0.000,3.474
2017-03-21,4.310,4.310,4.310,4.310,0.000,3.474
2017-03-20,4.310,4.310,4.310,4.310,0.000,3.474
2017-03-17,4.300,4.300,4.300,4.300,0.000,3.466
2017-03-16,4.300,4.300,4.300,4.300,0.000,3.466
2017-03-15,4.300,4.300,4.300,4.300,0.000,3.466
2017-03-14,4.300,4.300,4.300,4.300,0.000,3.466
2017-03-13,4.300,4.300,4.300,4.300,0.000,3.466
2017-03-10,4.300,4.300,4.300,4.300,0.000,3.466
2017-03-09,4.300,4.300,4.300,4.300,0.000,3.466
2017-03-08,4.310,4.310,4.310,4.310,0.000,3.474
2017-03-07,4.310,4.310,4.310,4.310,0.000,3.474
2017-03-06,4.310,4.310,4.310,4.310,0.000,3.474
2017-03-03,4.310,4.310,4.310,4.310,0.000,3.474
2017-03-02,4.310,4.310,4.310,4.310,0.000,3.474
2017-03-01,4.310,4.310,4.310,4.310,0.000,3.474
2017-02-28,4.320,4.320,4.320,4.320,0.000,3.482
2017-02-27,4.320,4.320,4.320,4.320,0.000,3.471
2017-02-24,4.320,4.320,4.320,4.320,0.000,3.471
2017-02-23,4.320,4.320,4.320,4.320,0.000,3.471
2017-02-22,4.320,4.320,4.320,4.320,0.000,3.471
2017-02-21,4.320,4.320,4.320,4.320,0.000,3.471
2017-02-17,4.320,4.320,4.320,4.320,0.000,3.471
2017-02-16,4.320,4.320,4.320,4.320,0.000,3.471
2017-02-15,4.310,4.310,4.310,4.310,0.000,3.463
2017-02-14,4.320,4.320,4.320,4.320,0.000,3.471
2017-02-13,4.320,4.320,4.320,4.320,0.000,3.471
2017-02-10,4.320,4.320,4.320,4.320,0.000,3.471
2017-02-09,4.320,4.320,4.320,4.320,0.000,3.471
2017-02-08,4.320,4.320,4.320,4.320,0.000,3.471
2017-02-07,4.320,4.320,4.320,4.320,0.000,3.471
2017-02-06,4.320,4.320,4.320,4.320,0.000,3.471
2017-02-03,4.320,4.320,4.320,4.320,0.000,3.471
2017-02-02,4.320,4.320,4.320,4.320,0.000,3.471
2017-02-01,4.320,4.320,4.320,4.320,0.000,3.471
2017-01-31,4.320,4.320,4.320,4.320,0.000,3.471
2017-01-30,4.320,4.320,4.320,4.320,0.000,3.460
2017-01-27,4.320,4.320,4.320,4.320,0.000,3.460
2017-01-26,4.310,4.310,4.310,4.310,0.000,3.452
2017-01-25,4.310,4.310,4.310,4.310,0.000,3.452
2017-01-24,4.310,4.310,4.310,4.310,0.000,3.452
2017-01-23,4.320,4.320,4.320,4.320,0.000,3.460
2017-01-20,4.310,4.310,4.310,4.310,0.000,3.452
2017-01-19,4.310,4.310,4.310,4.310,0.000,3.452
2017-01-18,4.320,4.320,4.320,4.320,0.000,3.460
2017-01-17,4.320,4.320,4.320,4.320,0.000,3.460
2017-01-13,4.320,4.320,4.320,4.320,0.000,3.460
2017-01-12,4.320,4.320,4.320,4.320,0.000,3.460
2017-01-11,4.320,4.320,4.320,4.320,0.000,3.460
2017-01-10,4.320,4.320,4.320,4.320,0.000,3.460
2017-01-09,4.320,4.320,4.320,4.320,0.000,3.460
2017-01-06,4.320,4.320,4.320,4.320,0.000,3.460
2017-01-05,4.320,4.320,4.320,4.320,0.000,3.460
2017-01-04,4.310,4.310,4.310,4.310,0.000,3.452
2017-01-03,4.310,4.310,4.310,4.310,0.000,3.452
2016-12-30,4.310,4.310,4.310,4.310,0.000,3.452
2016-12-29,4.310,4.310,4.310,4.310,0.000,3.440
2016-12-28,4.310,4.310,4.310,4.310,0.000,3.440
2016-12-27,4.310,4.310,4.310,4.310,0.000,3.440
2016-12-23,4.310,4.310,4.310,4.310,0.000,3.440
2016-12-22,4.310,4.310,4.310,4.310,0.000,3.440
2016-12-21,4.310,4.310,4.310,4.310,0.000,3.440
2016-12-20,4.310,4.310,4.310,4.310,0.000,3.440
2016-12-19,4.310,4.310,4.310,4.310,0.000,3.440
2016-12-16,4.310,4.310,4.310,4.310,0.000,3.440
2016-12-15,4.310,4.310,4.310,4.310,0.000,3.440
2016-12-14,4.310,4.310,4.310,4.310,0.000,3.440
2016-12-13,4.320,4.320,4.320,4.320,0.000,3.448
2016-12-12,4.320,4.320,4.320,4.320,0.000,3.448
2016-12-09,4.320,4.320,4.320,4.320,0.000,3.448
2016-12-08,4.320,4.320,4.320,4.320,0.000,3.448
2016-12-07,4.320,4.320,4.320,4.320,0.000,3.448
2016-12-06,4.320,4.320,4.320,4.320,0.000,3.448
2016-12-05,4.320,4.320,4.320,4.320,0.000,3.448
2016-12-02,4.320,4.320,4.320,4.320,0.000,3.448
2016-12-01,4.320,4.320,4.320,4.320,0.000,3.448
2016-11-30,4.320,4.320,4.320,4.320,0.000,3.448
2016-11-29,4.320,4.320,4.320,4.320,0.000,3.437
2016-11-28,4.320,4.320,4.320,4.320,0.000,3.437
2016-11-25,4.320,4.320,4.320,4.320,0.000,3.437
2016-11-23,4.320,4.320,4.320,4.320,0.000,3.437
2016-11-22,4.320,4.320,4.320,4.320,0.000,3.437
2016-11-21,4.320,4.320,4.320,4.320,0.000,3.437
2016-11-18,4.320,4.320,4.320,4.320,0.000,3.437
2016-11-17,4.320,4.320,4.320,4.320,0.000,3.437
2016-11-16,4.330,4.330,4.330,4.330,0.000,3.445
2016-11-15,4.330,4.330,4.330,4.330,0.000,3.445
2016-11-14,4.320,4.320,4.320,4.320,0.000,3.437
2016-11-11,4.330,4.330,4.330,4.330,0.000,3.445
2016-11-10,4.330,4.330,4.330,4.330,0.000,3.445
2016-11-09,4.340,4.340,4.340,4.340,0.000,3.453
2016-11-08,4.340,4.340,4.340,4.340,0.000,3.453
2016-11-07,4.350,4.350,4.350,4.350,0.000,3.461
2016-11-04,4.350,4.350,4.350,4.350,0.000,3.461
2016-11-03,4.350,4.350,4.350,4.350,0.000,3.461
2016-11-02,4.350,4.350,4.350,4.350,0.000,3.461
2016-11-01,4.350,4.350,4.350,4.350,0.000,3.461
2016-10-31,4.350,4.350,4.350,4.350,0.000,3.461
2016-10-28,4.350,4.350,4.350,4.350,0.000,3.450
2016-10-27,4.350,4.350,4.350,4.350,0.000,3.450
2016-10-26,4.350,4.350,4.350,4.350,0.000,3.450
2016-10-25,4.350,4.350,4.350,4.350,0.000,3.450
2016-10-24,4.350,4.350,4.350,4.350,0.000,3.450
2016-10-21,4.350,4.350,4.350,4.350,0.000,3.450
2016-10-20,4.350,4.350,4.350,4.350,0.000,3.450
2016-10-19,4.350,4.350,4.350,4.350,0.000,3.450
2016-10-18,4.350,4.350,4.350,4.350,0.000,3.450
2016-10-17,4.350,4.350,4.350,4.350,0.000,3.450
2016-10-14,4.350,4.350,4.350,4.350,0.000,3.450
2016-10-13,4.350,4.350,4.350,4.350,0.000,3.450
2016-10-12,4.350,4.350,4.350,4.350,0.000,3.450
2016-10-11,4.350,4.350,4.350,4.350,0.000,3.450
2016-10-10,4.350,4.350,4.350,4.350,0.000,3.450
2016-10-07,4.350,4.350,4.350,4.350,0.000,3.450
2016-10-06,4.350,4.350,4.350,4.350,0.000,3.450
2016-10-05,4.350,4.350,4.350,4.350,0.000,3.450
2016-10-04,4.350,4.350,4.350,4.350,0.000,3.450
2016-10-03,4.350,4.350,4.350,4.350,0.000,3.450
2016-09-30,4.360,4.360,4.360,4.360,0.000,3.458
2016-09-29,4.360,4.360,4.360,4.360,0.000,3.447
2016-09-28,4.360,4.360,4.360,4.360,0.000,3.447
2016-09-27,4.360,4.360,4.360,4.360,0.000,3.447
2016-09-26,4.360,4.360,4.360,4.360,0.000,3.447
2016-09-23,4.360,4.360,4.360,4.360,0.000,3.447
2016-09-22,4.350,4.350,4.350,4.350,0.000,3.439
2016-09-21,4.350,4.350,4.350,4.350,0.000,3.439
2016-09-20,4.350,4.350,4.350,4.350,0.000,3.439
2016-09-19,4.350,4.350,4.350,4.350,0.000,3.439
2016-09-16,4.350,4.350,4.350,4.350,0.000,3.439
2016-09-15,4.360,4.360,4.360,4.360,0.000,3.447
2016-09-14,4.350,4.350,4.350,4.350,0.000,3.439
2016-09-13,4.350,4.350,4.350,4.350,0.000,3.439
2016-09-12,4.360,4.360,4.360,4.360,0.000,3.447
2016-09-09,4.360,4.360,4.360,4.360,0.000,3.447
2016-09-08,4.360,4.360,4.360,4.360,0.000,3.447
2016-09-07,4.360,4.360,4.360,4.360,0.000,3.447
2016-09-06,4.360,4.360,4.360,4.360,0.000,3.447
2016-09-02,4.360,4.360,4.360,4.360,0.000,3.447
2016-09-01,4.360,4.360,4.360,4.360,0.000,3.447
2016-08-31,4.360,4.360,4.360,4.360,0.000,3.447
2016-08-30,4.360,4.360,4.360,4.360,0.000,3.435
2016-08-29,4.360,4.360,4.360,4.360,0.000,3.435
2016-08-26,4.360,4.360,4.360,4.360,0.000,3.435
2016-08-25,4.360,4.360,4.360,4.360,0.000,3.435
2016-08-24,4.360,4.360,4.360,4.360,0.000,3.435
2016-08-23,4.360,4.360,4.360,4.360,0.000,3.435
2016-08-22,4.360,4.360,4.360,4.360,0.000,3.435
2016-08-19,4.360,4.360,4.360,4.360,0.000,3.435
2016-08-18,4.370,4.370,4.370,4.370,0.000,3.443
2016-08-17,4.360,4.360,4.360,4.360,0.000,3.435
2016-08-16,4.360,4.360,4.360,4.360,0.000,3.435
2016-08-15,4.360,4.360,4.360,4.360,0.000,3.435
2016-08-12,4.360,4.360,4.360,4.360,0.000,3.435
2016-08-11,4.360,4.360,4.360,4.360,0.000,3.435
2016-08-10,4.370,4.370,4.370,4.370,0.000,3.443
2016-08-09,4.360,4.360,4.360,4.360,0.000,3.435
2016-08-08,4.360,4.360,4.360,4.360,0.000,3.435
2016-08-05,4.360,4.360,4.360,4.360,0.000,3.435
2016-08-04,4.370,4.370,4.370,4.370,0.000,3.443
2016-08-03,4.360,4.360,4.360,4.360,0.000,3.435
2016-08-02,4.360,4.360,4.360,4.360,0.000,3.435
2016-08-01,4.360,4.360,4.360,4.360,0.000,3.435
2016-07-29,4.360,4.360,4.360,4.360,0.000,3.435
2016-07-28,4.360,4.360,4.360,4.360,0.000,3.435
2016-07-27,4.360,4.360,4.360,4.360,0.000,3.435
2016-07-26,4.360,4.360,4.360,4.360,0.000,3.435
2016-07-25,4.360,4.360,4.360,4.360,0.000,3.435
2016-07-22,4.360,4.360,4.360,4.360,0.000,3.435
2016-07-21,4.360,4.360,4.360,4.360,0.000,3.435
2016-07-20,4.360,4.360,4.360,4.360,0.000,3.435
2016-07-19,4.360,4.360,4.360,4.360,0.000,3.435
2016-07-18,4.360,4.360,4.360,4.360,0.000,3.435
2016-07-15,4.360,4.360,4.360,4.360,0.000,3.435
2016-07-14,4.360,4.360,4.360,4.360,0.000,3.435
2016-07-13,4.360,4.360,4.360,4.360,0.000,3.435
2016-07-12,4.360,4.360,4.360,4.360,0.000,3.435
2016-07-11,4.360,4.360,4.360,4.360,0.000,3.435
2016-07-08,4.360,4.360,4.360,4.360,0.000,3.435
2016-07-07,4.360,4.360,4.360,4.360,0.000,3.435
2016-07-06,4.360,4.360,4.360,4.360,0.000,3.435
2016-07-05,4.360,4.360,4.360,4.360,0.000,3.435
2016-07-01,4.360,4.360,4.360,4.360,0.000,3.435
2016-06-30,4.360,4.360,4.360,4.360,0.000,3.435
2016-06-29,4.360,4.360,4.360,4.360,0.000,3.424
2016-06-28,4.350,4.350,4.350,4.350,0.000,3.416
2016-06-27,4.350,4.350,4.350,4.350,0.000,3.416
2016-06-24,4.350,4.350,4.350,4.350,0.000,3.416
2016-06-23,4.350,4.350,4.350,4.350,0.000,3.416
2016-06-22,4.350,4.350,4.350,4.350,0.000,3.416
2016-06-21,4.350,4.350,4.350,4.350,0.000,3.416
2016-06-20,4.350,4.350,4.350,4.350,0.000,3.416
2016-06-17,4.350,4.350,4.350,4.350,0.000,3.416
2016-06-16,4.350,4.350,4.350,4.350,0.000,3.416
2016-06-15,4.350,4.350,4.350,4.350,0.000,3.416
2016-06-14,4.350,4.350,4.350,4.350,0.000,3.416
2016-06-13,4.360,4.360,4.360,4.360,0.000,3.424
2016-06-10,4.360,4.360,4.360,4.360,0.000,3.424
2016-06-09,4.350,4.350,4.350,4.350,0.000,3.416
2016-06-08,4.350,4.350,4.350,4.350,0.000,3.416
2016-06-07,4.350,4.350,4.350,4.350,0.000,3.416
2016-06-06,4.350,4.350,4.350,4.350,0.000,3.416
2016-06-03,4.350,4.350,4.350,4.350,0.000,3.416
2016-06-02,4.340,4.340,4.340,4.340,0.000,3.408
2016-06-01,4.340,4.340,4.340,4.340,0.000,3.408
2016-05-31,4.340,4.340,4.340,4.340,0.000,3.408
2016-05-27,4.340,4.340,4.340,4.340,0.000,3.397
2016-05-26,4.340,4.340,4.340,4.340,0.000,3.397
2016-05-25,4.340,4.340,4.340,4.340,0.000,3.397
2016-05-24,4.340,4.340,4.340,4.340,0.000,3.397
2016-05-23,4.340,4.340,4.340,4.340,0.000,3.397
2016-05-20,4.340,4.340,4.340,4.340,0.000,3.397
2016-05-19,4.340,4.340,4.340,4.340,0.000,3.397
2016-05-18,4.340,4.340,4.340,4.340,0.000,3.397
2016-05-17,4.350,4.350,4.350,4.350,0.000,3.405
2016-05-16,4.350,4.350,4.350,4.350,0.000,3.405
2016-05-13,4.350,4.350,4.350,4.350,0.000,3.405
2016-05-12,4.350,4.350,4.350,4.350,0.000,3.405
2016-05-11,4.350,4.350,4.350,4.350,0.000,3.405
2016-05-10,4.350,4.350,4.350,4.350,0.000,3.405
2016-05-09,4.350,4.350,4.350,4.350,0.000,3.405
2016-05-06,4.350,4.350,4.350,4.350,0.000,3.405
2016-05-05,4.350,4.350,4.350,4.350,0.000,3.405
2016-05-04,4.350,4.350,4.350,4.350,0.000,3.405
2016-05-03,4.350,4.350,4.350,4.350,0.000,3.405
2016-05-02,4.350,4.350,4.350,4.350,0.000,3.405
2016-04-29,4.350,4.350,4.350,4.350,0.000,3.405
2016-04-28,4.350,4.350,4.350,4.350,0.000,3.393
2016-04-27,4.340,4.340,4.340,4.340,0.000,3.385
2016-04-26,4.340,4.340,4.340,4.340,0.000,3.385
2016-04-25,4.340,4.340,4.340,4.340,0.000,3.385
2016-04-22,4.340,4.340,4.340,4.340,0.000,3.385
2016-04-21,4.340,4.340,4.340,4.340,0.000,3.385
2016-04-20,4.340,4.340,4.340,4.340,0.000,3.385
2016-04-19,4.340,4.340,4.340,4.340,0.000,3.385
2016-04-18,4.340,4.340,4.340,4.340,0.000,3.385
2016-04-15,4.340,4.340,4.340,4.340,0.000,3.385
2016-04-14,4.340,4.340,4.340,4.340,0.000,3.385
2016-04-13,4.330,4.330,4.330,4.330,0.000,3.378
2016-04-12,4.330,4.330,4.330,4.330,0.000,3.378
2016-04-11,4.330,4.330,4.330,4.330,0.000,3.378
2016-04-08,4.330,4.330,4.330,4.330,0.000,3.378
2016-04-07,4.330,4.330,4.330,4.330,0.000,3.378
2016-04-06,4.330,4.330,4.330,4.330,0.000,3.378
2016-04-05,4.330,4.330,4.330,4.330,0.000,3.378
2016-04-04,4.330,4.330,4.330,4.330,0.000,3.378
2016-04-01,4.330,4.330,4.330,4.330,0.000,3.378
2016-03-31,4.330,4.330,4.330,4.330,0.000,3.378
2016-03-30,4.320,4.320,4.320,4.320,0.000,3.359
2016-03-29,4.320,4.320,4.320,4.320,0.000,3.359
2016-03-28,4.320,4.320,4.320,4.320,0.000,3.359
2016-03-24,4.320,4.320,4.320,4.320,0.000,3.359
2016-03-23,4.320,4.320,4.320,4.320,0.000,3.359
2016-03-22,4.320,4.320,4.320,4.320,0.000,3.359
2016-03-21,4.320,4.320,4.320,4.320,0.000,3.359
2016-03-18,4.320,4.320,4.320,4.320,0.000,3.359
2016-03-17,4.310,4.310,4.310,4.310,0.000,3.351
2016-03-16,4.310,4.310,4.310,4.310,0.000,3.351
2016-03-15,4.300,4.300,4.300,4.300,0.000,3.343
2016-03-14,4.300,4.300,4.300,4.300,0.000,3.343
2016-03-11,4.300,4.300,4.300,4.300,0.000,3.343
2016-03-10,4.300,4.300,4.300,4.300,0.000,3.343
2016-03-09,4.300,4.300,4.300,4.300,0.000,3.343
2016-03-08,4.300,4.300,4.300,4.300,0.000,3.343
2016-03-07,4.300,4.300,4.300,4.300,0.000,3.343
2016-03-04,4.300,4.300,4.300,4.300,0.000,3.343
2016-03-03,4.300,4.300,4.300,4.300,0.000,3.343
2016-03-02,4.290,4.290,4.290,4.290,0.000,3.336
2016-03-01,4.290,4.290,4.290,4.290,0.000,3.336
2016-02-29,4.290,4.290,4.290,4.290,0.000,3.336
2016-02-26,4.290,4.290,4.290,4.290,0.000,3.325
2016-02-25,4.290,4.290,4.290,4.290,0.000,3.325
2016-02-24,4.280,4.280,4.280,4.280,0.000,3.317
2016-02-23,4.280,4.280,4.280,4.280,0.000,3.317
2016-02-22,4.280,4.280,4.280,4.280,0.000,3.317
2016-02-19,4.280,4.280,4.280,4.280,0.000,3.317
2016-02-18,4.290,4.290,4.290,4.290,0.000,3.325
2016-02-17,4.280,4.280,4.280,4.280,0.000,3.317
2016-02-16,4.280,4.280,4.280,4.280,0.000,3.317
2016-02-12,4.280,4.280,4.280,4.280,0.000,3.317
2016-02-11,4.280,4.280,4.280,4.280,0.000,3.317
2016-02-10,4.280,4.280,4.280,4.280,0.000,3.317
2016-02-09,4.280,4.280,4.280,4.280,0.000,3.317
2016-02-08,4.290,4.290,4.290,4.290,0.000,3.325
2016-02-05,4.290,4.290,4.290,4.290,0.000,3.325
2016-02-04,4.300,4.300,4.300,4.300,0.000,3.332
2016-02-03,4.300,4.300,4.300,4.300,0.000,3.332
2016-02-02,4.300,4.300,4.300,4.300,0.000,3.332
2016-02-01,4.300,4.300,4.300,4.300,0.000,3.332
2016-01-29,4.300,4.300,4.300,4.300,0.000,3.332
2016-01-28,4.300,4.300,4.300,4.300,0.000,3.332
2016-01-27,4.300,4.300,4.300,4.300,0.000,3.332
2016-01-26,4.300,4.300,4.300,4.300,0.000,3.332
2016-01-25,4.300,4.300,4.300,4.300,0.000,3.332
2016-01-22,4.290,4.290,4.290,4.290,0.000,3.325
2016-01-21,4.290,4.290,4.290,4.290,0.000,3.325
2016-01-20,4.290,4.290,4.290,4.290,0.000,3.325
2016-01-19,4.300,4.300,4.300,4.300,0.000,3.332
2016-01-15,4.310,4.310,4.310,4.310,0.000,3.340
2016-01-14,4.310,4.310,4.310,4.310,0.000,3.340
2016-01-13,4.320,4.320,4.320,4.320,0.000,3.348
2016-01-12,4.320,4.320,4.320,4.320,0.000,3.348
2016-01-11,4.320,4.320,4.320,4.320,0.000,3.348
2016-01-08,4.320,4.320,4.320,4.320,0.000,3.348
2016-01-07,4.320,4.320,4.320,4.320,0.000,3.348
2016-01-06,4.320,4.320,4.320,4.320,0.000,3.348
2016-01-05,4.320,4.320,4.320,4.320,0.000,3.348
2016-01-04,4.320,4.320,4.320,4.320,0.000,3.348
2015-12-31,4.320,4.320,4.320,4.320,0.000,3.348
2015-12-30,4.320,4.320,4.320,4.320,0.000,3.337
2015-12-29,4.320,4.320,4.320,4.320,0.000,3.337
2015-12-28,4.320,4.320,4.320,4.320,0.000,3.337
2015-12-24,4.320,4.320,4.320,4.320,0.000,3.337
2015-12-23,4.320,4.320,4.320,4.320,0.000,3.337
2015-12-22,4.320,4.320,4.320,4.320,0.000,3.337
2015-12-21,4.330,4.330,4.330,4.330,0.000,3.345
2015-12-18,4.330,4.330,4.330,4.330,0.000,3.345
2015-12-17,4.330,4.330,4.330,4.330,0.000,3.345
2015-12-16,4.330,4.330,4.330,4.330,0.000,3.345
2015-12-15,4.330,4.330,4.330,4.330,0.000,3.345
2015-12-14,4.330,4.330,4.330,4.330,0.000,3.345
2015-12-11,4.340,4.340,4.340,4.340,0.000,3.353
2015-12-10,4.340,4.340,4.340,4.340,0.000,3.353
2015-12-09,4.350,4.350,4.350,4.350,0.000,3.360
2015-12-08,4.350,4.350,4.350,4.350,0.000,3.360
2015-12-07,4.350,4.350,4.350,4.350,0.000,3.360
2015-12-04,4.350,4.350,4.350,4.350,0.000,3.360
2015-12-03,4.350,4.350,4.350,4.350,0.000,3.360
2015-12-02,4.360,4.360,4.360,4.360,0.000,3.368
2015-12-01,4.360,4.360,4.360,4.360,0.000,3.368
2015-11-30,4.360,4.360,4.360,4.360,0.000,3.368
2015-11-27,4.360,4.360,4.360,4.360,0.000,3.357
2015-11-25,4.360,4.360,4.360,4.360,0.000,3.357
2015-11-24,4.360,4.360,4.360,4.360,0.000,3.357
2015-11-23,4.360,4.360,4.360,4.360,0.000,3.357
2015-11-20,4.360,4.360,4.360,4.360,0.000,3.357
2015-11-19,4.360,4.360,4.360,4.360,0.000,3.357
2015-11-18,4.370,4.370,4.370,4.370,0.000,3.365
2015-11-17,4.370,4.370,4.370,4.370,0.000,3.365
2015-11-16,4.370,4.370,4.370,4.370,0.000,3.365
2015-11-13,4.370,4.370,4.370,4.370,0.000,3.365
2015-11-12,4.370,4.370,4.370,4.370,0.000,3.365
2015-11-11,4.370,4.370,4.370,4.370,0.000,3.365
2015-11-10,4.370,4.370,4.370,4.370,0.000,3.365
2015-11-09,4.370,4.370,4.370,4.370,0.000,3.365
2015-11-06,4.370,4.370,4.370,4.370,0.000,3.365
2015-11-05,4.380,4.380,4.380,4.380,0.000,3.373
2015-11-04,4.380,4.380,4.380,4.380,0.000,3.373
2015-11-03,4.380,4.380,4.380,4.380,0.000,3.373
2015-11-02,4.380,4.380,4.380,4.380,0.000,3.373
2015-10-30,4.380,4.380,4.380,4.380,0.000,3.373
2015-10-29,4.380,4.380,4.380,4.380,0.000,3.362
2015-10-28,4.380,4.380,4.380,4.380,0.000,3.362
2015-10-27,4.390,4.390,4.390,4.390,0.000,3.370
2015-10-26,4.390,4.390,4.390,4.390,0.000,3.370
2015-10-23,4.390,4.390,4.390,4.390,0.000,3.370
2015-10-22,4.390,4.390,4.390,4.390,0.000,3.370
2015-10-21,4.380,4.380,4.380,4.380,0.000,3.362
2015-10-20,4.380,4.380,4.380,4.380,0.000,3.362
2015-10-19,4.390,4.390,4.390,4.390,0.000,3.370
2015-10-16,4.390,4.390,4.390,4.390,0.000,3.370
2015-10-15,4.390,4.390,4.390,4.390,0.000,3.370
2015-10-14,4.390,4.390,4.390,4.390,0.000,3.370
2015-10-13,4.390,4.390,4.390,4.390,0.000,3.370
2015-10-12,4.390,4.390,4.390,4.390,0.000,3.370
2015-10-09,4.390,4.390,4.390,4.390,0.000,3.370
2015-10-08,4.380,4.380,4.380,4.380,0.000,3.362
2015-10-07,4.390,4.390,4.390,4.390,0.000,3.370
2015-10-06,4.380,4.380,4.380,4.380,0.000,3.362
2015-10-05,4.380,4.380,4.380,4.380,0.000,3.362
2015-10-02,4.380,4.380,4.380,4.380,0.000,3.362
2015-10-01,4.380,4.380,4.380,4.380,0.000,3.362
2015-09-30,4.380,4.380,4.380,4.380,0.000,3.362
2015-09-29,4.380,4.380,4.380,4.380,0.000,3.351
2015-09-28,4.380,4.380,4.380,4.380,0.000,3.351
2015-09-25,4.390,4.390,4.390,4.390,0.000,3.359
2015-09-24,4.390,4.390,4.390,4.390,0.000,3.359
2015-09-23,4.390,4.390,4.390,4.390,0.000,3.359
2015-09-22,4.390,4.390,4.390,4.390,0.000,3.359
2015-09-21,4.390,4.390,4.390,4.390,0.000,3.359
2015-09-18,4.390,4.390,4.390,4.390,0.000,3.359
2015-09-17,4.390,4.390,4.390,4.390,0.000,3.359
2015-09-16,4.390,4.390,4.390,4.390,0.000,3.359
2015-09-15,4.390,4.390,4.390,4.390,0.000,3.359
2015-09-14,4.390,4.390,4.390,4.390,0.000,3.359
2015-09-11,4.390,4.390,4.390,4.390,0.000,3.359
2015-09-10,4.390,4.390,4.390,4.390,0.000,3.359
2015-09-09,4.390,4.390,4.390,4.390,0.000,3.359
2015-09-08,4.390,4.390,4.390,4.390,0.000,3.359
2015-09-04,4.400,4.400,4.400,4.400,0.000,3.366
2015-09-03,4.400,4.400,4.400,4.400,0.000,3.366
2015-09-02,4.400,4.400,4.400,4.400,0.000,3.366
2015-09-01,4.400,4.400,4.400,4.400,0.000,3.366
2015-08-31,4.390,4.390,4.390,4.390,0.000,3.359
2015-08-28,4.400,4.400,4.400,4.400,0.000,3.356
2015-08-27,4.400,4.400,4.400,4.400,0.000,3.356
2015-08-26,4.400,4.400,4.400,4.400,0.000,3.356
2015-08-25,4.400,4.400,4.400,4.400,0.000,3.356
2015-08-24,4.400,4.400,4.400,4.400,0.000,3.356
2015-08-21,4.410,4.410,4.410,4.410,0.000,3.363
2015-08-20,4.410,4.410,4.410,4.410,0.000,3.363
2015-08-19,4.410,4.410,4.410,4.410,0.000,3.363
2015-08-18,4.400,4.400,4.400,4.400,0.000,3.356
2015-08-17,4.410,4.410,4.410,4.410,0.000,3.363
2015-08-14,4.410,4.410,4.410,4.410,0.000,3.363
2015-08-13,4.410,4.410,4.410,4.410,0.000,3.363
2015-08-12,4.410,4.410,4.410,4.410,0.000,3.363
2015-08-11,4.410,4.410,4.410,4.410,0.000,3.363
2015-08-10,4.410,4.410,4.410,4.410,0.000,3.363
2015-08-07,4.410,4.410,4.410,4.410,0.000,3.363
2015-08-06,4.420,4.420,4.420,4.420,0.000,3.371
2015-08-05,4.420,4.420,4.420,4.420,0.000,3.371
2015-08-04,4.420,4.420,4.420,4.420,0.000,3.371
2015-08-03,4.420,4.420,4.420,4.420,0.000,3.371
2015-07-31,4.420,4.420,4.420,4.420,0.000,3.371
2015-07-30,4.420,4.420,4.420,4.420,0.000,3.371
2015-07-29,4.420,4.420,4.420,4.420,0.000,3.371
2015-07-28,4.420,4.420,4.420,4.420,0.000,3.371
2015-07-27,4.430,4.430,4.430,4.430,0.000,3.379
2015-07-24,4.430,4.430,4.430,4.430,0.000,3.379
2015-07-23,4.430,4.430,4.430,4.430,0.000,3.379
2015-07-22,4.430,4.430,4.430,4.430,0.000,3.379
2015-07-21,4.430,4.430,4.430,4.430,0.000,3.379
2015-07-20,4.430,4.430,4.430,4.430,0.000,3.379
2015-07-17,4.430,4.430,4.430,4.430,0.000,3.379
2015-07-16,4.430,4.430,4.430,4.430,0.000,3.379
2015-07-15,4.440,4.440,4.440,4.440,0.000,3.386
2015-07-14,4.430,4.430,4.430,4.430,0.000,3.379
2015-07-13,4.430,4.430,4.430,4.430,0.000,3.379
2015-07-10,4.430,4.430,4.430,4.430,0.000,3.379
2015-07-09,4.440,4.440,4.440,4.440,0.000,3.386
2015-07-08,4.440,4.440,4.440,4.440,0.000,3.386
2015-07-07,4.440,4.440,4.440,4.440,0.000,3.386
2015-07-06,4.440,4.440,4.440,4.440,0.000,3.386
2015-07-02,4.440,4.440,4.440,4.440,0.000,3.386
