Date,Open,High,Low,Close,Volume,Adj Close,,2023-06-23
2023-06-23,93.000,95.110,92.330,93.670,2920800.000,93.670
2023-06-22,91.660,96.150,90.880,94.500,4383200.000,94.500
2023-06-21,96.320,97.100,91.850,91.940,5481200.000,91.940
2023-06-20,95.600,97.980,95.300,96.680,3210700.000,96.680
2023-06-16,98.630,98.800,95.270,95.750,4529300.000,95.750
2023-06-15,95.260,99.130,95.190,98.190,3717300.000,98.190
2023-06-14,97.230,98.215,95.370,96.280,3305900.000,96.280
2023-06-13,99.740,100.300,96.550,97.750,2700400.000,97.750
2023-06-12,95.080,97.740,94.750,97.700,2859500.000,97.700
2023-06-09,97.030,98.730,94.912,95.630,4057400.000,95.630
2023-06-08,92.730,96.130,92.079,96.020,3861600.000,96.020
2023-06-07,101.680,102.655,93.310,93.590,7638000.000,93.590
2023-06-06,100.060,103.120,99.975,101.850,4747800.000,101.850
2023-06-05,97.630,100.573,96.060,100.350,4180500.000,100.350
2023-06-02,99.990,103.800,98.729,98.770,7891000.000,98.770
2023-06-01,93.000,96.080,91.660,94.990,4204600.000,94.990
2023-05-31,93.090,95.620,92.540,94.910,4830000.000,94.910
2023-05-30,94.930,95.340,92.430,93.690,3435400.000,93.690
2023-05-26,92.880,95.760,92.520,93.160,3922200.000,93.160
2023-05-25,94.850,97.400,91.350,92.410,5408800.000,92.410
2023-05-24,92.730,94.430,91.800,93.440,3465800.000,93.440
2023-05-23,92.990,94.790,92.800,93.070,3398500.000,93.070
2023-05-22,92.200,94.190,91.130,93.870,3807200.000,93.870
2023-05-19,93.680,94.370,91.000,92.090,5624500.000,92.090
2023-05-18,91.260,94.790,91.260,94.540,5672600.000,94.540
2023-05-17,88.505,91.660,88.280,91.280,5085900.000,91.280
2023-05-16,87.880,88.665,87.350,88.070,4394900.000,88.070
2023-05-15,87.930,89.750,87.335,88.500,6413400.000,88.500
2023-05-12,85.980,88.350,85.703,87.250,6540200.000,87.250
2023-05-11,86.450,86.870,85.370,86.650,5051400.000,86.650
2023-05-10,82.415,86.790,81.800,86.000,11311700.000,86.000
2023-05-09,78.170,81.455,77.950,79.590,5418800.000,79.590
2023-05-08,76.810,78.855,75.020,78.540,5361900.000,78.540
2023-05-05,75.810,79.230,75.300,76.570,8547200.000,76.570
2023-05-04,70.430,77.070,70.000,75.400,15351900.000,75.400
2023-05-03,63.675,67.410,63.000,65.840,7780100.000,65.840
2023-05-02,65.000,65.870,63.930,64.040,3667300.000,64.040
2023-05-01,66.780,66.780,65.169,65.400,4913200.000,65.400
2023-04-28,68.640,68.970,65.900,67.380,6430100.000,67.380
2023-04-27,71.160,71.350,69.050,70.210,6044500.000,70.210
2023-04-26,67.700,72.670,67.700,69.270,12055800.000,69.270
2023-04-25,65.100,65.400,62.597,62.690,5090900.000,62.690
2023-04-24,66.980,67.255,64.930,65.710,3305300.000,65.710
2023-04-21,68.390,69.760,67.045,67.280,3480600.000,67.280
2023-04-20,68.230,68.580,67.000,67.480,3604200.000,67.480
2023-04-19,69.070,70.815,69.005,69.555,2940800.000,69.555
2023-04-18,70.810,71.450,68.878,70.000,3038300.000,70.000
2023-04-17,67.380,69.850,67.060,69.840,3910500.000,69.840
2023-04-14,67.410,68.970,66.090,67.320,3241700.000,67.320
2023-04-13,67.590,69.810,67.420,68.080,4113300.000,68.080
2023-04-12,67.225,68.790,65.920,66.840,5983000.000,66.840
2023-04-11,64.760,66.155,63.955,64.850,5628900.000,64.850
2023-04-10,64.950,66.200,62.810,66.140,4889400.000,66.140
2023-04-06,65.590,66.380,63.680,65.830,4053600.000,65.830
2023-04-05,68.830,69.090,64.680,66.110,5246400.000,66.110
2023-04-04,70.700,71.290,68.880,69.320,3737500.000,69.320
2023-04-03,71.615,72.160,69.879,70.670,3624600.000,70.670
2023-03-31,68.240,73.300,68.200,72.660,6671700.000,72.660
2023-03-30,68.980,69.780,67.570,67.910,2945700.000,67.910
2023-03-29,68.980,69.000,66.960,68.100,3515500.000,68.100
2023-03-28,65.600,67.890,65.340,67.730,4521100.000,67.730
2023-03-27,65.745,67.200,65.340,65.600,3825200.000,65.600
2023-03-24,67.000,67.250,63.540,65.240,6145300.000,65.240
2023-03-23,68.080,69.545,66.428,67.440,3668800.000,67.440
2023-03-22,69.820,70.020,66.130,66.190,4435000.000,66.190
2023-03-21,67.170,69.960,67.010,69.670,4167900.000,69.670
2023-03-20,67.630,67.690,64.745,66.210,7059500.000,66.210
2023-03-17,69.210,69.960,67.850,68.620,4743100.000,68.620
2023-03-16,67.920,69.750,67.220,69.210,5677900.000,69.210
2023-03-15,65.230,68.220,64.520,67.540,8149800.000,67.540
2023-03-14,67.570,68.350,64.500,65.960,6524000.000,65.960
2023-03-13,65.240,67.570,62.990,66.240,7981300.000,66.240
2023-03-10,69.250,69.900,63.930,65.140,12580600.000,65.140
2023-03-09,71.030,74.520,69.860,69.910,5495600.000,69.910
2023-03-08,74.540,75.220,70.990,71.980,7343800.000,71.980
2023-03-07,76.580,77.390,74.370,74.820,3326000.000,74.820
2023-03-06,77.410,78.180,76.390,76.580,3680400.000,76.580
2023-03-03,74.280,77.340,74.280,76.980,4686900.000,76.980
2023-03-02,72.995,75.070,72.890,74.100,5383700.000,74.100
2023-03-01,76.840,77.300,74.790,75.220,2880300.000,75.220
2023-02-28,77.590,78.010,76.170,76.520,3640600.000,76.520
2023-02-27,77.750,78.800,76.590,77.600,3210700.000,77.600
2023-02-24,75.590,77.245,75.310,76.670,3667800.000,76.670
2023-02-23,81.170,81.500,77.200,78.700,3277500.000,78.700
2023-02-22,79.230,80.890,78.340,79.960,3392800.000,79.960
2023-02-21,77.480,79.580,77.300,78.520,4109800.000,78.520
2023-02-17,82.320,82.680,79.000,79.990,5925100.000,79.990
2023-02-16,80.920,89.510,80.620,82.470,15005200.000,82.470
2023-02-15,86.570,90.010,86.288,88.720,8780800.000,88.720
2023-02-14,81.000,86.465,80.510,85.480,4918900.000,85.480
2023-02-13,81.250,84.020,79.885,82.240,5301300.000,82.240
2023-02-10,81.090,81.900,78.880,80.520,4321200.000,80.520
2023-02-09,84.600,85.379,82.570,83.400,5254600.000,83.400
2023-02-08,81.520,84.330,81.100,82.660,5737200.000,82.660
2023-02-07,77.280,80.770,75.540,80.320,4427300.000,80.320
2023-02-06,76.770,79.595,76.510,76.960,4236200.000,76.960
2023-02-03,81.010,84.440,79.430,79.460,7029800.000,79.460
2023-02-02,86.690,88.845,85.460,86.970,7919800.000,86.970
2023-02-01,76.160,82.730,75.545,82.700,7960200.000,82.700
2023-01-31,73.970,74.900,72.815,74.810,3199000.000,74.810
2023-01-30,75.430,76.185,72.790,73.840,4407800.000,73.840
2023-01-27,73.580,78.630,73.560,77.230,7438900.000,77.230
2023-01-26,73.170,76.040,71.770,76.000,6877500.000,76.000
2023-01-25,69.360,71.720,65.605,70.750,10284600.000,70.750
2023-01-24,74.450,76.430,73.290,73.690,4761400.000,73.690
2023-01-23,71.380,75.510,70.265,75.290,4425800.000,75.290
2023-01-20,68.230,71.136,67.810,71.050,3417800.000,71.050
2023-01-19,69.230,70.020,66.850,67.430,3626700.000,67.430
2023-01-18,74.460,74.790,69.620,69.700,3478900.000,69.700
2023-01-17,70.190,73.730,68.800,73.060,3851200.000,73.060
2023-01-13,67.750,70.650,67.430,70.470,2926300.000,70.470
2023-01-12,69.790,69.790,65.840,69.210,4390800.000,69.210
2023-01-11,67.200,69.280,66.140,69.030,3865500.000,69.030
2023-01-10,65.220,66.880,63.560,66.770,3654000.000,66.770
2023-01-09,65.800,67.830,64.890,65.940,4237800.000,65.940
2023-01-06,63.160,64.665,61.340,64.140,5092100.000,64.140
2023-01-05,67.800,68.010,63.390,63.500,7975700.000,63.500
2023-01-04,72.120,72.600,67.820,68.960,5188100.000,68.960
2023-01-03,75.195,76.600,70.450,72.090,3551000.000,72.090
2022-12-30,72.210,73.820,72.175,73.500,2185200.000,73.500
2022-12-29,70.480,74.180,70.030,73.940,3279400.000,73.940
2022-12-28,70.360,71.700,69.300,69.840,2160900.000,69.840
2022-12-27,71.700,72.200,69.880,70.570,2213800.000,70.570
2022-12-23,72.290,72.775,70.860,72.420,2124600.000,72.420
2022-12-22,75.230,75.920,71.900,72.950,3365500.000,72.950
2022-12-21,75.670,77.980,73.550,77.170,2546800.000,77.170
2022-12-20,75.005,76.800,74.380,75.980,3021000.000,75.980
2022-12-19,77.750,78.420,75.810,76.050,3053300.000,76.050
2022-12-16,77.910,78.905,75.950,77.830,4462500.000,77.830
2022-12-15,78.500,81.540,77.887,78.305,3833200.000,78.305
2022-12-14,82.710,83.600,79.050,80.480,5196600.000,80.480
2022-12-13,83.140,85.440,79.000,79.710,6809600.000,79.710
2022-12-12,74.860,78.479,74.360,76.990,4703900.000,76.990
2022-12-09,74.300,76.705,73.235,74.560,4638000.000,74.560
2022-12-08,69.935,75.240,68.590,74.020,6946200.000,74.020
2022-12-07,71.340,71.340,68.220,68.280,4613600.000,68.280
2022-12-06,70.430,70.500,67.330,68.580,4096300.000,68.580
2022-12-05,74.230,75.321,69.530,70.260,4528500.000,70.260
2022-12-02,75.470,76.370,72.670,74.710,5145100.000,74.710
2022-12-01,75.205,78.940,74.930,77.970,4252500.000,77.970
2022-11-30,71.260,75.900,70.070,75.780,6055300.000,75.780
2022-11-29,73.980,74.140,71.820,72.060,2599900.000,72.060
2022-11-28,74.360,75.250,73.185,73.470,2362400.000,73.470
2022-11-25,74.670,75.050,72.660,74.840,3334600.000,74.840
2022-11-23,72.590,75.980,71.400,75.310,3471300.000,75.310
2022-11-22,73.350,73.360,70.470,72.330,5026100.000,72.330
2022-11-21,75.120,75.865,73.320,73.350,2739600.000,73.350
2022-11-18,80.220,80.818,74.550,76.520,4514000.000,76.520
2022-11-17,78.892,81.200,77.500,79.000,3313900.000,79.000
2022-11-16,84.500,84.665,81.400,82.440,4891000.000,82.440
2022-11-15,82.435,86.880,82.280,86.100,7190600.000,86.100
2022-11-14,81.300,81.760,77.530,78.120,4776000.000,78.120
2022-11-11,77.010,83.690,76.060,82.350,5966400.000,82.350
2022-11-10,76.090,78.690,74.540,76.520,10430700.000,76.520
2022-11-09,69.600,69.626,66.447,67.220,3879700.000,67.220
2022-11-08,70.200,72.720,67.850,70.490,3790000.000,70.490
2022-11-07,71.100,71.390,68.680,69.480,4581800.000,69.480
2022-11-04,75.300,75.590,68.700,70.380,8619300.000,70.380
2022-11-03,78.800,79.030,74.800,75.010,10609700.000,75.010
2022-11-02,79.120,79.240,74.380,74.480,8664700.000,74.480
2022-11-01,83.240,84.050,79.505,80.800,3507800.000,80.800
2022-10-31,80.880,82.500,79.750,80.510,4077500.000,80.510
2022-10-28,78.450,81.400,75.950,81.130,7762200.000,81.130
2022-10-27,83.000,84.640,81.380,82.160,4096100.000,82.160
2022-10-26,81.585,86.690,80.490,81.500,5823100.000,81.500
2022-10-25,82.980,89.040,82.980,88.750,5505900.000,88.750
2022-10-24,82.980,82.980,79.370,82.430,2961400.000,82.430
2022-10-21,80.900,82.300,77.650,82.150,4775800.000,82.150
2022-10-20,81.725,86.220,80.620,82.340,5595400.000,82.340
2022-10-19,80.243,80.850,78.060,79.000,2828300.000,79.000
2022-10-18,84.825,85.148,81.130,81.780,3665800.000,81.780
2022-10-17,79.360,81.990,78.530,80.790,4401000.000,80.790
2022-10-14,82.620,83.330,75.535,75.690,4197100.000,75.690
2022-10-13,77.340,82.270,75.590,80.900,5417900.000,80.900
2022-10-12,82.630,83.600,80.260,82.350,3262800.000,82.350
2022-10-11,84.830,85.370,80.430,82.720,3822000.000,82.720
2022-10-10,87.610,88.390,81.867,84.020,4515700.000,84.020
2022-10-07,90.820,90.900,87.325,88.060,3010700.000,88.060
2022-10-06,94.750,97.314,93.100,93.660,2376400.000,93.660
2022-10-05,92.870,96.150,90.670,95.110,3490600.000,95.110
2022-10-04,94.990,96.870,94.560,95.350,4950400.000,95.350
2022-10-03,89.610,91.720,86.550,90.940,3244400.000,90.940
2022-09-30,87.860,91.460,86.800,88.780,3999800.000,88.780
2022-09-29,87.500,89.120,85.840,87.450,3242200.000,87.450
2022-09-28,88.110,90.380,86.940,89.760,3099200.000,89.760
2022-09-27,88.140,89.585,86.690,87.740,2875900.000,87.740
2022-09-26,87.150,90.070,86.260,86.410,2728500.000,86.410
2022-09-23,88.150,89.950,86.090,87.280,5432000.000,87.280
2022-09-22,93.920,95.360,89.360,89.440,5836500.000,89.440
2022-09-21,95.500,99.420,93.590,94.510,4185200.000,94.510
2022-09-20,92.970,95.000,91.870,93.570,2996900.000,93.570
2022-09-19,90.350,93.940,90.150,93.800,3480400.000,93.800
2022-09-16,91.760,92.110,89.520,91.250,6116900.000,91.250
2022-09-15,95.260,100.810,94.590,95.360,5118400.000,95.360
2022-09-14,98.340,100.130,96.040,97.030,3540600.000,97.030
2022-09-13,97.000,99.137,95.840,96.630,5023800.000,96.630
2022-09-12,102.070,104.950,101.620,104.390,4014300.000,104.390
2022-09-09,100.000,101.290,99.280,100.540,4772200.000,100.540
2022-09-08,94.350,99.420,93.600,97.890,3681800.000,97.890
2022-09-07,92.090,96.060,91.155,95.620,2760700.000,95.620
2022-09-06,96.630,96.630,92.150,92.330,3674400.000,92.330
2022-09-02,99.190,100.600,95.500,96.940,3771300.000,96.940
2022-09-01,101.880,101.880,93.200,97.140,7602200.000,97.140
2022-08-31,106.585,109.780,103.070,104.950,3851515.000,104.950
2022-08-30,106.220,108.210,102.450,104.610,2425810.000,104.610
2022-08-29,104.390,108.000,104.260,105.290,2415710.000,105.290
2022-08-26,109.830,113.050,106.420,106.730,3711100.000,106.730
2022-08-25,109.750,111.780,107.370,110.380,3789400.000,110.380
2022-08-24,102.620,106.340,102.210,105.300,2678900.000,105.300
2022-08-23,102.550,104.800,101.120,102.990,2748800.000,102.990
2022-08-22,102.350,103.890,100.280,101.850,3979600.000,101.850
2022-08-19,107.360,107.360,102.980,105.730,4243500.000,105.730
2022-08-18,109.290,110.820,108.600,109.450,2150500.000,109.450
2022-08-17,111.090,112.210,108.290,110.020,2909600.000,110.020
2022-08-16,114.510,114.880,109.570,113.540,4006900.000,113.540
2022-08-15,115.250,117.900,113.670,116.200,2191000.000,116.200
2022-08-12,116.000,116.150,113.380,115.720,3433700.000,115.720
2022-08-11,119.510,120.750,113.840,114.780,4500000.000,114.780
2022-08-10,116.460,118.770,116.050,117.760,5254000.000,117.760
2022-08-09,110.950,112.010,107.490,109.760,4858800.000,109.760
2022-08-08,113.290,119.230,112.310,112.980,5438000.000,112.980
2022-08-05,106.200,115.530,105.690,113.290,6394100.000,113.290
2022-08-04,103.260,111.540,102.100,110.490,13692900.000,110.490
2022-08-03,107.180,113.080,106.550,112.420,5515600.000,112.420
2022-08-02,101.100,108.790,100.890,106.370,3649900.000,106.370
2022-08-01,99.800,105.530,97.625,103.450,4757600.000,103.450
2022-07-29,98.500,102.300,96.870,102.010,6690400.000,102.010
2022-07-28,93.320,96.300,91.410,95.720,4152500.000,95.720
2022-07-27,90.190,95.020,87.780,94.060,6819900.000,94.060
2022-07-26,89.350,89.350,84.460,85.720,5900300.000,85.720
2022-07-25,94.000,94.010,89.465,90.490,3534300.000,90.490
2022-07-22,100.900,106.210,93.570,93.790,4740400.000,93.790
2022-07-21,100.370,102.100,98.549,101.230,3835900.000,101.230
2022-07-20,96.230,102.467,95.230,100.880,5223300.000,100.880
2022-07-19,92.850,93.400,87.800,92.960,4748900.000,92.960
2022-07-18,95.370,96.770,90.800,91.040,4985200.000,91.040
2022-07-15,94.650,96.780,92.216,93.600,4458000.000,93.600
2022-07-14,96.300,96.490,91.560,93.780,3206700.000,93.780
2022-07-13,95.260,101.140,92.130,97.340,4852500.000,97.340
2022-07-12,104.690,107.255,95.570,97.320,6087300.000,97.320
2022-07-11,106.410,107.090,101.070,104.010,3211400.000,104.010
2022-07-08,105.300,111.410,103.220,108.290,3961300.000,108.290
2022-07-07,107.530,110.820,106.890,107.700,4422700.000,107.700
2022-07-06,108.850,112.580,105.900,108.030,4086400.000,108.030
2022-07-05,100.920,110.080,98.060,108.380,6543700.000,108.380
2022-07-01,95.250,101.200,95.090,101.050,3821100.000,101.050
2022-06-30,97.080,97.590,90.460,95.240,4417300.000,95.240
2022-06-29,97.100,100.950,95.125,98.370,3126200.000,98.370
2022-06-28,104.800,106.970,96.130,97.320,4468900.000,97.320
2022-06-27,106.160,107.910,102.040,105.200,4215400.000,105.200
2022-06-24,102.540,107.810,102.250,107.480,6592900.000,107.480
2022-06-23,92.540,102.210,91.300,100.600,7341000.000,100.600
2022-06-22,88.500,95.150,87.930,91.090,3656100.000,91.090
2022-06-21,88.000,93.140,87.150,90.310,4348000.000,90.310
2022-06-17,82.310,87.220,81.920,85.630,5896600.000,85.630
2022-06-16,85.480,87.790,81.120,81.990,6016300.000,81.990
2022-06-15,86.130,91.300,84.000,89.350,8527500.000,89.350
2022-06-14,87.450,89.860,84.700,87.110,4384000.000,87.110
2022-06-13,90.630,94.110,85.740,86.140,6710100.000,86.140
2022-06-10,100.895,100.980,93.810,96.200,5025900.000,96.200
2022-06-09,107.330,110.920,103.000,103.640,5852300.000,103.640
2022-06-08,106.560,111.820,106.560,107.350,3668800.000,107.350
2022-06-07,101.580,110.400,101.170,108.060,4300800.000,108.060
2022-06-06,108.380,109.410,102.380,103.160,3962100.000,103.160
2022-06-03,106.820,110.950,103.780,105.440,5763200.000,105.440
2022-06-02,97.390,116.620,96.200,110.080,15399700.000,110.080
2022-06-01,96.840,103.880,95.530,97.500,6668900.000,97.500
2022-05-31,98.160,99.390,93.640,95.390,5545000.000,95.390
2022-05-27,91.020,98.185,90.630,98.070,6535300.000,98.070
2022-05-26,83.210,91.605,82.150,89.630,6696100.000,89.630
2022-05-25,84.690,90.380,83.850,88.730,5822900.000,88.730
2022-05-24,91.930,92.660,84.140,85.810,4988000.000,85.810
2022-05-23,94.530,95.958,90.160,93.930,4170900.000,93.930
2022-05-20,98.520,100.930,90.180,94.790,6086200.000,94.790
2022-05-19,89.830,100.610,88.900,96.525,8149000.000,96.525
2022-05-18,94.130,95.050,84.690,88.070,9012000.000,88.070
2022-05-17,100.380,102.000,87.560,95.050,9610400.000,95.050
2022-05-16,106.830,108.930,96.095,97.190,6186200.000,97.190
2022-05-13,103.150,109.730,101.610,108.860,6216400.000,108.860
2022-05-12,95.500,105.620,92.610,98.830,7124100.000,98.830
2022-05-11,96.130,104.740,94.180,97.870,7493100.000,97.870
2022-05-10,101.350,104.510,92.390,98.310,7323500.000,98.310
2022-05-09,105.100,108.060,96.080,97.530,8865800.000,97.530
2022-05-06,109.750,118.600,101.370,110.000,8273500.000,110.000
2022-05-05,118.000,124.430,106.860,111.870,11142000.000,111.870
2022-05-04,116.070,119.330,104.770,119.000,6707800.000,119.000
2022-05-03,119.070,121.170,112.800,114.890,5419500.000,114.890
2022-05-02,119.940,123.340,116.180,120.200,4289300.000,120.200
2022-04-29,126.510,130.660,120.360,120.780,3897800.000,120.780
2022-04-28,124.090,130.700,121.000,128.470,3880200.000,128.470
2022-04-27,122.610,127.430,119.610,120.440,4202200.000,120.440
2022-04-26,121.610,124.790,118.200,119.350,5972800.000,119.350
2022-04-25,118.490,124.600,117.860,121.680,9132000.000,121.680
2022-04-22,123.410,125.390,117.945,118.400,4420900.000,118.400
2022-04-21,133.650,137.440,121.210,121.820,3134900.000,121.820
2022-04-20,138.580,138.580,130.200,131.620,2124200.000,131.620
2022-04-19,131.430,138.800,129.920,137.280,3000200.000,137.280
2022-04-18,135.000,135.585,127.060,131.110,2213800.000,131.110
2022-04-14,142.670,142.855,135.350,136.040,2309300.000,136.040
2022-04-13,134.950,144.420,134.750,142.870,2855000.000,142.870
2022-04-12,140.000,145.190,134.800,135.500,2991300.000,135.500
2022-04-11,131.630,137.870,130.685,135.090,2726900.000,135.090
2022-04-08,134.790,137.280,132.133,134.290,2376400.000,134.290
2022-04-07,136.110,140.750,132.860,137.240,2340600.000,137.240
2022-04-06,142.430,143.380,134.050,137.270,4017400.000,137.270
2022-04-05,156.850,157.370,143.910,146.900,4437100.000,146.900
2022-04-04,154.030,159.000,153.270,156.560,2674900.000,156.560
2022-04-01,150.980,156.420,149.890,153.500,3289600.000,153.500
2022-03-31,150.730,156.160,148.010,151.470,3879700.000,151.470
2022-03-30,153.000,158.240,148.540,149.660,3240400.000,149.660
2022-03-29,153.960,157.355,148.830,155.410,6686200.000,155.410
2022-03-28,146.360,151.324,143.510,149.350,2365900.000,149.350
2022-03-25,152.000,153.196,142.030,146.840,2688300.000,146.840
2022-03-24,147.940,152.470,143.750,152.210,2787000.000,152.210
2022-03-23,145.500,152.624,142.020,146.440,2971900.000,146.440
2022-03-22,142.190,151.922,140.490,148.650,4634200.000,148.650
2022-03-21,142.890,145.470,134.632,140.140,3767400.000,140.140
2022-03-18,136.440,147.945,135.760,145.760,4941800.000,145.760
2022-03-17,131.290,139.000,130.250,137.740,3042600.000,137.740
2022-03-16,123.960,135.500,122.730,132.240,5705000.000,132.240
2022-03-15,120.355,121.860,115.540,120.940,3475800.000,120.940
2022-03-14,127.000,127.000,113.890,118.760,6698200.000,118.760
2022-03-11,142.430,142.460,126.280,127.020,4353600.000,127.020
2022-03-10,139.630,142.530,135.950,140.160,3091700.000,140.160
2022-03-09,133.150,143.615,131.720,142.830,6419700.000,142.830
2022-03-08,129.990,132.160,121.150,127.130,6633900.000,127.130
2022-03-07,144.440,144.890,128.960,130.110,6761500.000,130.110
2022-03-04,149.000,151.190,140.600,142.190,3763700.000,142.190
2022-03-03,159.580,160.690,145.940,148.460,5403500.000,148.460
2022-03-02,159.000,165.020,153.620,164.480,3383700.000,164.480
2022-03-01,160.240,166.990,158.190,159.970,3669000.000,159.970
2022-02-28,162.100,166.000,159.230,161.110,4705800.000,161.110
2022-02-25,159.440,161.650,154.870,161.410,3120000.000,161.410
2022-02-24,143.750,160.540,142.630,159.860,6006400.000,159.860
2022-02-23,156.445,158.940,148.500,149.440,4749900.000,149.440
2022-02-22,160.900,165.160,157.100,158.940,3643300.000,158.940
2022-02-18,167.470,167.890,156.970,159.020,4432000.000,159.020
2022-02-17,170.340,172.620,162.640,165.810,5091300.000,165.810
2022-02-16,165.810,175.890,164.433,173.920,4046400.000,173.920
2022-02-15,169.200,169.820,162.540,168.990,5164000.000,168.990
2022-02-14,164.390,170.000,160.400,164.350,6198100.000,164.350
2022-02-11,176.420,181.470,164.919,167.400,6460300.000,167.400
2022-02-10,170.365,184.700,167.100,174.600,15866100.000,174.600
2022-02-09,152.921,156.200,148.490,155.500,5473900.000,155.500
2022-02-08,149.250,154.640,148.190,151.730,3809300.000,151.730
2022-02-07,150.750,161.850,150.550,152.620,5269600.000,152.620
2022-02-04,141.860,153.940,139.180,150.260,5641600.000,150.260
2022-02-03,138.110,141.880,135.110,138.020,3362800.000,138.020
2022-02-02,146.270,147.000,139.360,142.200,4029100.000,142.200
2022-02-01,147.890,149.950,141.920,147.780,4089600.000,147.780
2022-01-31,136.960,147.739,136.960,146.110,4826800.000,146.110
2022-01-28,130.310,137.530,122.690,136.960,4943100.000,136.960
2022-01-27,131.280,135.130,127.385,128.150,3204500.000,128.150
2022-01-26,132.540,139.490,126.070,128.040,6942900.000,128.040
2022-01-25,134.190,134.190,124.900,125.140,4930400.000,125.140
2022-01-24,121.745,137.500,119.190,136.070,7411100.000,136.070
2022-01-21,128.260,134.480,125.360,125.550,4068400.000,125.550
2022-01-20,132.880,139.690,129.350,130.010,3174900.000,130.010
2022-01-19,133.205,137.370,130.630,130.910,3824800.000,130.910
2022-01-18,132.960,139.850,131.210,131.870,4618100.000,131.870
2022-01-14,135.340,139.725,132.650,138.280,4265100.000,138.280
2022-01-13,145.750,147.810,134.940,135.130,4061900.000,135.130
2022-01-12,150.380,153.600,144.360,146.330,2303600.000,146.330
2022-01-11,144.800,150.120,143.500,148.600,2866800.000,148.600
2022-01-10,139.780,146.520,134.170,146.330,4963700.000,146.330
2022-01-07,144.000,148.590,140.590,143.790,2551800.000,143.790
2022-01-06,145.689,151.340,142.580,143.890,5939600.000,143.890
2022-01-05,152.450,154.500,144.730,145.520,7248100.000,145.520
2022-01-04,163.440,163.440,148.860,157.760,6373000.000,157.760
2022-01-03,178.750,180.280,162.000,163.830,4503400.000,163.830
2021-12-31,179.190,181.300,178.010,178.110,1286900.000,178.110
2021-12-30,179.990,181.700,177.515,178.930,1397800.000,178.930
2021-12-29,176.810,180.770,172.710,179.710,1118500.000,179.710
2021-12-28,185.700,186.280,176.290,177.420,1691500.000,177.420
2021-12-27,182.000,184.860,179.770,183.470,3091600.000,183.470
2021-12-23,179.410,182.000,175.730,180.360,1965900.000,180.360
2021-12-22,176.980,183.310,174.275,179.680,2765400.000,179.680
2021-12-21,166.990,177.640,163.930,177.490,3523300.000,177.490
2021-12-20,163.800,168.850,158.580,164.380,3837100.000,164.380
2021-12-17,160.000,171.380,158.750,170.160,17287100.000,170.160
2021-12-16,172.400,173.000,161.320,164.050,3377500.000,164.050
2021-12-15,161.220,171.820,160.030,171.020,3741800.000,171.020
2021-12-14,157.320,163.620,153.750,160.780,6585600.000,160.780
2021-12-13,174.940,182.250,169.060,172.030,3405700.000,172.030
2021-12-10,177.710,183.160,173.230,174.560,2625300.000,174.560
2021-12-09,183.500,185.950,173.170,175.410,2811200.000,175.410
2021-12-08,177.590,184.370,173.410,183.160,2793800.000,183.160
2021-12-07,165.370,177.550,165.030,177.010,4073923.000,177.010
2021-12-06,160.430,163.550,153.280,161.410,4257224.000,161.410
2021-12-03,168.880,168.880,152.820,164.220,5135600.000,164.220
2021-12-02,159.600,169.820,158.160,169.440,4291000.000,169.440
2021-12-01,182.850,185.000,161.310,164.530,6257100.000,164.530
2021-11-30,183.280,186.290,174.000,178.290,4149800.000,178.290
2021-11-29,183.800,187.700,180.750,182.990,4163000.000,182.990
2021-11-26,180.000,184.910,178.220,181.250,1647700.000,181.250
2021-11-24,174.570,182.900,171.240,180.340,2900600.000,180.340
2021-11-23,170.610,181.250,168.080,179.420,6193600.000,179.420
2021-11-22,193.000,193.000,178.200,180.750,4303000.000,180.750
2021-11-19,197.696,197.870,192.000,192.600,2445100.000,192.600
2021-11-18,191.390,195.050,188.010,190.600,2212900.000,190.600
2021-11-17,193.750,199.675,189.530,190.260,2943200.000,190.260
2021-11-16,188.148,193.600,186.330,193.260,3230800.000,193.260
2021-11-15,194.585,194.669,186.320,191.000,2476100.000,191.000
2021-11-12,190.790,194.210,189.600,193.030,1829900.000,193.030
2021-11-11,191.050,196.490,189.660,190.340,2425200.000,190.340
2021-11-10,194.000,196.510,184.820,188.800,3662200.000,188.800
2021-11-09,195.603,197.690,190.720,196.560,3764100.000,196.560
2021-11-08,186.286,194.350,184.880,191.350,4420700.000,191.350
2021-11-05,193.890,194.000,177.480,185.510,8946100.000,185.510
2021-11-04,163.000,168.190,161.550,166.950,3007800.000,166.950
2021-11-03,164.500,164.980,161.500,162.790,2002900.000,162.790
2021-11-02,166.030,166.440,160.650,164.880,1869600.000,164.880
2021-11-01,167.460,169.190,162.220,165.200,2903900.000,165.200
2021-10-29,161.920,168.730,161.380,167.050,2731500.000,167.050
2021-10-28,156.175,161.190,154.360,161.000,1836400.000,161.000
2021-10-27,163.000,164.170,155.500,157.090,3922800.000,157.090
2021-10-26,164.580,165.340,159.420,163.870,1937000.000,163.870
2021-10-25,161.980,164.155,160.580,161.580,2206400.000,161.580
2021-10-22,160.940,162.930,158.610,162.390,1602000.000,162.390
2021-10-21,159.450,162.360,158.735,160.920,1328000.000,160.920
2021-10-20,159.430,159.860,154.750,158.850,2322400.000,158.850
2021-10-19,158.000,160.440,156.010,157.940,3479800.000,157.940
2021-10-18,154.950,159.125,154.500,157.420,1727700.000,157.420
2021-10-15,153.720,156.160,151.240,154.480,2062200.000,154.480
2021-10-14,157.500,159.924,152.650,153.360,3926500.000,153.360
2021-10-13,146.860,156.800,146.360,155.890,5675100.000,155.890
2021-10-12,143.990,147.250,141.550,145.590,2046800.000,145.590
2021-10-11,139.005,144.180,138.390,141.960,1282400.000,141.960
2021-10-08,143.180,143.910,140.100,140.320,1360800.000,140.320
2021-10-07,143.560,146.050,142.070,142.100,1911800.000,142.100
2021-10-06,140.870,146.146,140.213,143.310,2147400.000,143.310
2021-10-05,137.230,142.565,137.200,141.890,1643600.000,141.890
2021-10-04,143.590,143.590,134.630,137.100,2695800.000,137.100
2021-10-01,142.020,145.300,140.885,144.690,2802700.000,144.690
2021-09-30,138.980,142.730,138.820,141.350,2229700.000,141.350
2021-09-29,138.820,140.470,136.550,138.140,1812500.000,138.140
2021-09-28,138.860,139.887,135.390,137.400,3040700.000,137.400
2021-09-27,145.570,145.980,139.930,142.000,2687100.000,142.000
2021-09-24,146.300,147.940,143.590,147.320,1791700.000,147.320
2021-09-23,150.670,150.670,146.360,147.500,2253400.000,147.500
2021-09-22,145.830,149.570,145.460,148.690,2894700.000,148.690
2021-09-21,143.320,146.252,142.110,145.380,3325300.000,145.380
2021-09-20,138.600,143.340,137.590,142.250,2447000.000,142.250
2021-09-17,144.930,145.860,141.910,143.130,3391100.000,143.130
2021-09-16,139.190,144.630,138.870,144.140,2799100.000,144.140
2021-09-15,137.490,139.210,136.871,139.110,1775800.000,139.110
2021-09-14,135.720,138.571,134.500,138.120,2423700.000,138.120
2021-09-13,137.280,138.220,131.390,135.230,3218300.000,135.230
2021-09-10,141.740,142.790,136.870,137.150,2652500.000,137.150
2021-09-09,140.000,143.120,139.150,140.900,3502500.000,140.900
2021-09-08,136.030,141.140,133.030,139.570,4792400.000,139.570
2021-09-07,138.180,138.834,135.760,137.360,2532000.000,137.360
2021-09-03,137.220,139.530,136.420,138.060,1936400.000,138.060
2021-09-02,136.630,137.355,135.181,137.090,2009300.000,137.090
2021-09-01,138.080,139.680,135.710,135.770,2945000.000,135.770
2021-08-31,136.990,138.120,134.730,137.800,2120000.000,137.800
2021-08-30,135.610,138.470,134.210,136.630,2020100.000,136.630
2021-08-27,131.865,136.650,131.600,134.840,2071500.000,134.840
2021-08-26,135.090,139.173,131.230,131.300,4116600.000,131.300
2021-08-25,135.450,136.780,134.295,135.630,2118300.000,135.630
2021-08-24,133.700,137.660,133.230,135.480,2445500.000,135.480
2021-08-23,131.070,132.800,129.840,132.500,2664000.000,132.500
2021-08-20,131.710,132.870,129.040,131.150,2779400.000,131.150
2021-08-19,131.300,137.110,129.684,132.420,3016400.000,132.420
2021-08-18,133.000,134.520,131.130,132.680,1844900.000,132.680
2021-08-17,132.625,134.190,131.035,133.000,1622800.000,133.000
2021-08-16,135.510,136.220,129.290,133.520,2893900.000,133.520
2021-08-13,131.050,137.500,130.610,135.490,5582700.000,135.490
2021-08-12,127.400,131.130,126.910,130.280,4324000.000,130.280
2021-08-11,125.105,128.740,122.230,128.210,3538700.000,128.210
2021-08-10,130.210,130.210,124.900,125.300,4207700.000,125.300
2021-08-09,128.680,130.560,124.494,130.000,4707300.000,130.000
2021-08-06,129.820,133.000,128.120,131.920,4016800.000,131.920
2021-08-05,131.640,135.380,126.330,132.470,11690300.000,132.470
2021-08-04,114.860,116.390,113.100,114.930,2689700.000,114.930
2021-08-03,111.630,114.920,111.180,114.680,2383600.000,114.680
2021-08-02,110.850,113.200,109.110,111.630,1819800.000,111.630
2021-07-30,110.520,114.200,110.368,110.700,1808100.000,110.700
2021-07-29,111.060,112.920,111.000,111.230,789800.000,111.230
2021-07-28,110.090,112.690,109.500,111.450,1716800.000,111.450
2021-07-27,109.990,110.910,106.570,109.620,1356900.000,109.620
2021-07-26,110.650,110.783,108.300,109.790,1343200.000,109.790
2021-07-23,110.350,112.530,109.910,111.230,2525300.000,111.230
2021-07-22,109.240,112.380,109.020,110.200,1951400.000,110.200
2021-07-21,107.580,108.770,106.000,108.390,1088500.000,108.390
2021-07-20,105.670,108.890,103.430,107.520,1392100.000,107.520
2021-07-19,102.510,105.280,101.380,104.830,1687500.000,104.830
2021-07-16,104.620,105.559,103.360,104.640,890700.000,104.640
2021-07-15,104.550,105.920,102.350,103.480,1553000.000,103.480
2021-07-14,107.160,107.670,104.360,104.670,1262100.000,104.670
2021-07-13,107.640,108.780,105.690,106.590,1084500.000,106.590
2021-07-12,109.230,109.900,106.540,107.760,1533100.000,107.760
2021-07-09,107.000,108.290,105.900,108.120,1329900.000,108.120
2021-07-08,105.870,107.720,103.960,107.100,1718400.000,107.100
2021-07-07,109.520,110.240,106.090,107.310,1422900.000,107.310
2021-07-06,106.660,109.800,106.580,108.680,2186000.000,108.680
2021-07-02,105.320,107.200,104.980,106.470,1423700.000,106.470
2021-07-01,103.510,105.520,102.510,104.570,1797000.000,104.570
2021-06-30,106.580,106.740,103.740,104.080,1769800.000,104.080
2021-06-29,106.500,107.400,105.300,107.200,1487400.000,107.200
2021-06-28,106.000,107.190,105.460,106.440,1452700.000,106.440
2021-06-25,106.700,107.140,104.400,106.060,5560700.000,106.060
2021-06-24,106.910,107.250,105.280,106.440,2861900.000,106.440
2021-06-23,104.740,106.540,104.440,106.530,2399200.000,106.530
2021-06-22,102.630,105.250,102.270,104.540,2355300.000,104.540
2021-06-21,101.750,103.340,99.550,102.350,2691900.000,102.350
2021-06-18,102.520,104.210,101.500,103.260,4717200.000,103.260
2021-06-17,97.260,102.560,97.100,101.750,4231200.000,101.750
2021-06-16,96.600,99.880,96.060,98.380,3614100.000,98.380
2021-06-15,96.920,97.440,95.700,96.590,1887800.000,96.590
2021-06-14,96.000,97.890,95.600,97.250,2577900.000,97.250
2021-06-11,94.910,95.800,93.540,95.480,2643300.000,95.480
2021-06-10,91.560,95.500,91.280,94.500,4218100.000,94.500
2021-06-09,92.440,93.476,91.170,91.720,1606200.000,91.720
2021-06-08,91.490,93.155,91.240,92.480,1692300.000,92.480
2021-06-07,87.820,91.460,87.100,90.620,1735300.000,90.620
2021-06-04,88.980,90.990,87.750,88.450,1683700.000,88.450
2021-06-03,91.190,91.450,88.020,88.690,2284400.000,88.690
2021-06-02,91.500,92.290,90.660,91.600,1448100.000,91.600
2021-06-01,91.350,92.450,89.900,91.880,2017800.000,91.880
2021-05-28,93.270,94.390,91.040,91.050,1654500.000,91.050
2021-05-27,90.140,92.350,88.210,92.310,3970000.000,92.310
2021-05-26,90.650,93.940,90.290,91.430,2308600.000,91.430
2021-05-25,89.900,90.636,88.410,89.580,2072600.000,89.580
2021-05-24,89.500,90.730,88.710,89.760,2728900.000,89.760
2021-05-21,90.210,90.890,87.550,88.950,3781700.000,88.950
2021-05-20,84.750,88.720,84.285,88.120,4048000.000,88.120
2021-05-19,81.300,85.460,80.020,83.670,4236000.000,83.670
2021-05-18,81.706,84.080,80.890,83.110,4149300.000,83.110
2021-05-17,80.080,82.660,78.508,81.030,5421900.000,81.030
2021-05-14,78.140,82.820,76.800,82.510,4427200.000,82.510
2021-05-13,77.970,80.430,76.150,77.390,4129600.000,77.390
2021-05-12,77.670,77.940,75.290,76.840,2863700.000,76.840
2021-05-11,73.140,79.100,73.040,78.620,4305600.000,78.620
2021-05-10,76.500,77.455,74.374,76.860,3524100.000,76.860
2021-05-07,79.340,79.780,75.850,77.290,6989400.000,77.290
2021-05-06,75.680,75.680,69.730,71.360,6749300.000,71.360
2021-05-05,78.910,79.390,76.113,76.740,1848100.000,76.740
2021-05-04,79.035,79.910,76.120,77.860,3246000.000,77.860
2021-05-03,86.330,86.330,79.920,80.170,4616100.000,80.170
2021-04-30,86.380,88.595,85.720,85.770,2587841.000,85.770
2021-04-29,91.940,92.200,87.370,88.840,2451000.000,88.840
2021-04-28,93.140,93.740,91.440,91.560,1277400.000,91.560
2021-04-27,92.730,93.990,91.960,93.800,2281000.000,93.800
2021-04-26,89.400,93.160,89.110,93.140,2193900.000,93.140
2021-04-23,86.330,89.760,85.180,89.570,2641800.000,89.570
2021-04-22,85.650,87.940,84.620,84.810,2345300.000,84.810
2021-04-21,83.960,85.990,82.680,84.780,2508200.000,84.780
2021-04-20,88.400,88.400,83.570,83.960,3078000.000,83.960
2021-04-19,90.010,91.770,86.900,87.890,2441800.000,87.890
2021-04-16,94.549,94.630,89.280,90.340,3275500.000,90.340
2021-04-15,94.040,96.350,93.930,95.270,2060500.000,95.270
2021-04-14,94.890,96.140,93.000,93.250,2143200.000,93.250
2021-04-13,91.100,95.520,90.540,94.210,6156400.000,94.210
2021-04-12,87.730,90.900,87.000,90.460,2822500.000,90.460
2021-04-09,87.400,89.500,85.730,88.800,1781500.000,88.800
2021-04-08,87.550,90.090,87.290,88.320,2101300.000,88.320
2021-04-07,88.870,88.880,85.270,86.600,1975400.000,86.600
2021-04-06,83.300,89.990,82.920,88.890,4486200.000,88.890
2021-04-05,87.840,88.000,81.700,83.240,4233600.000,83.240
2021-04-01,86.950,88.150,85.600,87.200,4982000.000,87.200
2021-03-31,79.380,85.140,77.710,83.340,5213900.000,83.340
2021-03-30,76.320,77.580,74.530,77.370,2731700.000,77.370
2021-03-29,79.730,80.680,75.630,77.040,4367400.000,77.040
2021-03-26,78.870,83.440,78.070,80.290,5771000.000,80.290
2021-03-25,78.800,81.290,77.190,78.260,5460400.000,78.260
2021-03-24,85.080,85.370,81.035,81.260,2974800.000,81.260
2021-03-23,85.480,86.630,84.320,85.170,2718900.000,85.170
2021-03-22,84.810,87.030,84.050,85.180,3071400.000,85.180
2021-03-19,82.320,84.470,80.530,84.030,4542500.000,84.030
2021-03-18,85.000,85.680,81.690,81.890,4341800.000,81.890
2021-03-17,85.550,87.930,82.510,86.540,3115200.000,86.540
2021-03-16,89.260,90.230,85.710,86.370,2756100.000,86.370
2021-03-15,82.550,88.600,82.370,87.610,3754300.000,87.610
2021-03-12,83.639,84.010,81.760,83.000,2974900.000,83.000
2021-03-11,83.440,86.980,82.910,86.240,3709400.000,86.240
2021-03-10,84.375,84.450,80.010,80.700,3744700.000,80.700
2021-03-09,81.540,82.980,79.283,82.000,5663500.000,82.000
2021-03-08,82.190,83.430,77.030,77.520,5947300.000,77.520
2021-03-05,85.278,85.650,78.090,82.200,8261900.000,82.200
2021-03-04,88.676,90.760,81.130,85.000,6342100.000,85.000
2021-03-03,93.510,94.000,87.370,90.000,5040500.000,90.000
2021-03-02,98.605,98.650,93.190,93.510,3531200.000,93.510
2021-03-01,96.780,97.900,94.470,97.610,2737200.000,97.610
2021-02-26,95.850,97.810,93.160,95.410,3964400.000,95.410
2021-02-25,99.750,100.370,93.280,95.000,2889000.000,95.000
2021-02-24,98.840,101.840,96.590,99.360,3060700.000,99.360
2021-02-23,95.960,99.210,92.810,98.670,4829300.000,98.670
2021-02-22,102.010,103.510,98.670,99.700,3548200.000,99.700
2021-02-19,107.090,107.560,104.050,105.050,2986200.000,105.050
2021-02-18,103.050,106.860,101.630,106.400,3513000.000,106.400
2021-02-17,103.500,105.340,100.500,103.080,5523900.000,103.080
2021-02-16,111.430,114.000,105.620,107.560,4086200.000,107.560
2021-02-12,111.750,113.590,108.010,112.860,5235700.000,112.860
2021-02-11,116.590,117.920,114.730,117.600,3758800.000,117.600
2021-02-10,118.510,119.030,111.760,115.550,2103700.000,115.550
2021-02-09,116.480,119.433,116.265,117.850,2916600.000,117.850
2021-02-08,115.892,116.940,113.700,116.420,2818400.000,116.420
2021-02-05,111.380,115.640,110.943,114.900,3163200.000,114.900
2021-02-04,111.990,113.571,107.530,111.920,2543700.000,111.920
2021-02-03,107.500,111.652,106.527,110.520,3462200.000,110.520
2021-02-02,103.810,107.380,102.695,106.010,3375100.000,106.010
2021-02-01,103.470,105.040,100.650,101.790,3691900.000,101.790
2021-01-29,99.510,103.090,97.000,102.750,3813200.000,102.750
2021-01-28,98.040,101.910,96.500,100.000,3307800.000,100.000
2021-01-27,102.185,104.100,98.000,98.000,4430500.000,98.000
2021-01-26,109.370,109.680,102.426,103.520,2567176.000,103.520
2021-01-25,106.368,112.290,104.050,108.970,7332455.000,108.970
2021-01-22,102.800,109.620,102.300,105.000,3371405.000,105.000
2021-01-21,105.095,105.370,101.760,103.340,1896676.000,103.340
2021-01-20,101.350,105.550,100.600,104.280,3553340.000,104.280
2021-01-19,100.980,101.090,97.220,99.090,2070471.000,99.090
2021-01-15,102.300,104.800,99.470,99.840,1459652.000,99.840
2021-01-14,105.410,106.207,101.160,101.840,2129108.000,101.840
2021-01-13,105.000,105.820,102.060,104.850,1746810.000,104.850
2021-01-12,104.280,107.490,104.000,105.580,2467243.000,105.580
2021-01-11,101.750,107.740,99.775,104.250,4315972.000,104.250
2021-01-08,97.550,100.250,97.500,99.940,2564963.000,99.940
2021-01-07,92.100,96.650,92.100,96.640,3316363.000,96.640
2021-01-06,91.250,93.970,90.250,91.330,3538748.000,91.330
2021-01-05,92.000,93.360,89.832,93.030,3072508.000,93.030
2021-01-04,98.690,98.830,90.800,91.230,6408029.000,91.230
2020-12-31,98.600,99.330,96.600,98.440,1743528.000,98.440
2020-12-30,99.971,101.430,98.500,99.310,1732682.000,99.310
2020-12-29,100.780,100.950,97.450,98.920,2267745.000,98.920
2020-12-28,107.270,107.980,99.700,100.220,2673217.000,100.220
2020-12-24,107.040,109.850,106.111,106.280,785400.000,106.280
2020-12-23,110.710,111.490,107.400,107.440,1587200.000,107.440
2020-12-22,107.960,111.080,106.850,111.070,2940300.000,111.070
2020-12-21,105.970,107.171,103.340,106.460,2702100.000,106.460
2020-12-18,109.240,109.610,107.030,107.720,7520043.000,107.720
2020-12-17,105.530,109.850,105.130,108.700,4687700.000,108.700
2020-12-16,101.533,105.000,101.300,104.550,3897500.000,104.550
2020-12-15,103.080,105.630,99.900,101.230,4433800.000,101.230
2020-12-14,100.000,103.430,99.620,102.270,4326500.000,102.270
2020-12-11,99.570,100.960,96.360,98.980,3823600.000,98.980
2020-12-10,94.510,103.770,93.917,101.530,4715800.000,101.530
2020-12-09,100.000,100.750,94.750,95.650,2126200.000,95.650
2020-12-08,99.390,100.180,96.230,99.850,2346200.000,99.850
2020-12-07,101.900,102.640,98.230,99.160,2605900.000,99.160
2020-12-04,97.750,102.400,97.668,101.570,3780500.000,101.570
2020-12-03,95.090,98.840,94.190,97.360,2732300.000,97.360
2020-12-02,93.770,93.900,90.130,93.500,3099700.000,93.500
2020-12-01,98.600,98.800,94.020,95.670,3324000.000,95.670
2020-11-30,97.010,99.565,94.100,98.920,4749900.000,98.920
2020-11-27,95.000,96.800,94.180,96.420,1907700.000,96.420
2020-11-25,89.390,93.920,88.950,93.510,3036900.000,93.510
2020-11-24,90.315,90.840,87.300,89.180,3067400.000,89.180
2020-11-23,89.780,91.640,88.300,91.040,2162800.000,91.040
2020-11-20,89.680,91.240,89.030,89.090,2337800.000,89.090
2020-11-19,87.150,91.950,87.130,88.890,3996400.000,88.890
2020-11-18,88.000,89.950,85.740,87.300,2574600.000,87.300
2020-11-17,87.350,88.910,85.530,88.090,3885800.000,88.090
2020-11-16,83.410,87.420,82.380,86.360,3006100.000,86.360
2020-11-13,87.890,89.160,83.890,85.820,5762300.000,85.820
2020-11-12,88.080,90.300,87.080,90.010,6622600.000,90.010
2020-11-11,85.150,87.130,79.760,86.830,25348600.000,86.830
2020-11-10,94.710,96.250,88.590,92.600,6383800.000,92.600
2020-11-09,98.760,101.000,93.050,94.890,3434000.000,94.890
2020-11-06,102.000,102.580,98.880,100.350,2529600.000,100.350
2020-11-05,102.257,103.950,99.650,101.950,2745800.000,101.950
2020-11-04,95.760,99.990,95.256,97.620,3660500.000,97.620
2020-11-03,88.530,90.770,86.500,90.140,2521600.000,90.140
2020-11-02,91.780,91.790,86.660,88.330,4567200.000,88.330
2020-10-30,94.860,95.450,90.540,90.750,3733800.000,90.750
2020-10-29,97.990,98.190,95.130,96.410,2424735.000,96.410
2020-10-28,99.250,99.700,96.600,97.030,2230900.000,97.030
2020-10-27,101.250,103.924,100.531,101.330,1588900.000,101.330
2020-10-26,100.650,104.530,96.110,99.760,3296100.000,99.760
2020-10-23,99.610,102.890,97.350,102.080,2949500.000,102.080
2020-10-22,102.870,103.790,98.570,98.940,2970300.000,98.940
2020-10-21,110.000,110.200,100.040,102.170,6148600.000,102.170
2020-10-20,112.310,112.470,107.740,108.590,2585800.000,108.590
2020-10-19,112.250,113.750,110.400,111.660,2858500.000,111.660
2020-10-16,114.840,116.370,111.740,112.360,2164400.000,112.360
2020-10-15,107.200,114.090,104.550,113.290,3781500.000,113.290
2020-10-14,117.550,117.800,112.300,113.550,2923800.000,113.550
2020-10-13,112.650,118.130,112.050,116.870,4756600.000,116.870
2020-10-12,112.250,113.638,108.830,112.200,4617500.000,112.200
2020-10-09,104.650,114.550,103.520,111.790,10875200.000,111.790
2020-10-08,105.260,105.950,101.810,102.660,2882600.000,102.660
2020-10-07,105.430,109.220,104.400,104.430,4579800.000,104.430
2020-10-06,106.890,109.600,102.140,103.920,4510000.000,103.920
2020-10-05,104.750,108.100,103.710,106.890,4459200.000,106.890
2020-10-02,101.310,108.203,100.920,103.490,8513800.000,103.490
2020-10-01,101.430,105.500,98.630,103.510,11446200.000,103.510
2020-09-30,90.920,107.990,89.430,102.160,28791000.000,102.160
2020-09-29,92.060,93.540,90.390,90.920,2264400.000,90.920
2020-09-28,91.860,95.320,91.200,92.250,3286200.000,92.250
2020-09-25,89.000,90.890,87.620,90.650,1624400.000,90.650
2020-09-24,88.790,90.730,87.280,88.370,1999286.000,88.370
2020-09-23,91.980,94.900,90.660,91.100,4138200.000,91.100
2020-09-22,88.330,93.500,85.810,93.410,6512600.000,93.410
2020-09-21,84.390,88.700,80.270,88.140,5630500.000,88.140
2020-09-18,88.440,88.740,84.510,85.690,14273100.000,85.690
2020-09-17,85.560,88.290,85.490,87.250,3831700.000,87.250
2020-09-16,88.200,92.750,88.177,89.380,5166100.000,89.380
2020-09-15,85.060,89.430,85.030,88.540,5935500.000,88.540
2020-09-14,81.440,84.850,80.336,84.390,4202100.000,84.390
2020-09-11,81.500,83.299,78.610,80.360,4335400.000,80.360
2020-09-10,82.200,84.550,80.290,80.670,2952100.000,80.670
2020-09-09,81.530,83.370,79.510,81.980,3190800.000,81.980
2020-09-08,77.000,81.460,75.751,79.980,3848700.000,79.980
2020-09-04,78.500,80.460,75.550,79.570,4660000.000,79.570
2020-09-03,81.500,81.780,76.280,80.100,7202800.000,80.100
2020-09-02,87.910,88.000,81.780,84.190,3767500.000,84.190
2020-09-01,83.990,87.490,82.500,85.770,4395600.000,85.770
2020-08-31,83.490,83.720,81.560,83.550,4829100.000,83.550
2020-08-28,82.741,86.250,81.530,82.980,4285300.000,82.980
2020-08-27,86.280,86.468,82.030,83.540,3295800.000,83.540
2020-08-26,85.770,89.470,85.101,86.280,4652800.000,86.280
2020-08-25,83.670,84.750,82.170,83.770,2164300.000,83.770
2020-08-24,87.010,87.260,82.060,84.340,2702000.000,84.340
2020-08-21,85.520,86.700,84.660,86.120,2487200.000,86.120
2020-08-20,82.260,86.600,82.000,85.780,3341500.000,85.780
2020-08-19,83.050,83.560,81.430,82.470,2405900.000,82.470
2020-08-18,83.090,83.890,81.604,83.460,3403900.000,83.460
2020-08-17,81.610,83.750,81.160,83.450,3218800.000,83.450
2020-08-14,83.000,84.270,79.820,81.240,2984700.000,81.240
2020-08-13,77.840,84.570,76.920,82.420,10101700.000,82.420
2020-08-12,76.000,78.650,75.910,76.610,3854300.000,76.610
2020-08-11,75.310,78.760,75.000,75.680,6876400.000,75.680
2020-08-10,77.610,78.960,72.600,76.365,7820100.000,76.365
2020-08-07,82.600,83.750,74.110,75.280,18906500.000,75.280
2020-08-06,92.720,93.370,87.315,90.010,8160600.000,90.010
2020-08-05,94.310,95.360,91.700,94.320,2899900.000,94.320
2020-08-04,95.760,96.150,92.130,94.220,2848100.000,94.220
2020-08-03,95.820,96.670,93.670,95.670,4630000.000,95.670
2020-07-31,94.788,95.000,91.200,93.860,2430600.000,93.860
2020-07-30,89.790,94.070,89.790,92.760,2349409.000,92.760
2020-07-29,89.220,90.870,87.280,90.130,1968244.000,90.130
2020-07-28,87.720,89.720,87.060,88.280,1311166.000,88.280
2020-07-27,86.200,88.580,85.675,87.830,1777588.000,87.830
2020-07-24,83.400,86.750,81.541,84.840,2244202.000,84.840
2020-07-23,88.850,91.300,83.571,85.220,3378937.000,85.220
2020-07-22,90.880,92.360,88.530,89.500,1578511.000,89.500
2020-07-21,92.770,93.000,89.340,90.720,4407092.000,90.720
2020-07-20,88.310,93.140,88.100,92.140,3425599.000,92.140
2020-07-17,85.600,87.860,85.310,87.300,3225000.000,87.300
2020-07-16,87.650,87.900,83.380,85.315,3390400.000,85.315
2020-07-15,88.970,90.930,85.490,88.480,3155600.000,88.480
2020-07-14,87.600,90.830,83.000,88.890,3781100.000,88.890
2020-07-13,97.770,98.640,85.665,86.660,5577900.000,86.660
2020-07-10,96.820,98.140,95.125,96.410,4141000.000,96.410
2020-07-09,97.990,98.990,93.170,96.100,4841200.000,96.100
2020-07-08,91.850,96.840,91.000,96.130,3914900.000,96.130
2020-07-07,90.010,92.170,88.550,90.090,2898100.000,90.090
2020-07-06,91.350,92.600,88.020,88.960,5769400.000,88.960
2020-07-02,90.500,91.070,88.340,89.590,4516700.000,89.590
2020-07-01,87.190,89.750,86.010,89.380,2447300.000,89.380
2020-06-30,84.290,87.170,83.770,86.950,2752200.000,86.950
2020-06-29,85.020,85.240,80.090,83.720,4920900.000,83.720
2020-06-26,90.560,91.080,83.800,84.500,14063100.000,84.500
2020-06-25,88.140,91.552,86.690,89.600,3215100.000,89.600
2020-06-24,90.060,92.890,86.451,88.500,4140700.000,88.500
2020-06-23,90.000,93.000,87.890,89.690,6748400.000,89.690
2020-06-22,87.670,89.600,87.080,89.010,4979800.000,89.010
2020-06-19,88.250,89.570,85.200,86.790,8109100.000,86.790
2020-06-18,83.880,87.115,82.120,86.650,6667700.000,86.650
2020-06-17,83.370,84.990,82.250,83.040,4965900.000,83.040
2020-06-16,82.040,84.450,80.550,81.990,4655000.000,81.990
2020-06-15,78.150,83.200,77.630,81.520,4509000.000,81.520
2020-06-12,77.900,80.620,76.270,78.050,3670500.000,78.050
2020-06-11,76.120,79.400,75.180,76.050,3803600.000,76.050
2020-06-10,75.720,79.180,75.320,78.260,3476800.000,78.260
2020-06-09,76.390,78.490,73.580,73.740,4048400.000,73.740
2020-06-08,71.380,77.690,70.080,76.540,5918700.000,76.540
2020-06-05,69.950,72.080,68.210,70.660,3433700.000,70.660
2020-06-04,73.130,73.700,69.440,71.760,5502500.000,71.760
2020-06-03,70.780,73.480,69.310,72.890,3133200.000,72.890
2020-06-02,69.490,72.090,67.180,70.810,4859500.000,70.810
2020-06-01,70.610,72.160,69.250,69.490,5487700.000,69.490
2020-05-29,68.760,71.470,67.500,71.270,12946300.000,71.270
2020-05-28,64.900,70.200,64.600,67.130,4243400.000,67.130
2020-05-27,69.850,70.132,62.500,66.820,6837200.000,66.820
2020-05-26,74.590,75.000,67.510,71.000,5207800.000,71.000
2020-05-22,70.050,74.000,70.000,73.040,4724399.000,73.040
2020-05-21,70.000,70.980,68.450,69.890,2329398.000,69.890
2020-05-20,71.010,71.790,69.260,70.700,3189666.000,70.700
2020-05-19,67.750,71.420,67.460,70.060,4009379.000,70.060
2020-05-18,69.000,69.770,66.860,67.410,4062797.000,67.410
2020-05-15,65.000,69.220,64.940,67.160,6688476.000,67.160
2020-05-14,66.380,67.250,62.120,65.190,13375032.000,65.190
2020-05-13,66.640,72.150,64.613,69.990,13535327.000,69.990
2020-05-12,61.870,70.120,61.050,68.860,24947327.000,68.860
2020-05-11,52.990,57.180,52.600,55.690,10262785.000,55.690
2020-05-08,51.325,52.236,49.580,51.730,5233363.000,51.730
2020-05-07,47.500,50.090,47.260,49.610,4854477.000,49.610
2020-05-06,47.000,47.280,46.010,46.560,2195565.000,46.560
2020-05-05,46.330,47.340,46.010,46.600,3277065.000,46.600
2020-05-04,44.900,46.130,43.810,45.830,2499311.000,45.830
2020-05-01,44.000,45.470,43.133,44.980,2091955.000,44.980
2020-04-30,44.930,45.280,44.440,45.120,1734659.000,45.120
2020-04-29,43.850,45.140,43.740,44.650,1961155.000,44.650
2020-04-28,43.560,44.230,41.800,43.600,2260345.000,43.600
2020-04-27,42.250,43.430,42.000,43.230,1619726.000,43.230
2020-04-24,40.890,42.100,40.230,41.810,2781973.000,41.810
2020-04-23,40.010,41.000,38.680,40.150,1540703.000,40.150
2020-04-22,40.560,41.430,40.260,40.290,1886353.000,40.290
2020-04-21,41.030,41.684,38.140,40.000,3063302.000,40.000
2020-04-20,39.970,42.585,39.970,40.990,2934331.000,40.990
2020-04-17,40.000,40.669,38.550,40.400,3179990.000,40.400
2020-04-16,39.100,39.920,38.720,39.640,2895817.000,39.640
2020-04-15,38.580,39.360,38.020,38.740,2956205.000,38.740
2020-04-14,38.570,39.116,38.250,38.910,2726005.000,38.910
2020-04-13,37.690,38.350,37.420,37.870,3050737.000,37.870
2020-04-09,37.000,37.490,36.350,36.950,2737154.000,36.950
2020-04-08,36.100,37.890,35.400,37.150,4113152.000,37.150
2020-04-07,37.000,37.240,35.010,35.900,2920789.000,35.900
2020-04-06,35.440,36.450,35.100,36.280,2187606.000,36.280
2020-04-03,34.500,35.344,33.040,34.690,2627168.000,34.690
2020-04-02,34.900,35.870,33.620,34.600,1865959.000,34.600
2020-04-01,34.830,37.000,34.310,34.880,2855247.000,34.880
2020-03-31,34.500,36.540,34.360,35.980,3222255.000,35.980
2020-03-30,35.450,35.655,33.750,34.750,2321368.000,34.750
2020-03-27,34.290,35.240,33.142,34.550,2892455.000,34.550
2020-03-26,34.070,35.930,33.410,34.300,4155146.000,34.300
2020-03-25,34.110,36.890,33.600,33.690,3049103.000,33.690
2020-03-24,34.050,35.390,33.750,34.490,3495732.000,34.490
2020-03-23,34.100,34.100,30.630,32.900,4407902.000,32.900
2020-03-20,33.540,35.120,33.010,33.380,5349735.000,33.380
2020-03-19,32.000,33.770,31.300,33.100,4076217.000,33.100
2020-03-18,30.850,33.880,30.460,32.080,3134164.000,32.080
2020-03-17,29.530,34.440,29.310,34.120,4476827.000,34.120
2020-03-16,32.000,33.180,28.880,28.960,4915538.000,28.960
2020-03-13,36.000,36.600,32.000,35.260,5704742.000,35.260
2020-03-12,32.460,34.930,31.000,33.100,6687304.000,33.100
2020-03-11,37.310,37.710,34.790,35.560,6249069.000,35.560
2020-03-10,39.750,39.850,36.450,38.000,13106274.000,38.000
2020-03-09,38.780,40.000,37.370,38.820,9150122.000,38.820
2020-03-06,46.010,46.440,43.080,43.620,3987390.000,43.620
2020-03-05,43.310,48.120,43.310,47.300,5074317.000,47.300
2020-03-04,44.330,44.900,43.130,44.525,2239971.000,44.525
2020-03-03,44.800,44.860,42.360,43.400,4483680.000,43.400
2020-03-02,45.000,45.780,43.610,44.790,5881164.000,44.790
2020-02-28,43.800,45.840,43.500,45.150,4483196.000,45.150
2020-02-27,42.120,46.580,41.720,45.890,7190094.000,45.890
2020-02-26,44.060,45.390,43.500,43.910,2819511.000,43.910
2020-02-25,45.400,45.602,43.000,44.310,4406094.000,44.310
2020-02-24,43.000,45.350,42.330,44.960,3187413.000,44.960
2020-02-21,45.640,45.790,43.724,45.680,2696208.000,45.680
2020-02-20,45.680,47.030,44.080,45.990,5201779.000,45.990
2020-02-19,47.200,47.860,46.410,47.300,2877410.000,47.300
2020-02-18,47.290,48.580,46.605,47.080,3049789.000,47.080
2020-02-14,45.910,48.690,44.250,47.030,8374759.000,47.030
2020-02-13,49.350,49.470,47.710,48.500,3361781.000,48.500
2020-02-12,48.250,50.120,48.050,50.010,2199441.000,50.010
2020-02-11,48.620,49.420,47.340,47.810,1884386.000,47.810
2020-02-10,47.520,49.000,47.500,47.950,1537097.000,47.950
2020-02-07,46.500,47.980,46.150,47.180,1765853.000,47.180
2020-02-06,45.750,46.300,44.101,46.050,1081525.000,46.050
2020-02-05,48.880,49.076,43.770,45.730,2455196.000,45.730
2020-02-04,46.210,48.490,45.730,47.600,1780497.000,47.600
2020-02-03,46.620,47.480,43.510,45.260,2275921.000,45.260
2020-01-31,47.130,47.260,45.739,46.210,1708920.000,46.210
2020-01-30,43.490,47.200,43.081,47.040,2830758.000,47.040
2020-01-29,42.900,44.990,42.160,43.920,2818084.000,43.920
2020-01-28,41.580,42.210,40.580,42.160,1229611.000,42.160
2020-01-27,40.000,41.330,39.250,41.255,2053832.000,41.255
2020-01-24,43.490,44.030,40.810,42.050,2572285.000,42.050
2020-01-23,42.330,43.250,40.930,42.810,1799947.000,42.810
2020-01-22,41.480,42.670,41.255,42.240,1167468.000,42.240
2020-01-21,41.180,42.275,40.470,41.130,2192131.000,41.130
2020-01-17,41.200,41.720,40.610,41.190,1377612.000,41.190
2020-01-16,40.740,41.777,39.960,40.610,2021217.000,40.610
2020-01-15,39.570,41.490,39.400,40.230,2098295.000,40.230
2020-01-14,41.160,41.399,38.820,39.270,2403957.000,39.270
2020-01-13,40.720,43.520,40.600,40.940,5302350.000,40.940
2020-01-10,40.550,40.880,39.842,40.160,1675832.000,40.160
2020-01-09,40.450,40.965,39.880,40.210,1630376.000,40.210
2020-01-08,40.300,41.080,39.150,39.950,1958317.000,39.950
2020-01-07,39.950,41.540,39.200,40.060,4079920.000,40.060
2020-01-06,37.510,40.070,37.380,39.900,5565682.000,39.900
2020-01-03,36.110,37.699,35.958,37.420,1573566.000,37.420
2020-01-02,38.220,38.250,36.600,36.700,1784775.000,36.700
2019-12-31,36.900,37.950,36.770,37.780,1460168.000,37.780
2019-12-30,36.720,37.200,35.400,37.130,1611179.000,37.130
2019-12-27,37.900,37.952,35.611,36.110,3473770.000,36.110
2019-12-26,37.300,38.200,37.000,37.960,1377971.000,37.960
2019-12-24,37.720,37.797,36.620,37.090,783631.000,37.090
2019-12-23,38.850,39.640,37.410,37.800,2284500.000,37.800
2019-12-20,37.710,38.870,37.600,38.510,3420699.000,38.510
2019-12-19,37.510,38.440,37.500,38.100,1524479.000,38.100
2019-12-18,37.660,38.750,36.810,38.210,3146196.000,38.210
2019-12-17,37.860,38.240,36.020,37.180,5174117.000,37.180
2019-12-16,38.910,39.020,37.130,38.790,2943717.000,38.790
2019-12-13,36.200,39.130,36.010,38.790,4403967.000,38.790
2019-12-12,35.450,36.610,35.140,35.730,2065617.000,35.730
2019-12-11,34.810,35.680,33.060,35.550,3372408.000,35.550
2019-12-10,34.330,36.250,34.260,34.810,5371024.000,34.810
2019-12-09,34.630,36.040,34.100,35.160,3171903.000,35.160
2019-12-06,35.930,36.330,35.600,35.910,2883933.000,35.910
2019-12-05,36.830,36.830,35.810,35.860,2032686.000,35.860
2019-12-04,38.000,38.250,36.090,36.920,1662643.000,36.920
2019-12-03,37.580,38.722,37.500,37.770,2120278.000,37.770
2019-12-02,41.110,41.320,37.840,39.600,2049242.000,39.600
2019-11-29,41.820,42.200,40.560,40.770,574803.000,40.770
2019-11-27,40.800,42.200,39.720,41.860,1278542.000,41.860
2019-11-26,43.100,43.700,39.810,40.550,1785738.000,40.550
2019-11-25,41.500,44.090,41.467,42.810,2301411.000,42.810
2019-11-22,41.350,42.700,39.710,41.040,2671902.000,41.040
2019-11-21,38.240,40.170,38.180,40.030,1419813.000,40.030
2019-11-20,38.830,39.938,37.600,38.400,1161008.000,38.400
2019-11-19,40.450,40.880,37.530,39.150,1891274.000,39.150
2019-11-18,40.720,41.480,39.750,40.320,1154269.000,40.320
2019-11-15,41.750,42.960,40.430,40.630,2121844.000,40.630
2019-11-14,40.180,41.720,39.380,41.370,2569896.000,41.370
2019-11-13,38.820,41.920,38.250,40.190,10607668.000,40.190
2019-11-12,33.810,35.200,33.800,34.400,3258699.000,34.400
2019-11-11,32.760,34.000,32.360,33.550,1665146.000,33.550
2019-11-08,31.110,32.830,30.260,32.810,932115.000,32.810
2019-11-07,33.300,33.740,31.000,31.290,1016958.000,31.290
2019-11-06,34.560,34.760,32.890,33.060,1258054.000,33.060
2019-11-05,34.500,35.250,33.210,34.910,1021240.000,34.910
2019-11-04,34.530,34.870,33.360,34.440,870609.000,34.440
2019-11-01,33.700,34.480,33.630,34.020,806279.000,34.020
2019-10-31,34.820,34.990,33.120,33.590,966134.000,33.590
2019-10-30,33.790,34.870,33.380,34.810,920110.000,34.810
2019-10-29,33.190,34.080,32.600,33.650,716797.000,33.650
2019-10-28,35.000,35.437,33.110,33.280,1906369.000,33.280
2019-10-25,32.860,34.500,32.400,34.300,2120438.000,34.300
2019-10-24,29.160,33.460,29.150,32.500,3816517.000,32.500
2019-10-23,27.900,29.250,27.550,28.760,2784196.000,28.760
2019-10-22,30.050,30.310,28.010,28.040,1965514.000,28.040
2019-10-21,31.900,32.100,29.700,30.010,1982098.000,30.010
2019-10-18,33.840,33.875,31.460,31.570,1306097.000,31.570
2019-10-17,32.300,34.160,32.300,33.960,1489115.000,33.960
2019-10-16,33.560,33.770,31.900,32.200,1989053.000,32.200
2019-10-15,33.170,34.850,32.510,34.800,1473859.000,34.800
2019-10-14,35.650,36.250,32.950,33.090,2195955.000,33.090
2019-10-11,35.930,36.480,35.370,35.670,2170433.000,35.670
2019-10-10,36.750,37.350,35.150,35.600,1350759.000,35.600
2019-10-09,35.850,37.490,35.610,36.750,1168145.000,36.750
2019-10-08,36.500,36.700,34.920,35.450,1217655.000,35.450
2019-10-07,34.900,37.970,34.400,36.810,1985558.000,36.810
2019-10-04,33.050,35.080,32.799,34.720,920602.000,34.720
2019-10-03,31.180,34.800,30.500,32.890,2438925.000,32.890
2019-10-02,31.650,31.900,30.010,31.100,1877242.000,31.100
2019-10-01,34.250,34.480,31.250,32.390,1292118.000,32.390
2019-09-30,32.640,34.200,32.000,33.910,1386510.000,33.910
2019-09-27,33.000,33.510,30.470,32.270,2478506.000,32.270
2019-09-26,36.000,36.290,32.300,32.440,2659939.000,32.440
2019-09-25,34.600,35.600,34.200,35.250,3027990.000,35.250
2019-09-24,36.010,37.120,34.060,34.500,3210350.000,34.500
2019-09-23,36.580,38.150,35.750,36.110,2247259.000,36.110
2019-09-20,38.590,39.200,36.150,36.150,3330499.000,36.150
