Date,Open,High,Low,Close,Volume,Adj Close,,2023-06-30
2023-06-30,28.466,28.466,28.466,28.466,31.000,28.466
2023-06-29,28.161,28.161,28.161,28.161,3.000,28.161
2023-06-28,28.096,28.096,28.096,28.096,25.000,28.096
2023-06-27,28.184,28.184,28.184,28.184,67.000,28.184
2023-06-26,28.087,28.087,28.087,28.087,124.000,28.087
2023-06-23,28.329,28.329,28.210,28.210,200.000,28.210
2023-06-22,28.422,28.422,28.422,28.422,0.000,28.422
2023-06-21,28.340,28.359,28.250,28.289,700.000,28.289
2023-06-20,28.365,28.365,28.365,28.365,100.000,28.365
2023-06-16,28.649,28.649,28.250,28.480,26400.000,28.480
2023-06-15,28.630,28.630,28.630,28.630,100.000,28.543
2023-06-14,28.281,28.281,28.281,28.281,94.000,28.195
2023-06-13,28.360,28.360,28.360,28.360,206.000,28.274
2023-06-12,28.224,28.224,28.224,28.224,113.000,28.138
2023-06-09,28.140,28.160,28.140,28.160,300.000,28.074
2023-06-08,28.080,28.140,28.070,28.140,1100.000,28.054
2023-06-07,27.920,27.920,27.920,27.920,100.000,27.835
2023-06-06,28.380,28.380,28.150,28.166,1200.000,28.080
2023-06-05,28.200,28.200,28.200,28.200,100.000,28.114
2023-06-02,28.140,28.180,28.140,28.180,400.000,28.094
2023-06-01,27.660,27.755,27.660,27.755,200.000,27.670
2023-05-31,27.612,27.612,27.612,27.612,100.000,27.528
2023-05-30,27.679,27.679,27.482,27.482,600.000,27.398
2023-05-26,27.625,27.633,27.625,27.633,200.000,27.549
2023-05-25,27.636,27.636,27.636,27.636,100.000,27.552
2023-05-24,27.829,27.829,27.829,27.829,100.000,27.744
2023-05-23,28.090,28.090,28.090,28.090,400.000,28.004
2023-05-22,28.415,28.415,28.415,28.415,100.000,28.328
2023-05-19,28.451,28.451,28.451,28.451,0.000,28.364
2023-05-18,28.430,28.430,28.430,28.430,200.000,28.343
2023-05-17,28.440,28.460,28.440,28.460,300.000,28.373
2023-05-16,28.460,28.460,28.460,28.460,200.000,28.373
2023-05-15,28.574,28.574,28.574,28.574,100.000,28.487
2023-05-12,28.627,28.627,28.627,28.627,100.000,28.540
2023-05-11,28.684,28.684,28.684,28.684,100.000,28.597
2023-05-10,28.690,28.690,28.686,28.686,200.000,28.599
2023-05-09,28.630,28.630,28.630,28.630,100.000,28.543
2023-05-08,28.746,28.746,28.746,28.746,200.000,28.658
2023-05-05,28.600,28.670,28.600,28.670,1000.000,28.583
2023-05-04,28.320,28.320,28.264,28.264,400.000,28.178
2023-05-03,28.541,28.541,28.492,28.492,1300.000,28.405
2023-05-02,28.300,28.431,28.300,28.431,200.000,28.344
2023-05-01,28.640,28.640,28.545,28.570,600.000,28.483
2023-04-28,28.450,28.450,28.450,28.450,100.000,28.363
2023-04-27,28.344,28.344,28.344,28.344,100.000,28.258
2023-04-26,27.990,27.990,27.990,27.990,100.000,27.905
2023-04-25,28.560,28.560,28.340,28.340,300.000,28.254
2023-04-24,28.436,28.470,28.436,28.467,300.000,28.380
2023-04-21,28.369,28.369,28.369,28.369,100.000,28.283
2023-04-20,28.049,28.049,28.049,28.049,100.000,27.964
2023-04-19,28.140,28.140,28.137,28.137,200.000,28.051
2023-04-18,28.170,28.170,28.155,28.155,200.000,28.069
2023-04-17,28.230,28.230,28.227,28.227,100.000,28.141
2023-04-14,28.280,28.280,28.276,28.276,200.000,28.190
2023-04-13,28.390,28.390,28.343,28.343,100.000,28.257
2023-04-12,27.884,27.884,27.884,27.884,100.000,27.799
2023-04-11,27.843,27.843,27.843,27.843,100.000,27.758
2023-04-10,27.790,27.800,27.790,27.800,300.000,27.715
2023-04-06,27.806,27.806,27.806,27.806,100.000,27.721
2023-04-05,27.660,27.660,27.660,27.660,100.000,27.576
2023-04-04,27.460,27.460,27.460,27.460,200.000,27.376
2023-04-03,27.202,27.380,27.202,27.380,500.000,27.297
2023-03-31,27.109,27.109,27.109,27.109,200.000,27.026
2023-03-30,26.777,26.777,26.777,26.777,100.000,26.695
2023-03-29,26.590,26.590,26.590,26.590,100.000,26.509
2023-03-28,26.430,26.440,26.430,26.439,400.000,26.358
2023-03-27,26.510,26.510,26.510,26.510,100.000,26.429
2023-03-24,26.320,26.370,26.319,26.319,500.000,26.239
2023-03-23,26.171,26.171,26.171,26.171,100.000,26.091
2023-03-22,26.098,26.098,26.098,26.098,300.000,26.018
2023-03-21,26.386,26.386,26.386,26.386,100.000,26.306
2023-03-20,26.150,26.150,26.150,26.150,100.000,26.070
2023-03-17,26.020,26.020,25.850,25.860,700.000,25.781
2023-03-16,26.200,26.200,26.200,26.200,100.000,26.004
2023-03-15,25.820,25.820,25.820,25.820,100.000,25.627
2023-03-14,25.980,25.980,25.980,25.980,200.000,25.786
2023-03-13,25.697,25.697,25.697,25.697,100.000,25.505
2023-03-10,25.570,25.580,25.500,25.500,1900.000,25.309
2023-03-09,25.740,25.740,25.740,25.740,200.000,25.547
2023-03-08,25.950,25.950,25.950,25.950,100.000,25.756
2023-03-07,26.049,26.049,26.049,26.049,100.000,25.854
2023-03-06,26.450,26.450,26.436,26.440,800.000,26.242
2023-03-03,26.450,26.450,26.448,26.448,200.000,26.250
2023-03-02,26.190,26.210,26.190,26.210,500.000,26.014
2023-03-01,25.930,26.080,25.930,26.080,1300.000,25.885
2023-02-28,26.090,26.090,26.090,26.090,300.000,25.895
2023-02-27,26.380,26.400,26.370,26.370,800.000,26.173
2023-02-24,26.340,26.340,26.340,26.340,200.000,26.143
2023-02-23,26.600,26.730,26.600,26.730,600.000,26.530
2023-02-22,26.635,26.680,26.635,26.680,500.000,26.480
2023-02-21,26.770,26.770,26.700,26.700,600.000,26.500
2023-02-17,27.018,27.018,27.018,27.018,100.000,26.816
2023-02-16,26.830,26.830,26.830,26.830,200.000,26.629
2023-02-15,27.120,27.120,27.120,27.120,100.000,26.917
2023-02-14,27.170,27.170,27.170,27.170,100.000,26.967
2023-02-13,27.270,27.270,27.270,27.270,300.000,27.066
2023-02-10,26.900,26.941,26.900,26.941,300.000,26.739
2023-02-09,26.880,26.900,26.880,26.900,1100.000,26.699
2023-02-08,27.140,27.140,27.140,27.140,500.000,26.937
2023-02-07,27.330,27.330,27.330,27.330,100.000,27.125
2023-02-06,27.120,27.120,27.120,27.120,300.000,26.917
2023-02-03,27.317,27.317,27.317,27.317,100.000,27.113
2023-02-02,27.290,27.390,27.250,27.390,1700.000,27.185
2023-02-01,27.190,27.455,27.130,27.381,4600.000,27.176
2023-01-31,27.270,27.270,27.270,27.270,500.000,27.066
2023-01-30,26.950,26.960,26.950,26.960,300.000,26.758
2023-01-27,27.128,27.128,27.128,27.128,100.000,26.925
2023-01-26,27.137,27.137,27.137,27.137,100.000,26.934
2023-01-25,27.250,27.250,27.250,27.250,100.000,27.046
2023-01-24,27.220,27.240,27.220,27.240,300.000,27.036
2023-01-23,27.290,27.380,27.190,27.380,900.000,27.175
2023-01-20,27.242,27.242,27.242,27.242,100.000,27.038
2023-01-19,27.120,27.120,27.120,27.120,100.000,26.917
2023-01-18,27.150,27.150,27.059,27.059,200.000,26.856
2023-01-17,27.475,27.475,27.370,27.370,200.000,27.165
2023-01-13,27.340,27.390,27.340,27.390,500.000,27.185
2023-01-12,27.150,27.190,26.880,27.186,1300.000,26.983
2023-01-11,27.120,27.120,27.120,27.120,200.000,26.917
2023-01-10,26.921,26.921,26.921,26.921,100.000,26.720
2023-01-09,26.853,26.853,26.853,26.853,100.000,26.652
2023-01-06,27.150,27.150,27.150,27.150,100.000,26.947
2023-01-05,26.710,26.800,26.600,26.679,1400.000,26.479
2023-01-04,26.910,26.910,26.840,26.848,600.000,26.647
2023-01-03,26.610,26.760,26.600,26.760,4200.000,26.560
2022-12-30,26.686,26.686,26.686,26.686,0.000,26.486
2022-12-29,26.890,26.890,26.790,26.790,200.000,26.590
2022-12-28,26.435,26.435,26.435,26.435,100.000,26.237
2022-12-27,26.669,26.669,26.669,26.669,100.000,26.469
2022-12-23,26.737,26.737,26.737,26.737,100.000,26.537
2022-12-22,26.704,26.704,26.704,26.704,100.000,26.504
2022-12-21,26.767,26.767,26.767,26.767,700.000,26.567
2022-12-20,26.428,26.428,26.428,26.428,100.000,26.230
2022-12-19,26.460,26.460,26.460,26.460,500.000,26.262
2022-12-16,26.610,26.610,26.575,26.600,600.000,26.401
2022-12-15,26.962,26.962,26.945,26.945,300.000,26.683
2022-12-14,27.627,27.627,27.625,27.625,300.000,27.356
2022-12-13,27.400,27.489,27.400,27.489,200.000,27.221
2022-12-12,27.326,27.326,27.326,27.326,100.000,27.060
2022-12-09,27.114,27.114,27.114,27.114,100.000,26.850
2022-12-08,27.320,27.320,27.320,27.320,100.000,27.054
2022-12-07,27.174,27.174,27.174,27.174,100.000,26.909
2022-12-06,27.034,27.034,27.034,27.034,100.000,26.771
2022-12-05,27.295,27.295,27.295,27.295,100.000,27.029
2022-12-02,27.490,27.600,27.490,27.600,900.000,27.331
2022-12-01,27.540,27.540,27.480,27.530,800.000,27.262
2022-11-30,27.391,27.391,27.391,27.391,100.000,27.124
2022-11-29,26.744,26.744,26.744,26.744,100.000,26.484
2022-11-28,26.782,26.782,26.782,26.782,100.000,26.521
2022-11-25,27.000,27.000,26.962,26.962,100.000,26.699
2022-11-23,26.873,26.873,26.873,26.873,100.000,26.611
2022-11-22,26.729,26.729,26.729,26.729,100.000,26.469
2022-11-21,26.476,26.476,26.476,26.476,100.000,26.218
2022-11-18,26.520,26.580,26.520,26.580,500.000,26.321
2022-11-17,26.360,26.360,26.360,26.360,500.000,26.103
2022-11-16,26.306,26.306,26.306,26.306,100.000,26.050
2022-11-15,26.410,26.410,26.410,26.410,100.000,26.153
2022-11-14,26.295,26.300,26.295,26.296,400.000,26.040
2022-11-11,26.255,26.255,26.255,26.255,100.000,25.999
2022-11-10,26.360,26.360,26.360,26.360,200.000,26.103
2022-11-09,25.300,25.300,25.300,25.300,100.000,25.054
2022-11-08,25.523,25.523,25.523,25.523,100.000,25.274
2022-11-07,25.385,25.385,25.385,25.385,100.000,25.138
2022-11-04,25.219,25.219,25.219,25.219,100.000,24.973
2022-11-03,25.065,25.065,25.000,25.000,400.000,24.757
2022-11-02,25.440,25.440,25.177,25.177,200.000,24.932
2022-11-01,25.515,25.550,25.515,25.543,500.000,25.294
2022-10-31,25.523,25.523,25.523,25.523,100.000,25.274
2022-10-28,25.610,25.620,25.610,25.620,200.000,25.370
2022-10-27,25.130,25.130,25.130,25.130,200.000,24.885
2022-10-26,25.306,25.306,25.306,25.306,100.000,25.060
2022-10-25,25.200,25.200,25.200,25.200,100.000,24.955
2022-10-24,24.890,24.890,24.890,24.890,300.000,24.648
2022-10-21,24.610,24.610,24.610,24.610,300.000,24.370
2022-10-20,24.290,24.290,24.290,24.290,200.000,24.053
2022-10-19,24.730,24.730,24.388,24.388,400.000,24.150
2022-10-18,24.840,24.840,24.840,24.840,100.000,24.598
2022-10-17,24.710,24.710,24.710,24.710,200.000,24.469
2022-10-14,24.410,24.410,24.150,24.150,200.000,23.915
2022-10-13,24.484,24.484,24.484,24.484,0.000,24.246
2022-10-12,24.100,24.100,24.070,24.070,1200.000,23.836
2022-10-11,24.112,24.112,24.112,24.112,100.000,23.877
2022-10-10,24.020,24.059,24.020,24.059,100.000,23.825
2022-10-07,24.321,24.352,24.121,24.121,2800.000,23.886
2022-10-06,24.644,24.644,24.644,24.644,100.000,24.404
2022-10-05,24.970,24.970,24.934,24.934,300.000,24.691
2022-10-04,24.891,24.979,24.891,24.979,100.000,24.736
2022-10-03,24.110,24.345,24.110,24.345,700.000,24.108
2022-09-30,24.012,24.012,24.012,24.012,200.000,23.778
2022-09-29,24.287,24.287,24.287,24.287,100.000,24.050
2022-09-28,24.150,24.600,24.150,24.590,2900.000,24.351
2022-09-27,24.068,24.068,24.068,24.068,0.000,23.834
2022-09-26,24.030,24.135,24.000,24.120,5700.000,23.885
2022-09-23,24.300,24.343,24.280,24.343,3000.000,24.106
2022-09-22,24.710,24.710,24.710,24.710,200.000,24.469
2022-09-21,25.220,25.220,24.722,24.722,100.000,24.481
2022-09-20,25.106,25.106,25.106,25.106,100.000,24.862
2022-09-19,25.240,25.425,25.240,25.425,1000.000,25.177
2022-09-16,25.462,25.462,25.462,25.462,0.000,25.214
2022-09-15,25.790,25.900,25.660,25.682,2700.000,25.376
2022-09-14,25.778,25.778,25.778,25.778,100.000,25.471
2022-09-13,26.000,26.000,25.811,25.811,900.000,25.503
2022-09-12,26.660,26.716,26.660,26.716,700.000,26.398
2022-09-09,26.444,26.444,26.444,26.444,100.000,26.129
2022-09-08,26.040,26.060,25.965,26.060,8500.000,25.749
2022-09-07,25.860,25.860,25.835,25.844,1000.000,25.536
2022-09-06,25.560,25.560,25.448,25.448,200.000,25.145
2022-09-02,26.050,26.050,25.521,25.521,100.000,25.217
2022-09-01,25.885,25.885,25.885,25.885,100.000,25.576
2022-08-31,25.808,25.808,25.808,25.808,100.000,25.500
2022-08-30,25.975,25.975,25.912,25.912,200.000,25.603
2022-08-29,26.218,26.218,26.218,26.218,100.000,25.905
2022-08-26,26.440,26.440,26.440,26.440,300.000,26.125
2022-08-25,27.166,27.166,27.166,27.166,100.000,26.842
2022-08-24,26.883,26.907,26.883,26.907,200.000,26.586
2022-08-23,26.817,26.817,26.817,26.817,100.000,26.497
2022-08-22,27.023,27.023,27.023,27.023,0.000,26.701
2022-08-19,27.400,27.400,27.398,27.398,100.000,27.071
2022-08-18,27.540,27.540,27.433,27.433,100.000,27.106
2022-08-17,27.600,27.600,27.575,27.575,100.000,27.246
2022-08-16,27.640,27.681,27.640,27.681,400.000,27.351
2022-08-15,27.705,27.760,27.705,27.715,400.000,27.385
2022-08-12,27.681,27.681,27.681,27.681,100.000,27.351
2022-08-11,27.430,27.430,27.286,27.286,1300.000,26.961
2022-08-10,27.438,27.438,27.438,27.438,100.000,27.111
2022-08-09,27.044,27.044,27.044,27.044,100.000,26.722
2022-08-08,27.126,27.126,27.126,27.126,100.000,26.803
2022-08-05,27.088,27.088,27.088,27.088,100.000,26.765
2022-08-04,27.063,27.063,27.063,27.063,100.000,26.740
2022-08-03,27.151,27.151,27.151,27.151,100.000,26.827
2022-08-02,26.999,26.999,26.999,26.999,100.000,26.677
2022-08-01,27.180,27.180,27.180,27.180,0.000,26.856
2022-07-29,27.305,27.305,27.305,27.305,100.000,26.980
2022-07-28,27.275,27.275,27.275,27.275,100.000,26.950
2022-07-27,26.849,27.159,26.849,27.159,100.000,26.835
2022-07-26,26.815,26.815,26.815,26.815,100.000,26.495
2022-07-25,26.774,26.853,26.774,26.853,300.000,26.533
2022-07-22,26.742,26.742,26.742,26.742,100.000,26.423
2022-07-21,26.901,26.901,26.901,26.901,0.000,26.580
2022-07-20,26.554,26.554,26.554,26.554,100.000,26.237
2022-07-19,26.750,26.825,26.750,26.825,400.000,26.505
2022-07-18,26.212,26.212,26.212,26.212,100.000,25.900
2022-07-15,26.615,26.615,26.615,26.615,100.000,26.298
2022-07-14,26.112,26.112,26.103,26.103,100.000,25.792
2022-07-13,26.238,26.238,26.238,26.238,100.000,25.925
2022-07-12,26.560,26.570,26.452,26.452,5000.000,26.137
2022-07-11,26.615,26.615,26.615,26.615,100.000,26.298
2022-07-08,26.876,26.876,26.876,26.876,0.000,26.556
2022-07-07,26.823,26.823,26.823,26.823,100.000,26.503
2022-07-06,26.555,26.555,26.555,26.555,100.000,26.238
2022-07-05,26.445,26.445,26.445,26.445,100.000,26.130
2022-07-01,26.458,26.458,26.458,26.458,100.000,26.143
2022-06-30,26.254,26.254,26.254,26.254,200.000,25.941
2022-06-29,26.469,26.469,26.469,26.469,100.000,26.153
2022-06-28,26.888,26.888,26.316,26.316,400.000,26.002
2022-06-27,26.842,26.842,26.842,26.842,100.000,26.522
2022-06-24,26.600,26.790,26.490,26.759,13600.000,26.440
2022-06-23,26.121,26.121,26.121,26.121,0.000,25.810
2022-06-22,25.713,25.713,25.713,25.713,100.000,25.406
2022-06-21,25.461,25.461,25.461,25.461,0.000,25.157
2022-06-17,24.990,24.990,24.902,24.902,800.000,24.605
2022-06-16,24.870,24.870,24.870,24.870,200.000,24.475
2022-06-15,25.330,25.356,25.330,25.356,400.000,24.954
2022-06-14,25.059,25.059,25.059,25.059,100.000,24.661
2022-06-13,25.338,25.338,25.338,25.338,100.000,24.936
2022-06-10,26.150,26.150,26.150,26.150,100.000,25.735
2022-06-09,26.625,26.625,26.625,26.625,100.000,26.202
2022-06-08,27.213,27.213,27.213,27.213,100.000,26.781
2022-06-07,27.413,27.413,27.413,27.413,100.000,26.978
2022-06-06,27.134,27.134,27.134,27.134,100.000,26.703
2022-06-03,27.180,27.180,27.180,27.180,0.000,26.749
2022-06-02,27.478,27.478,27.478,27.478,100.000,27.042
2022-06-01,27.169,27.169,27.169,27.169,100.000,26.738
2022-05-31,27.463,27.463,27.449,27.449,300.000,27.013
2022-05-27,27.518,27.518,27.518,27.518,0.000,27.081
2022-05-26,27.095,27.095,27.095,27.095,100.000,26.665
2022-05-25,26.847,26.847,26.847,26.847,100.000,26.421
2022-05-24,26.832,26.832,26.832,26.832,100.000,26.406
2022-05-23,26.860,26.905,26.860,26.905,200.000,26.478
2022-05-20,26.291,26.572,26.280,26.572,400.000,26.150
2022-05-19,26.284,26.320,26.284,26.320,400.000,25.902
2022-05-18,26.371,26.371,26.371,26.371,0.000,25.952
2022-05-17,27.207,27.207,27.207,27.207,100.000,26.775
2022-05-16,26.783,26.783,26.783,26.783,100.000,26.358
2022-05-13,26.691,26.691,26.691,26.691,100.000,26.267
2022-05-12,26.154,26.154,26.154,26.154,100.000,25.739
2022-05-11,26.019,26.019,26.019,26.019,100.000,25.606
2022-05-10,26.294,26.294,26.294,26.294,100.000,25.877
2022-05-09,26.225,26.225,26.225,26.225,100.000,25.809
2022-05-06,27.005,27.005,27.005,27.005,100.000,26.576
2022-05-05,27.181,27.181,27.181,27.181,0.000,26.750
2022-05-04,27.963,27.963,27.963,27.963,0.000,27.519
2022-05-03,27.530,27.552,27.482,27.482,1800.000,27.046
2022-05-02,27.480,27.480,27.439,27.439,400.000,27.004
2022-04-29,27.503,27.503,27.503,27.503,100.000,27.066
2022-04-28,27.914,27.914,27.914,27.914,100.000,27.471
2022-04-27,27.512,27.512,27.438,27.438,200.000,27.003
2022-04-26,27.950,27.950,27.500,27.500,3500.000,27.064
2022-04-25,27.934,27.934,27.934,27.934,600.000,27.491
2022-04-22,28.135,28.150,27.963,27.963,1700.000,27.519
2022-04-21,28.760,28.760,28.760,28.760,200.000,28.304
2022-04-20,29.095,29.095,29.095,29.095,100.000,28.633
2022-04-19,28.850,28.866,28.840,28.846,700.000,28.388
2022-04-18,28.525,28.525,28.525,28.525,0.000,28.072
2022-04-14,28.960,28.970,28.806,28.806,400.000,28.349
2022-04-13,28.883,28.883,28.883,28.883,100.000,28.425
2022-04-12,28.629,28.629,28.629,28.629,100.000,28.175
2022-04-11,28.860,28.860,28.860,28.860,100.000,28.402
2022-04-08,29.270,29.270,29.185,29.185,100.000,28.722
2022-04-07,29.150,29.150,29.150,29.150,0.000,28.687
2022-04-06,28.788,28.788,28.788,28.788,100.000,28.331
2022-04-05,28.640,28.640,28.640,28.640,100.000,28.185
2022-04-04,28.700,28.700,28.700,28.700,100.000,28.244
2022-04-01,28.675,28.675,28.675,28.675,100.000,28.220
2022-03-31,28.461,28.461,28.461,28.461,100.000,28.009
2022-03-30,28.782,28.782,28.782,28.782,100.000,28.325
2022-03-29,28.650,28.768,28.650,28.768,200.000,28.311
2022-03-28,28.335,28.335,28.335,28.335,100.000,27.885
2022-03-25,28.219,28.219,28.219,28.219,100.000,27.771
2022-03-24,28.172,28.172,28.172,28.172,100.000,27.725
2022-03-23,28.120,28.120,27.962,27.962,200.000,27.518
2022-03-22,28.191,28.211,28.191,28.211,100.000,27.763
2022-03-21,28.097,28.097,28.097,28.097,100.000,27.651
2022-03-18,28.208,28.247,28.208,28.247,200.000,27.799
2022-03-17,28.090,28.151,28.090,28.151,500.000,27.585
2022-03-16,27.420,27.714,27.420,27.714,600.000,27.157
2022-03-15,26.880,27.258,26.880,27.258,1300.000,26.710
2022-03-14,26.980,26.980,26.796,26.796,500.000,26.257
2022-03-11,26.880,26.880,26.880,26.880,100.000,26.339
2022-03-10,27.040,27.220,27.040,27.220,800.000,26.673
2022-03-09,27.247,27.247,27.247,27.247,100.000,26.699
2022-03-08,26.558,26.558,26.558,26.558,100.000,26.024
2022-03-07,26.720,26.738,26.710,26.710,600.000,26.173
2022-03-04,27.302,27.302,27.302,27.302,100.000,26.753
2022-03-03,27.510,27.510,27.470,27.476,200.000,26.923
2022-03-02,27.673,27.673,27.673,27.673,0.000,27.117
2022-03-01,27.285,27.285,27.285,27.285,100.000,26.736
2022-02-28,27.471,27.471,27.471,27.471,100.000,26.919
2022-02-25,27.586,27.586,27.586,27.586,100.000,27.031
2022-02-24,26.807,26.807,26.807,26.807,100.000,26.268
2022-02-23,26.718,26.718,26.718,26.718,100.000,26.181
2022-02-22,26.900,26.900,26.900,26.900,100.000,26.359
2022-02-18,27.070,27.105,27.070,27.105,200.000,26.560
2022-02-17,27.780,27.780,27.376,27.376,1000.000,26.825
2022-02-16,27.890,27.890,27.890,27.890,0.000,27.329
2022-02-15,27.743,27.760,27.715,27.760,500.000,27.202
2022-02-14,27.220,27.220,27.199,27.199,2200.000,26.652
2022-02-11,27.364,27.364,27.364,27.364,100.000,26.814
2022-02-10,27.940,28.140,27.818,27.818,900.000,27.259
2022-02-09,28.000,28.151,28.000,28.151,500.000,27.585
2022-02-08,27.780,27.780,27.780,27.780,100.000,27.221
2022-02-07,27.500,27.500,27.500,27.500,0.000,26.947
2022-02-04,27.530,27.670,27.530,27.582,1500.000,27.027
2022-02-03,27.930,27.930,27.711,27.711,100.000,27.154
2022-02-02,27.875,28.061,27.875,28.061,800.000,27.497
2022-02-01,27.710,27.751,27.690,27.751,500.000,27.193
2022-01-31,27.390,27.629,27.390,27.629,600.000,27.073
2022-01-28,27.228,27.228,27.228,27.228,100.000,26.680
2022-01-27,26.910,26.910,26.859,26.859,400.000,26.319
2022-01-26,27.080,27.080,26.804,26.804,100.000,26.265
2022-01-25,26.980,26.996,26.980,26.996,1500.000,26.453
2022-01-24,26.940,27.157,26.940,27.157,200.000,26.611
2022-01-21,27.500,27.500,27.340,27.340,900.000,26.790
2022-01-20,28.090,28.090,27.547,27.547,1200.000,26.993
2022-01-19,27.910,27.910,27.788,27.788,100.000,27.229
2022-01-18,28.020,28.020,27.866,27.866,700.000,27.306
2022-01-14,28.226,28.226,28.226,28.226,100.000,27.658
2022-01-13,28.281,28.281,28.281,28.281,100.000,27.712
2022-01-12,28.604,28.604,28.604,28.604,100.000,28.029
2022-01-11,28.566,28.566,28.566,28.566,100.000,27.992
2022-01-10,28.376,28.376,28.376,28.376,100.000,27.805
2022-01-07,28.378,28.378,28.378,28.378,100.000,27.807
2022-01-06,28.467,28.467,28.467,28.467,100.000,27.895
2022-01-05,28.726,28.726,28.726,28.726,100.000,28.148
2022-01-04,29.090,29.090,29.090,29.090,100.000,28.505
2022-01-03,29.269,29.269,29.269,29.269,100.000,28.680
2021-12-31,29.350,29.350,29.266,29.266,2000.000,28.677
2021-12-30,29.309,29.309,29.309,29.309,100.000,28.720
2021-12-29,29.341,29.341,29.341,29.341,100.000,28.751
2021-12-28,29.275,29.275,29.233,29.233,200.000,28.645
2021-12-27,29.229,29.229,29.229,29.229,100.000,28.641
2021-12-23,28.910,28.960,28.910,28.917,800.000,28.335
2021-12-22,28.777,28.777,28.777,28.777,100.000,28.198
2021-12-21,28.404,28.404,28.404,28.404,100.000,27.833
2021-12-20,27.680,28.007,27.630,28.007,18000.000,27.444
2021-12-17,28.500,28.500,28.335,28.335,100.000,27.733
2021-12-16,28.656,28.656,28.656,28.656,100.000,28.047
2021-12-15,28.330,28.691,28.330,28.691,200.000,28.081
2021-12-14,28.170,28.231,28.170,28.231,300.000,27.631
2021-12-13,28.403,28.403,28.403,28.403,100.000,27.799
2021-12-10,28.280,28.280,28.280,28.280,100.000,27.679
2021-12-09,28.230,28.230,28.196,28.196,200.000,27.597
2021-12-08,28.248,28.369,28.248,28.369,200.000,27.766
2021-12-07,28.080,28.098,28.080,28.098,600.000,27.501
2021-12-06,27.560,27.737,27.560,27.737,400.000,27.147
2021-12-03,27.376,27.376,27.376,27.376,100.000,26.794
2021-12-02,27.469,27.469,27.469,27.469,100.000,26.885
2021-12-01,27.770,27.770,27.293,27.293,200.000,26.713
2021-11-30,27.590,27.590,27.402,27.402,400.000,26.819
2021-11-29,27.920,27.920,27.786,27.786,900.000,27.195
2021-11-26,28.100,28.100,27.830,27.838,900.000,27.246
2021-11-24,28.310,28.396,28.285,28.396,1000.000,27.792
2021-11-23,28.340,28.473,28.340,28.473,400.000,27.868
2021-11-22,28.710,28.710,28.564,28.564,300.000,27.957
2021-11-19,28.712,28.712,28.712,28.712,100.000,28.102
2021-11-18,28.781,28.838,28.781,28.838,300.000,28.225
2021-11-17,28.934,28.934,28.890,28.890,300.000,28.276
2021-11-16,29.000,29.000,28.919,28.919,300.000,28.304
2021-11-15,28.940,28.940,28.940,28.940,100.000,28.325
2021-11-12,28.951,28.951,28.951,28.951,100.000,28.336
2021-11-11,29.030,29.030,28.928,28.928,400.000,28.313
2021-11-10,29.036,29.036,29.036,29.036,100.000,28.419
2021-11-09,29.182,29.182,29.182,29.182,100.000,28.562
2021-11-08,29.188,29.188,29.188,29.188,100.000,28.567
2021-11-05,29.140,29.228,29.140,29.228,700.000,28.607
2021-11-04,29.350,29.413,29.350,29.413,300.000,28.788
2021-11-03,29.278,29.278,29.278,29.278,100.000,28.656
2021-11-02,28.886,28.886,28.886,28.886,100.000,28.272
2021-11-01,28.730,28.738,28.730,28.738,400.000,28.127
2021-10-29,28.715,28.715,28.715,28.715,300.000,28.105
2021-10-28,28.629,28.629,28.629,28.629,100.000,28.020
2021-10-27,28.288,28.288,28.288,28.288,0.000,27.687
2021-10-26,28.434,28.434,28.434,28.434,100.000,27.830
2021-10-25,28.316,28.316,28.316,28.316,100.000,27.714
2021-10-22,28.344,28.344,28.344,28.344,100.000,27.741
2021-10-21,28.256,28.256,28.256,28.256,100.000,27.655
2021-10-20,28.072,28.072,28.072,28.072,100.000,27.475
2021-10-19,27.858,27.858,27.858,27.858,100.000,27.266
2021-10-18,27.610,27.610,27.610,27.610,100.000,27.023
2021-10-15,27.782,27.782,27.782,27.782,0.000,27.191
2021-10-14,27.608,27.608,27.608,27.608,100.000,27.021
2021-10-13,27.348,27.348,27.348,27.348,0.000,26.767
2021-10-12,27.180,27.180,27.180,27.180,100.000,26.602
2021-10-11,27.263,27.263,27.263,27.263,100.000,26.683
2021-10-08,27.443,27.443,27.443,27.443,0.000,26.860
2021-10-07,27.547,27.547,27.547,27.547,100.000,26.961
2021-10-06,27.257,27.257,27.257,27.257,100.000,26.678
2021-10-05,27.468,27.480,27.366,27.366,400.000,26.784
2021-10-04,27.272,27.272,27.272,27.272,100.000,26.692
2021-10-01,27.370,27.511,27.370,27.511,400.000,26.926
2021-09-30,27.290,27.290,27.290,27.290,100.000,26.710
2021-09-29,27.418,27.418,27.418,27.418,100.000,26.835
2021-09-28,27.246,27.246,27.246,27.246,100.000,26.667
2021-09-27,27.765,27.765,27.765,27.765,100.000,27.175
2021-09-24,28.076,28.076,28.076,28.076,100.000,27.479
2021-09-23,28.234,28.234,28.234,28.234,200.000,27.634
2021-09-22,27.978,27.978,27.978,27.978,100.000,27.383
2021-09-21,27.900,28.000,27.900,27.915,300.000,27.322
2021-09-20,27.759,27.759,27.759,27.759,200.000,27.169
2021-09-17,27.990,28.008,27.990,28.008,200.000,27.362
2021-09-16,28.132,28.168,28.132,28.168,200.000,27.518
2021-09-15,28.220,28.220,28.220,28.220,100.000,27.569
2021-09-14,28.129,28.129,28.129,28.129,100.000,27.480
2021-09-13,28.271,28.271,28.200,28.248,300.000,27.596
2021-09-10,28.500,28.500,28.293,28.293,200.000,27.640
2021-09-09,28.535,28.535,28.535,28.535,100.000,27.877
2021-09-08,28.732,28.732,28.732,28.732,100.000,28.069
2021-09-07,28.920,28.920,28.919,28.919,200.000,28.252
2021-09-03,29.140,29.140,29.040,29.099,600.000,28.428
2021-09-02,28.980,29.112,28.980,29.112,200.000,28.440
2021-09-01,28.950,28.950,28.937,28.937,300.000,28.269
2021-08-31,28.889,28.889,28.889,28.889,100.000,28.222
2021-08-30,28.988,28.988,28.988,28.988,100.000,28.319
2021-08-27,28.876,28.876,28.876,28.876,100.000,28.210
2021-08-26,28.760,28.770,28.725,28.725,700.000,28.062
2021-08-25,29.040,29.040,28.860,28.892,1100.000,28.225
2021-08-24,28.970,28.970,28.924,28.924,100.000,28.257
2021-08-23,28.980,29.020,28.935,28.935,12800.000,28.267
2021-08-20,29.710,29.710,28.750,28.870,4500.000,28.204
2021-08-19,28.660,28.660,28.619,28.619,400.000,27.959
2021-08-18,28.653,28.653,28.653,28.653,100.000,27.992
2021-08-17,28.948,28.948,28.948,28.948,100.000,28.280
2021-08-16,28.770,28.958,28.770,28.958,300.000,28.290
2021-08-13,28.742,28.760,28.742,28.749,700.000,28.086
2021-08-12,28.623,28.623,28.623,28.623,100.000,27.963
2021-08-11,28.520,28.520,28.520,28.520,100.000,27.862
2021-08-10,28.575,28.575,28.575,28.575,100.000,27.916
2021-08-09,28.690,28.690,28.679,28.679,200.000,28.017
2021-08-06,28.840,28.840,28.662,28.662,200.000,28.001
2021-08-05,28.910,28.910,28.724,28.800,400.000,28.135
2021-08-04,28.830,28.830,28.732,28.732,900.000,28.069
2021-08-03,28.698,28.782,28.698,28.782,200.000,28.118
2021-08-02,28.560,28.560,28.498,28.498,300.000,27.840
2021-07-30,28.423,28.423,28.423,28.423,700.000,27.767
2021-07-29,28.448,28.448,28.448,28.448,700.000,27.792
2021-07-28,28.405,28.405,28.405,28.405,700.000,27.750
2021-07-27,28.232,28.232,28.232,28.232,700.000,27.581
2021-07-26,28.216,28.216,28.216,28.216,700.000,27.565
2021-07-23,28.170,28.314,28.170,28.314,700.000,27.661
2021-07-22,27.974,27.974,27.974,27.974,100.000,27.329
2021-07-21,27.971,27.971,27.971,27.971,100.000,27.326
2021-07-20,27.805,27.805,27.805,27.805,0.000,27.163
2021-07-19,27.399,27.399,27.399,27.399,100.000,26.767
2021-07-16,27.712,27.712,27.712,27.712,100.000,27.073
2021-07-15,27.765,27.765,27.765,27.765,300.000,27.124
2021-07-14,27.981,27.981,27.981,27.981,100.000,27.335
2021-07-13,27.973,27.973,27.973,27.973,100.000,27.328
2021-07-12,28.072,28.072,28.072,28.072,100.000,27.424
2021-07-09,28.026,28.026,28.026,28.026,100.000,27.379
2021-07-08,27.869,27.869,27.869,27.869,100.000,27.226
2021-07-07,28.043,28.043,28.043,28.043,100.000,27.396
2021-07-06,27.890,27.890,27.890,27.890,100.000,27.246
2021-07-02,27.968,27.968,27.968,27.968,100.000,27.323
2021-07-01,27.610,27.740,27.610,27.726,500.000,27.086
2021-06-30,27.547,27.547,27.547,27.547,100.000,26.911
2021-06-29,27.594,27.594,27.594,27.594,100.000,26.957
2021-06-28,27.550,27.550,27.550,27.550,100.000,26.914
2021-06-25,27.647,27.647,27.647,27.647,100.000,27.009
2021-06-24,27.246,27.246,27.246,27.246,100.000,26.617
2021-06-23,27.070,27.070,27.027,27.027,200.000,26.403
2021-06-22,27.143,27.143,27.143,27.143,100.000,26.517
2021-06-21,27.090,27.109,27.090,27.109,100.000,26.484
2021-06-18,26.896,26.896,26.896,26.896,100.000,26.163
2021-06-17,27.212,27.212,27.212,27.212,0.000,26.471
2021-06-16,27.180,27.220,27.169,27.169,700.000,26.429
2021-06-15,27.327,27.327,27.327,27.327,100.000,26.583
2021-06-14,27.364,27.364,27.364,27.364,100.000,26.619
2021-06-11,27.294,27.294,27.294,27.294,100.000,26.551
2021-06-10,27.371,27.371,27.371,27.371,100.000,26.625
2021-06-09,27.110,27.129,27.110,27.129,100.000,26.390
2021-06-08,27.290,27.290,26.985,26.985,100.000,26.250
2021-06-07,27.045,27.045,27.045,27.045,1000.000,26.308
2021-06-04,26.911,26.911,26.911,26.911,0.000,26.178
2021-06-03,26.765,26.765,26.765,26.765,0.000,26.036
2021-06-02,26.731,26.731,26.731,26.731,1000.000,26.003
2021-06-01,26.773,26.773,26.773,26.773,1000.000,26.044
2021-05-28,27.080,27.080,26.980,26.983,5700.000,26.248
2021-05-27,26.935,26.935,26.935,26.935,100.000,26.201
2021-05-26,26.995,27.037,26.995,27.037,200.000,26.301
2021-05-25,27.018,27.018,27.018,27.018,0.000,26.282
2021-05-24,27.051,27.051,27.030,27.030,100.000,26.294
2021-05-21,26.876,26.876,26.876,26.876,100.000,26.144
2021-05-20,26.905,26.905,26.905,26.905,0.000,26.172
2021-05-19,26.380,26.595,26.380,26.595,2600.000,25.871
2021-05-18,26.727,26.727,26.727,26.727,100.000,25.999
2021-05-17,26.737,26.737,26.737,26.737,100.000,26.009
2021-05-14,26.738,26.738,26.738,26.738,100.000,26.010
2021-05-13,26.420,26.499,26.420,26.499,200.000,25.777
2021-05-12,26.179,26.179,26.179,26.179,600.000,25.466
2021-05-11,26.509,26.509,26.509,26.509,100.000,25.787
2021-05-10,26.930,26.930,26.759,26.759,400.000,26.030
2021-05-07,26.830,26.830,26.830,26.830,100.000,26.099
2021-05-06,26.410,26.555,26.410,26.555,100.000,25.832
2021-05-05,26.360,26.360,26.360,26.360,100.000,25.642
2021-05-04,26.246,26.246,26.246,26.246,2000.000,25.531
2021-05-03,26.456,26.456,26.456,26.456,2000.000,25.735
2021-04-30,26.330,26.330,26.250,26.268,1100.000,25.553
2021-04-29,26.465,26.465,26.465,26.465,800.000,25.744
2021-04-28,26.458,26.458,26.458,26.458,800.000,25.737
2021-04-27,26.500,26.500,26.410,26.420,500.000,25.700
2021-04-26,27.160,27.160,26.520,26.567,7300.000,25.843
2021-04-23,26.615,26.615,26.615,26.615,0.000,25.890
2021-04-22,26.440,26.480,26.440,26.480,2100.000,25.759
2021-04-21,26.330,26.592,26.330,26.592,2100.000,25.868
2021-04-20,26.281,26.281,26.281,26.281,3000.000,25.565
2021-04-19,26.341,26.341,26.341,26.341,3000.000,25.624
2021-04-16,26.325,26.325,26.325,26.325,3000.000,25.608
2021-04-15,26.140,26.162,26.140,26.162,3000.000,25.449
2021-04-14,25.820,25.820,25.800,25.800,3900.000,25.097
2021-04-13,25.852,25.852,25.852,25.852,100.000,25.148
2021-04-12,25.840,25.840,25.772,25.772,100.000,25.070
2021-04-09,25.650,25.824,25.650,25.824,400.000,25.121
2021-04-08,26.730,26.730,25.570,25.600,7200.000,24.903
2021-04-07,25.450,25.459,25.450,25.459,100.000,24.766
2021-04-06,25.570,25.570,25.461,25.461,1000.000,24.767
2021-04-05,25.547,25.547,25.547,25.547,100.000,24.851
2021-04-01,25.300,25.310,25.258,25.258,600.000,24.570
2021-03-31,25.207,25.207,25.207,25.207,800.000,24.520
2021-03-30,25.154,25.154,25.154,25.154,800.000,24.469
2021-03-29,25.210,25.330,25.210,25.275,700.000,24.587
2021-03-26,24.990,25.185,24.990,25.185,1600.000,24.499
2021-03-25,24.730,24.921,24.730,24.921,200.000,24.242
2021-03-24,24.910,24.950,24.807,24.807,500.000,24.131
2021-03-23,25.200,25.200,24.978,24.978,100.000,24.298
2021-03-22,25.218,25.254,25.218,25.254,300.000,24.566
2021-03-19,25.223,25.223,25.223,25.223,1600.000,24.452
2021-03-18,25.350,25.363,25.213,25.213,4700.000,24.442
2021-03-17,25.300,25.417,25.290,25.417,5800.000,24.640
2021-03-16,25.500,25.500,25.490,25.490,100.000,24.711
2021-03-15,25.225,25.349,25.200,25.349,700.000,24.574
2021-03-12,25.160,25.265,25.160,25.265,700.000,24.493
2021-03-11,25.291,25.291,25.291,25.291,100.000,24.518
2021-03-10,25.150,25.210,25.139,25.139,400.000,24.371
2021-03-09,25.180,25.180,25.001,25.001,6800.000,24.237
2021-03-08,24.930,24.940,24.750,24.752,1100.000,23.995
2021-03-05,24.850,24.900,24.850,24.886,2100.000,24.125
2021-03-04,24.770,24.770,24.451,24.451,1900.000,23.704
2021-03-03,25.090,25.090,24.816,24.816,3400.000,24.057
2021-03-02,25.120,25.200,25.120,25.120,800.000,24.352
2021-03-01,25.109,25.125,25.109,25.125,300.000,24.357
2021-02-26,24.870,24.960,24.788,24.801,2800.000,24.043
2021-02-25,25.000,25.070,24.860,24.946,5700.000,24.184
2021-02-24,25.130,25.202,25.130,25.202,600.000,24.432
2021-02-23,25.050,25.090,24.890,25.034,1300.000,24.269
2021-02-22,25.090,25.090,25.076,25.076,800.000,24.310
2021-02-19,26.260,26.260,25.190,25.190,1600.000,24.420
2021-02-18,25.330,25.378,25.330,25.378,600.000,24.602
2021-02-17,25.470,25.488,25.390,25.488,3000.000,24.709
2021-02-16,25.512,25.512,25.512,25.512,600.000,24.732
2021-02-12,25.520,25.645,25.520,25.645,1400.000,24.861
2021-02-11,25.510,25.523,25.480,25.523,1400.000,24.743
2021-02-10,25.440,25.450,25.404,25.404,3700.000,24.628
2021-02-09,25.420,25.420,25.390,25.395,600.000,24.619
2021-02-08,25.355,25.365,25.355,25.365,400.000,24.590
2021-02-05,25.440,25.440,25.320,25.353,1600.000,24.578
2021-02-04,25.180,25.186,25.170,25.186,400.000,24.416
2021-02-03,25.100,25.100,25.100,25.100,100.000,24.333
2021-02-02,25.240,25.240,25.072,25.072,2800.000,24.306
2021-02-01,24.980,25.030,24.980,24.983,2100.000,24.219
2021-01-29,24.830,24.830,24.830,24.830,200.000,24.071
2021-01-28,25.264,25.264,25.264,25.264,100.000,24.492
2021-01-27,25.510,25.510,25.036,25.036,1400.000,24.271
2021-01-26,25.617,25.617,25.617,25.617,100.000,24.834
2021-01-25,25.550,25.617,25.550,25.617,300.000,24.834
2021-01-22,25.468,25.468,25.468,25.468,100.000,24.690
2021-01-21,25.470,25.470,25.460,25.460,300.000,24.682
2021-01-20,25.410,25.442,25.410,25.442,300.000,24.664
2021-01-19,25.307,25.307,25.307,25.307,100.000,24.533
2021-01-15,25.000,25.010,25.000,25.010,100.000,24.246
