Date,Open,High,Low,Close,Volume,Adj Close,,2023-04-28
2023-04-28,23.190,23.552,23.000,23.440,20200.000,23.440
2023-04-27,23.320,23.400,23.080,23.250,13000.000,23.250
2023-04-26,23.510,23.510,23.120,23.240,28000.000,23.240
2023-04-25,23.770,23.800,23.421,23.520,10600.000,23.520
2023-04-24,24.070,24.070,23.710,23.930,36000.000,23.930
2023-04-21,23.760,24.090,23.734,24.070,9900.000,24.070
2023-04-20,23.930,23.967,23.660,23.710,10100.000,23.710
2023-04-19,23.920,24.270,23.850,24.160,14300.000,24.160
2023-04-18,24.620,24.620,24.040,24.160,25400.000,24.160
2023-04-17,24.360,24.710,24.345,24.490,77100.000,24.490
2023-04-14,24.700,24.740,24.290,24.320,61100.000,24.320
2023-04-13,23.660,24.680,23.615,24.620,22800.000,24.620
2023-04-12,23.890,23.930,23.385,23.390,50500.000,23.390
2023-04-11,23.510,23.673,23.481,23.590,12200.000,23.590
2023-04-10,23.670,23.670,23.300,23.420,22100.000,23.420
2023-04-06,23.300,23.880,23.250,23.840,19300.000,23.840
2023-04-05,23.170,23.250,23.020,23.220,13500.000,23.220
2023-04-04,23.450,23.450,22.950,23.076,9700.000,23.076
2023-04-03,23.220,23.410,23.140,23.320,18300.000,23.320
2023-03-31,22.960,23.351,22.960,23.270,19200.000,23.270
2023-03-30,23.350,23.440,22.853,22.920,28000.000,22.920
2023-03-29,22.920,23.184,22.920,23.150,13700.000,23.150
2023-03-28,22.950,22.967,22.710,22.770,17700.000,22.770
2023-03-27,22.980,23.090,22.900,23.000,36400.000,23.000
2023-03-24,22.540,22.880,22.395,22.820,7500.000,22.820
2023-03-23,22.810,22.999,22.380,22.650,12200.000,22.650
2023-03-22,23.290,23.290,22.510,22.530,21200.000,22.530
2023-03-21,23.280,23.330,23.155,23.240,14100.000,23.240
2023-03-20,23.150,23.180,22.940,23.050,12300.000,23.050
2023-03-17,23.330,23.330,22.890,23.050,18300.000,23.050
2023-03-16,23.230,23.460,22.970,23.340,52600.000,23.340
2023-03-15,23.050,23.450,23.050,23.360,35200.000,23.360
2023-03-14,23.480,23.550,23.230,23.510,25900.000,23.510
2023-03-13,22.230,23.260,22.230,23.130,24100.000,23.130
2023-03-10,23.050,23.050,22.090,22.480,29900.000,22.480
2023-03-09,23.530,23.620,22.880,23.000,22426.000,23.000
2023-03-08,23.620,23.620,23.290,23.420,20600.000,23.420
2023-03-07,23.840,23.940,23.590,23.590,28722.000,23.590
2023-03-06,24.450,24.450,23.736,23.830,29970.000,23.830
2023-03-03,24.090,24.498,24.050,24.420,34000.000,24.420
2023-03-02,23.600,24.000,23.600,24.000,23000.000,24.000
2023-03-01,24.110,24.190,23.785,23.890,12500.000,23.890
2023-02-28,23.950,24.210,23.900,24.080,14825.000,24.080
2023-02-27,24.020,24.115,23.882,23.940,36390.000,23.940
2023-02-24,24.290,24.290,23.735,23.850,36300.000,23.850
2023-02-23,25.120,25.120,24.369,24.730,23900.000,24.730
2023-02-22,24.800,25.170,24.800,25.060,9200.000,25.060
2023-02-21,25.470,25.510,24.740,24.750,18200.000,24.750
2023-02-17,25.290,25.680,24.950,25.680,18000.000,25.680
2023-02-16,25.690,25.810,25.430,25.450,14600.000,25.450
2023-02-15,25.770,26.005,25.630,25.998,32700.000,25.998
2023-02-14,25.810,26.220,25.550,25.940,17653.000,25.940
2023-02-13,25.780,26.090,25.530,25.910,84739.000,25.910
2023-02-10,25.830,25.830,25.500,25.770,23600.000,25.770
2023-02-09,26.690,26.750,25.940,25.980,18500.000,25.980
2023-02-08,27.050,27.130,26.430,26.430,10900.000,26.430
2023-02-07,27.000,27.180,26.650,27.180,15100.000,27.180
2023-02-06,27.110,27.290,26.950,26.970,36800.000,26.970
2023-02-03,27.570,27.700,27.170,27.338,12400.000,27.338
2023-02-02,27.500,28.060,27.390,27.900,69500.000,27.900
2023-02-01,26.920,27.390,26.530,27.210,21300.000,27.210
2023-01-31,26.510,27.020,26.510,26.940,97900.000,26.940
2023-01-30,26.950,27.110,26.500,26.510,123900.000,26.510
2023-01-27,26.790,27.380,26.790,27.250,21000.000,27.250
2023-01-26,27.410,27.410,26.651,26.869,17300.000,26.869
2023-01-25,26.900,27.140,26.460,27.140,14200.000,27.140
2023-01-24,26.700,27.159,26.700,27.050,29900.000,27.050
2023-01-23,26.480,26.870,26.248,26.840,56400.000,26.840
2023-01-20,26.110,26.380,26.040,26.310,18600.000,26.310
2023-01-19,26.240,26.290,25.795,26.000,51500.000,26.000
2023-01-18,26.850,27.160,26.260,26.290,21200.000,26.290
2023-01-17,26.470,26.645,26.325,26.540,53300.000,26.540
2023-01-13,26.370,26.840,26.300,26.550,42000.000,26.550
2023-01-12,26.050,26.620,25.570,26.610,63000.000,26.610
2023-01-11,25.940,25.987,25.628,25.980,27300.000,25.980
2023-01-10,25.280,25.880,25.240,25.880,19400.000,25.880
2023-01-09,26.010,26.010,25.373,25.410,23400.000,25.410
2023-01-06,25.600,25.910,25.100,25.660,30800.000,25.660
2023-01-05,25.670,25.750,25.450,25.690,21100.000,25.690
2023-01-04,25.310,26.015,25.310,25.940,96500.000,25.940
2023-01-03,25.550,25.691,24.963,25.070,16200.000,25.070
2022-12-30,24.770,25.250,24.660,25.170,86400.000,25.170
2022-12-29,24.500,25.299,24.470,25.080,54900.000,25.080
2022-12-28,24.470,24.720,24.200,24.220,57000.000,24.220
2022-12-27,25.340,25.440,24.470,24.470,172200.000,24.470
2022-12-23,25.810,25.860,25.265,25.370,32600.000,25.370
2022-12-22,25.770,25.840,25.250,25.790,29900.000,25.790
2022-12-21,25.660,26.100,25.460,25.940,34600.000,25.940
2022-12-20,25.310,25.670,25.240,25.470,30100.000,25.470
2022-12-19,26.440,26.440,25.480,25.500,40200.000,25.500
2022-12-16,26.410,26.450,25.980,26.350,33200.000,26.350
2022-12-15,27.220,27.220,26.570,26.600,33600.000,26.600
2022-12-14,27.580,28.000,27.380,27.660,43100.000,27.660
2022-12-13,27.710,28.040,27.210,27.520,44800.000,27.520
2022-12-12,26.700,26.785,26.400,26.780,28000.000,26.780
2022-12-09,27.140,27.270,26.810,26.810,17900.000,26.810
2022-12-08,27.060,27.350,26.880,27.350,32900.000,27.350
2022-12-07,26.790,27.120,26.730,26.950,27400.000,26.950
2022-12-06,27.490,27.550,26.695,26.920,60800.000,26.920
2022-12-05,28.360,28.360,27.670,27.820,28100.000,27.820
2022-12-02,27.590,28.510,27.590,28.440,104000.000,28.440
2022-12-01,28.090,28.310,27.930,28.020,51400.000,28.020
2022-11-30,27.350,28.220,27.220,28.140,63400.000,28.140
2022-11-29,27.130,27.440,27.010,27.100,34949.000,27.100
2022-11-28,27.220,27.627,27.010,27.140,33822.000,27.140
2022-11-25,27.260,27.340,27.150,27.222,13300.000,27.222
2022-11-23,27.260,27.565,27.190,27.350,29200.000,27.350
2022-11-22,27.440,27.440,26.950,27.240,37000.000,27.240
2022-11-21,27.510,27.606,27.220,27.330,29500.000,27.330
2022-11-18,28.150,28.150,27.590,27.710,32000.000,27.710
2022-11-17,27.720,28.020,27.610,27.900,83300.000,27.900
2022-11-16,28.730,28.730,28.200,28.280,22100.000,28.280
2022-11-15,29.130,29.290,28.510,28.770,33400.000,28.770
2022-11-14,28.880,29.285,28.755,28.770,39700.000,28.770
2022-11-11,28.150,29.210,28.105,29.010,57400.000,29.010
2022-11-10,27.360,28.285,27.360,28.250,50700.000,28.250
2022-11-09,26.710,26.960,26.372,26.430,22900.000,26.430
2022-11-08,26.890,27.490,26.722,26.960,33400.000,26.960
2022-11-07,26.910,27.125,26.510,26.930,69900.000,26.930
2022-11-04,27.210,27.210,26.560,27.040,88500.000,27.040
2022-11-03,26.190,26.964,25.860,26.710,69000.000,26.710
2022-11-02,27.360,28.029,26.880,26.900,97400.000,26.900
2022-11-01,27.560,27.880,27.300,27.360,18900.000,27.360
2022-10-31,27.450,27.637,27.160,27.250,25500.000,27.250
2022-10-28,26.980,27.710,26.900,27.660,18600.000,27.660
2022-10-27,27.300,27.320,26.850,26.900,17300.000,26.900
2022-10-26,26.730,27.841,26.730,27.270,26700.000,27.270
2022-10-25,26.020,26.780,26.020,26.710,44300.000,26.710
2022-10-24,26.000,26.060,25.350,25.960,36300.000,25.960
2022-10-21,25.270,26.070,25.190,26.050,47300.000,26.050
2022-10-20,25.570,26.020,25.180,25.260,69300.000,25.260
2022-10-19,26.610,26.620,25.500,25.660,27900.000,25.660
2022-10-18,27.390,27.620,26.695,26.910,56100.000,26.910
2022-10-17,26.440,27.000,26.440,26.950,41000.000,26.950
2022-10-14,26.950,27.230,26.100,26.100,45100.000,26.100
2022-10-13,25.540,26.860,25.470,26.680,72200.000,26.680
2022-10-12,25.990,26.385,25.770,26.280,78700.000,26.280
2022-10-11,25.860,26.460,25.380,25.810,38315.000,25.810
2022-10-10,26.230,26.230,25.750,25.920,258463.000,25.920
2022-10-07,27.120,27.120,26.250,26.360,29300.000,26.360
2022-10-06,27.430,27.730,27.310,27.560,19900.000,27.560
2022-10-05,27.450,27.765,27.020,27.660,24100.000,27.660
2022-10-04,27.210,27.820,27.210,27.790,20500.000,27.790
2022-10-03,26.650,27.030,26.400,26.770,77200.000,26.770
2022-09-30,26.270,27.180,26.270,26.390,36900.000,26.390
2022-09-29,26.970,26.970,26.071,26.370,35400.000,26.370
2022-09-28,26.500,27.400,26.500,27.220,53000.000,27.220
2022-09-27,26.090,26.650,26.090,26.360,59200.000,26.360
2022-09-26,26.230,26.780,25.720,25.770,75300.000,25.770
2022-09-23,26.310,26.560,25.880,26.310,42500.000,26.310
2022-09-22,27.340,27.340,26.710,26.870,131400.000,26.870
2022-09-21,28.310,28.410,27.420,27.440,20000.000,27.440
2022-09-20,28.200,28.610,28.050,28.266,23900.000,28.266
2022-09-19,28.810,28.810,28.000,28.570,66500.000,28.570
2022-09-16,29.730,29.730,28.879,29.120,43100.000,29.120
2022-09-15,29.680,30.350,29.510,30.080,35200.000,30.080
2022-09-14,29.400,29.790,29.195,29.690,26000.000,29.690
2022-09-13,30.140,30.140,29.200,29.280,43262.000,29.280
2022-09-12,31.040,31.040,30.570,30.960,63993.000,30.960
2022-09-09,30.760,31.035,30.540,30.860,24300.000,30.860
2022-09-08,29.350,30.360,29.340,30.330,29700.000,30.330
2022-09-07,28.450,29.550,28.430,29.510,65900.000,29.510
2022-09-06,29.340,29.340,28.428,28.470,38148.000,28.470
2022-09-02,30.150,30.180,29.110,29.220,33000.000,29.220
2022-09-01,29.330,29.990,28.920,29.986,19300.000,29.986
2022-08-31,29.880,30.110,29.510,29.678,27400.000,29.678
2022-08-30,30.160,30.290,29.380,29.620,28600.000,29.620
2022-08-29,30.020,30.352,29.830,29.920,44600.000,29.920
2022-08-26,31.760,31.760,30.200,30.240,63600.000,30.240
2022-08-25,31.780,31.790,31.360,31.720,199600.000,31.720
2022-08-24,30.950,31.695,30.750,31.540,14700.000,31.540
2022-08-23,30.590,31.050,30.320,30.950,69700.000,30.950
2022-08-22,30.710,31.210,30.428,30.570,31200.000,30.570
2022-08-19,31.300,31.481,30.980,31.060,24800.000,31.060
2022-08-18,32.420,32.420,31.489,31.770,33200.000,31.770
2022-08-17,33.140,33.173,32.190,32.390,20500.000,32.390
2022-08-16,34.510,34.510,33.380,33.640,77400.000,33.640
2022-08-15,34.110,34.620,33.920,34.570,62800.000,34.570
2022-08-12,33.430,34.350,33.430,34.240,40300.000,34.240
2022-08-11,34.100,34.530,33.115,33.190,29700.000,33.190
2022-08-10,33.100,34.200,32.710,34.180,76700.000,34.180
2022-08-09,33.480,33.480,32.240,32.650,129800.000,32.650
2022-08-08,34.110,34.659,33.740,34.050,88100.000,34.050
2022-08-05,33.230,34.010,32.880,34.010,26900.000,34.010
2022-08-04,33.080,33.660,32.720,33.610,47800.000,33.610
2022-08-03,32.270,33.580,32.270,33.070,66200.000,33.070
2022-08-02,31.000,31.990,31.000,31.620,63100.000,31.620
2022-08-01,31.460,31.907,31.060,31.130,79400.000,31.130
2022-07-29,32.110,32.110,31.350,31.660,27400.000,31.660
2022-07-28,32.510,32.510,31.300,32.250,215800.000,32.250
2022-07-27,32.070,32.620,31.635,32.500,145400.000,32.500
2022-07-26,31.810,32.369,31.470,31.860,17900.000,31.860
2022-07-25,31.870,32.040,31.520,31.970,84300.000,31.970
2022-07-22,33.180,33.195,31.876,31.900,20400.000,31.900
2022-07-21,33.040,33.310,32.900,33.110,27100.000,33.110
2022-07-20,32.530,33.590,32.530,33.040,26900.000,33.040
2022-07-19,31.490,32.570,31.290,32.500,44700.000,32.500
2022-07-18,32.240,32.570,31.010,31.150,155600.000,31.150
2022-07-15,31.780,31.800,30.785,31.790,31600.000,31.790
2022-07-14,31.940,32.010,31.073,31.370,34000.000,31.370
2022-07-13,31.360,32.630,31.300,32.410,22100.000,32.410
2022-07-12,31.320,31.980,30.639,31.830,23900.000,31.830
2022-07-11,32.480,32.500,31.400,31.490,79800.000,31.490
2022-07-08,32.250,32.900,32.180,32.700,23000.000,32.700
2022-07-07,31.380,32.700,31.380,32.610,28300.000,32.610
2022-07-06,31.450,31.940,30.970,31.280,54100.000,31.280
2022-07-05,29.290,31.450,29.290,31.450,63400.000,31.450
2022-07-01,28.840,29.660,28.770,29.660,30300.000,29.660
2022-06-30,28.710,29.200,28.170,28.900,116200.000,28.900
2022-06-29,29.060,29.211,28.640,29.090,73814.000,29.090
2022-06-28,29.960,30.109,28.920,28.980,69925.000,28.980
2022-06-27,30.160,30.370,29.640,30.044,44942.000,30.044
2022-06-24,29.950,30.130,29.230,30.110,37400.000,30.110
2022-06-23,27.920,29.430,27.920,29.420,38000.000,29.420
2022-06-22,26.880,28.180,26.760,27.850,28400.000,27.850
2022-06-21,26.670,27.472,26.670,27.055,50200.000,27.055
2022-06-17,25.400,26.482,25.400,26.170,39000.000,26.170
2022-06-16,25.360,25.378,24.845,25.350,29400.000,25.350
2022-06-15,25.310,25.866,25.154,25.730,47200.000,25.730
2022-06-14,25.240,25.240,24.765,25.090,54000.000,25.090
2022-06-13,25.910,25.910,24.983,25.100,60700.000,25.100
2022-06-10,27.130,27.140,26.380,26.487,51700.000,26.487
2022-06-09,28.660,28.660,27.740,27.750,23400.000,27.750
2022-06-08,28.840,29.330,28.810,28.940,19100.000,28.804
2022-06-07,27.790,28.860,27.750,28.840,60215.000,28.705
2022-06-06,28.670,28.790,27.780,27.940,62401.000,27.809
2022-06-03,28.230,28.490,28.050,28.330,21981.000,28.197
2022-06-02,28.180,28.400,27.720,28.400,29631.000,28.267
2022-06-01,28.810,28.865,27.901,28.110,31903.000,27.978
2022-05-31,29.140,29.140,28.410,28.670,32991.000,28.535
2022-05-27,28.760,29.330,28.480,29.320,34598.000,29.182
2022-05-26,28.700,29.130,28.649,28.970,45495.000,28.834
2022-05-25,28.450,28.740,28.270,28.650,21701.000,28.516
2022-05-24,28.980,28.980,28.330,28.460,33308.000,28.326
2022-05-23,29.270,29.470,29.110,29.240,21896.000,29.103
2022-05-20,29.170,29.265,28.255,29.020,103975.000,28.884
2022-05-19,28.350,29.230,28.350,28.880,31445.000,28.744
2022-05-18,28.760,28.910,28.173,28.300,28461.000,28.167
2022-05-17,28.670,29.130,28.531,29.130,39017.000,28.993
2022-05-16,28.510,28.910,28.280,28.290,31932.000,28.157
2022-05-13,27.750,28.826,27.750,28.620,53259.000,28.486
2022-05-12,26.460,27.630,26.460,27.400,66648.000,27.271
2022-05-11,27.730,27.915,26.605,26.660,70758.000,26.535
2022-05-10,27.950,28.747,27.750,28.400,46083.000,28.267
2022-05-09,28.780,28.780,27.490,27.580,96665.000,27.451
2022-05-06,29.600,29.600,28.660,29.030,86095.000,28.894
2022-05-05,30.950,30.950,29.390,29.700,103342.000,29.561
2022-05-04,30.720,31.260,29.760,31.190,30005.000,31.044
2022-05-03,30.590,30.847,30.380,30.610,31178.000,30.466
2022-05-02,29.620,30.540,29.600,30.480,60826.000,30.337
2022-04-29,30.760,31.033,29.660,29.750,33763.000,29.610
2022-04-28,30.380,30.610,29.450,30.360,305025.000,30.217
2022-04-27,30.490,30.755,30.250,30.290,41802.000,30.148
2022-04-26,31.760,31.760,30.360,30.460,138570.000,30.317
2022-04-25,31.320,31.860,31.000,31.840,92589.000,31.691
2022-04-22,31.710,32.010,31.330,31.350,15231.000,31.203
2022-04-21,32.990,33.068,31.790,31.840,32465.000,31.691
2022-04-20,32.800,33.085,32.375,32.740,46173.000,32.586
2022-04-19,32.590,33.115,32.464,32.810,25290.000,32.656
2022-04-18,33.920,33.920,32.615,32.740,28099.000,32.586
2022-04-14,34.520,34.520,33.750,33.750,21008.000,33.592
2022-04-13,33.600,34.520,33.600,34.500,30125.000,34.338
2022-04-12,34.030,34.250,33.308,33.570,32471.000,33.412
2022-04-11,34.310,34.380,33.760,33.760,42554.000,33.602
2022-04-08,34.850,35.146,34.500,34.740,67775.000,34.577
2022-04-07,34.720,35.010,34.460,34.840,54836.000,34.676
2022-04-06,34.350,34.840,34.092,34.650,63376.000,34.487
2022-04-05,35.770,36.086,34.810,34.900,40790.000,34.736
2022-04-04,35.380,35.944,35.352,35.910,35353.000,35.741
2022-04-01,34.550,35.210,34.550,35.170,21027.000,35.005
2022-03-31,34.850,35.005,34.450,34.450,17598.000,34.288
2022-03-30,35.470,35.825,34.816,34.870,37719.000,34.706
2022-03-29,34.930,35.500,34.780,35.370,73311.000,35.204
2022-03-28,33.900,34.391,33.680,34.230,32278.000,34.069
2022-03-25,34.870,34.870,34.083,34.220,60544.000,34.059
2022-03-24,34.260,34.860,34.000,34.846,17376.000,34.682
2022-03-23,34.890,35.086,34.280,34.290,37601.000,34.129
2022-03-22,34.410,35.220,34.410,35.114,31420.000,34.949
2022-03-21,35.210,35.210,34.278,34.420,30519.000,34.258
2022-03-18,34.120,35.380,34.120,35.220,23219.000,35.055
2022-03-17,33.160,34.440,33.160,34.390,42980.000,34.229
2022-03-16,32.260,33.480,32.260,33.480,40181.000,33.323
2022-03-15,31.490,31.870,31.280,31.810,55509.000,31.661
2022-03-14,32.000,32.470,31.220,31.360,71077.000,31.213
2022-03-11,33.030,33.320,31.950,31.990,107482.000,31.840
2022-03-10,32.540,32.930,32.280,32.850,38530.000,32.696
2022-03-09,32.400,33.214,32.280,33.150,118347.000,32.994
2022-03-08,31.590,32.530,31.031,31.720,64950.000,31.571
2022-03-07,32.080,32.370,31.500,31.630,48400.000,31.482
2022-03-04,32.690,33.050,31.990,32.230,45326.000,32.079
2022-03-03,34.320,34.420,32.970,33.170,77665.000,33.014
2022-03-02,34.200,34.500,33.721,34.283,107945.000,34.122
2022-03-01,34.540,35.020,34.010,34.240,46266.000,34.079
2022-02-28,34.120,35.170,34.120,34.780,47968.000,34.617
2022-02-25,34.190,34.720,33.621,34.720,44678.000,34.557
2022-02-24,31.940,33.979,31.750,33.930,109305.000,33.771
2022-02-23,33.700,33.850,32.731,32.790,45527.000,32.636
2022-02-22,33.420,33.960,33.250,33.450,86673.000,33.293
2022-02-18,34.220,34.547,33.630,33.950,47223.000,33.791
2022-02-17,35.250,35.270,34.260,34.340,43494.000,34.179
2022-02-16,35.530,35.856,35.200,35.600,49885.000,35.433
2022-02-15,34.780,36.000,34.780,35.900,85777.000,35.731
2022-02-14,34.690,34.950,34.270,34.410,37829.000,34.248
2022-02-11,35.510,36.279,34.784,35.010,45229.000,34.846
2022-02-10,35.980,36.883,35.240,35.570,74457.000,35.403
2022-02-09,35.680,36.578,35.680,36.550,51066.000,36.378
2022-02-08,35.650,35.730,34.950,35.430,49267.000,35.264
2022-02-07,35.560,36.320,35.530,35.940,44242.000,35.771
2022-02-04,35.020,35.710,34.785,35.460,55676.000,35.294
2022-02-03,35.420,36.000,35.295,35.390,169744.000,35.224
2022-02-02,37.010,37.010,35.750,36.130,113920.000,35.960
2022-02-01,36.570,37.000,36.000,36.940,119804.000,36.767
2022-01-31,34.900,36.340,34.820,36.310,155371.000,36.140
2022-01-28,33.530,34.687,33.090,34.660,160898.000,34.497
2022-01-27,34.680,35.010,33.510,33.520,102271.000,33.363
2022-01-26,35.640,36.190,34.280,34.470,183433.000,34.308
2022-01-25,34.710,35.340,34.290,34.800,142905.000,34.637
2022-01-24,34.250,35.225,33.000,35.160,190575.000,34.995
2022-01-21,35.060,35.670,34.740,34.790,149146.000,34.627
2022-01-20,35.850,36.705,35.300,35.320,77197.000,35.154
2022-01-19,36.300,36.661,35.570,35.660,216974.000,35.493
2022-01-18,37.290,37.620,36.110,36.140,247172.000,35.970
2022-01-14,37.380,38.039,37.020,38.000,78952.000,37.822
2022-01-13,39.060,39.120,37.610,37.760,88233.000,37.583
2022-01-12,40.140,40.340,39.230,39.260,153197.000,39.076
2022-01-11,39.650,40.209,39.468,39.935,62934.000,39.748
2022-01-10,38.960,39.716,38.560,39.710,153028.000,39.524
2022-01-07,39.690,40.560,39.550,39.670,45586.000,39.484
2022-01-06,40.090,40.230,38.950,39.740,133035.000,39.553
2022-01-05,41.980,42.140,39.990,40.020,145049.000,39.832
2022-01-04,42.560,43.390,41.660,42.100,171663.000,41.902
2022-01-03,43.510,43.930,42.930,43.880,88660.000,43.674
2021-12-31,44.130,44.805,43.780,43.810,71644.000,43.604
2021-12-30,44.000,44.960,44.000,44.410,160982.000,44.202
2021-12-29,43.780,44.070,43.501,43.970,113591.000,43.764
2021-12-28,44.570,45.220,43.920,43.990,129578.000,43.783
2021-12-27,45.530,45.530,44.400,44.570,134924.000,44.361
2021-12-23,45.500,45.705,44.848,45.540,77508.000,45.326
2021-12-22,45.380,45.630,44.830,45.416,64489.000,45.203
2021-12-21,45.570,45.672,44.900,45.560,107615.000,45.346
2021-12-20,46.210,46.310,45.353,45.690,140272.000,45.475
2021-12-17,44.480,46.170,44.000,46.090,103597.000,45.874
2021-12-16,45.800,46.130,44.520,44.770,111064.000,44.560
2021-12-15,44.120,45.590,43.834,45.540,118619.000,45.326
2021-12-14,43.960,44.420,43.400,44.100,206995.000,43.893
2021-12-13,44.110,44.780,43.789,44.420,74488.000,44.211
2021-12-10,44.850,45.090,44.330,44.400,96763.000,43.936
2021-12-09,46.450,46.450,45.050,45.070,62128.000,44.599
2021-12-08,45.860,46.410,45.040,46.230,66342.000,45.747
2021-12-07,43.720,45.830,43.720,45.630,137812.000,45.154
2021-12-06,43.920,44.100,42.450,43.230,108405.000,42.779
2021-12-03,46.580,46.580,44.100,44.420,113156.000,43.956
2021-12-02,45.910,46.388,45.410,46.040,68808.000,45.559
2021-12-01,47.610,47.615,45.670,45.780,126902.000,45.302
2021-11-30,47.090,47.810,46.470,47.440,86212.000,46.945
2021-11-29,47.940,48.240,47.266,47.410,55305.000,46.915
2021-11-26,47.250,48.213,47.030,47.430,53522.000,46.935
2021-11-24,46.110,46.640,45.610,46.543,52769.000,46.057
2021-11-23,46.830,46.870,45.570,46.422,59335.000,45.937
2021-11-22,47.840,47.840,46.965,47.040,86806.000,46.549
2021-11-19,47.750,48.080,47.540,47.700,36207.000,47.202
2021-11-18,48.240,48.350,47.530,47.660,47357.000,47.162
2021-11-17,48.220,48.250,47.690,47.895,41032.000,47.395
2021-11-16,47.790,48.180,47.430,48.120,80362.000,47.618
2021-11-15,48.310,48.310,47.750,47.750,76255.000,47.251
2021-11-12,48.250,48.250,47.597,48.070,38851.000,47.568
2021-11-11,48.010,48.160,47.750,47.890,46280.000,47.390
2021-11-10,48.700,49.250,47.840,47.960,47583.000,47.459
2021-11-09,49.580,49.580,48.610,48.690,57048.000,48.182
2021-11-08,49.500,49.900,49.410,49.510,54705.000,48.993
2021-11-05,49.490,49.660,48.460,49.080,109744.000,48.568
2021-11-04,50.937,50.937,50.130,50.430,74829.000,49.903
2021-11-03,50.920,51.350,50.460,51.350,47530.000,50.814
2021-11-02,50.600,50.860,49.990,50.850,44590.000,50.319
2021-11-01,49.920,50.505,49.480,50.500,63910.000,49.973
2021-10-29,50.090,50.090,49.561,49.690,107141.000,49.171
2021-10-28,49.140,50.270,48.880,50.190,45618.000,49.666
2021-10-27,49.920,49.920,49.050,49.050,60687.000,48.538
2021-10-26,50.150,50.347,49.751,49.850,46878.000,49.329
2021-10-25,49.460,50.077,49.200,49.990,64472.000,49.468
2021-10-22,49.660,49.920,48.830,49.420,88324.000,48.904
2021-10-21,49.410,49.960,49.410,49.730,47291.000,49.211
2021-10-20,49.580,49.730,49.200,49.300,48112.000,48.785
2021-10-19,48.670,49.445,48.670,49.250,40506.000,48.736
2021-10-18,48.390,48.550,48.270,48.461,50074.000,47.955
2021-10-15,49.340,49.340,48.590,48.620,49136.000,48.112
2021-10-14,48.560,49.300,48.550,49.056,77953.000,48.544
2021-10-13,47.790,48.270,47.790,48.070,39300.000,47.568
2021-10-12,47.630,48.170,47.630,47.880,40328.000,47.380
2021-10-11,47.290,47.800,46.930,47.290,69571.000,46.796
2021-10-08,48.070,48.070,46.950,47.230,72823.000,46.737
2021-10-07,47.690,48.570,47.330,48.070,51897.000,47.568
2021-10-06,47.860,47.985,47.315,47.490,39601.000,46.994
2021-10-05,48.360,48.970,48.250,48.350,71399.000,47.845
2021-10-04,49.160,49.160,47.920,48.050,85210.000,47.548
2021-10-01,50.120,50.139,48.480,49.680,86778.000,49.161
2021-09-30,50.960,51.229,50.651,50.710,45461.000,50.181
2021-09-29,51.450,51.485,50.315,50.370,37643.000,49.844
2021-09-28,52.250,52.250,50.870,51.020,62138.000,50.487
2021-09-27,53.300,53.450,52.510,52.890,57466.000,52.338
2021-09-24,54.810,54.810,53.470,53.500,60480.000,52.941
2021-09-23,54.690,55.305,54.581,55.210,49099.000,54.634
2021-09-22,54.770,54.870,54.260,54.500,51567.000,53.931
2021-09-21,54.060,54.940,54.060,54.530,42643.000,53.961
2021-09-20,54.240,54.265,53.040,53.540,76122.000,52.981
2021-09-17,54.430,55.200,53.714,55.200,43709.000,54.623
2021-09-16,54.160,54.460,53.480,54.350,75845.000,53.782
2021-09-15,53.970,54.278,53.520,54.130,63734.000,53.565
2021-09-14,53.760,54.580,53.387,53.500,38353.000,52.941
2021-09-13,55.050,55.050,53.355,53.720,67079.000,53.159
2021-09-10,55.130,55.180,54.735,54.790,33928.000,54.218
2021-09-09,54.190,55.430,54.190,54.470,81939.000,53.901
2021-09-08,54.830,54.840,53.730,54.090,36880.000,53.525
2021-09-07,55.190,55.550,54.708,54.910,48308.000,54.337
2021-09-03,55.310,55.380,54.760,55.140,46842.000,54.564
2021-09-02,55.100,55.470,54.750,55.470,84891.000,54.891
2021-09-01,54.180,54.860,54.060,54.690,67319.000,54.119
2021-08-31,53.690,54.130,53.440,53.870,41368.000,53.308
2021-08-30,54.010,54.010,53.298,53.430,41484.000,52.872
2021-08-27,53.460,54.300,53.090,53.680,35984.000,53.119
2021-08-26,53.680,54.180,53.160,53.290,38226.000,52.734
2021-08-25,53.520,53.980,53.300,53.770,45953.000,53.209
2021-08-24,53.640,53.640,52.820,53.560,54186.000,53.001
2021-08-23,52.360,53.616,52.320,53.559,70807.000,53.000
2021-08-20,50.680,51.710,50.363,51.450,43328.000,50.913
2021-08-19,51.560,51.840,50.810,50.810,65265.000,50.279
2021-08-18,52.550,52.748,51.860,52.070,39164.000,51.526
2021-08-17,50.990,52.340,50.710,52.340,41862.000,51.793
2021-08-16,52.450,52.450,50.675,51.570,49453.000,51.032
2021-08-13,53.470,53.500,52.600,52.710,46219.000,52.160
2021-08-12,52.640,53.295,52.420,53.120,47346.000,52.565
2021-08-11,53.570,53.570,51.710,52.270,70477.000,51.724
2021-08-10,55.050,55.250,53.310,53.440,56843.000,52.882
2021-08-09,54.090,55.130,53.910,54.940,60774.000,54.366
2021-08-06,54.450,54.450,53.004,53.730,54949.000,53.169
2021-08-05,52.790,54.370,52.320,54.370,68025.000,53.802
2021-08-04,51.130,52.700,51.130,52.500,43730.000,51.952
2021-08-03,50.560,51.110,49.980,51.080,32034.000,50.547
2021-08-02,50.470,50.670,50.070,50.260,120831.000,49.735
2021-07-30,49.860,50.430,49.860,50.110,42598.000,49.587
2021-07-29,50.420,50.520,49.800,50.030,107527.000,49.508
2021-07-28,48.560,50.252,48.495,50.010,184122.000,49.488
2021-07-27,48.920,48.920,47.380,48.410,93591.000,47.905
2021-07-26,49.700,50.000,48.550,48.852,81953.000,48.342
2021-07-23,50.060,50.090,49.293,49.804,50123.000,49.284
2021-07-22,50.050,50.420,49.700,49.970,46110.000,49.448
2021-07-21,49.310,50.150,48.830,50.000,44743.000,49.478
2021-07-20,48.880,49.510,48.550,49.440,91250.000,48.924
2021-07-19,47.500,48.976,47.500,48.750,95482.000,48.241
2021-07-16,48.350,48.577,47.900,48.160,54572.000,47.657
2021-07-15,48.180,48.380,47.552,48.200,61343.000,47.697
2021-07-14,49.000,49.080,48.030,48.150,53065.000,47.647
2021-07-13,49.650,49.700,48.770,48.790,223266.000,48.281
2021-07-12,50.690,50.900,49.835,49.860,54681.000,49.339
2021-07-09,50.370,50.700,49.590,50.560,33177.000,50.032
2021-07-08,48.870,50.110,48.414,49.920,58927.000,49.399
2021-07-07,50.810,50.810,49.480,49.660,29700.000,49.141
2021-07-06,51.670,51.670,50.431,50.540,69033.000,50.012
2021-07-02,52.580,52.580,51.610,52.010,104598.000,51.467
2021-07-01,52.100,52.630,51.410,52.550,311347.000,52.001
2021-06-30,51.450,53.000,51.210,52.030,41275.000,51.487
2021-06-29,51.390,51.820,50.920,51.650,129560.000,51.111
2021-06-28,52.000,52.400,51.250,51.410,159528.000,50.873
2021-06-25,50.160,50.490,49.900,50.430,25296.000,49.903
2021-06-24,49.480,50.148,49.480,50.090,56739.000,49.567
2021-06-23,48.880,49.430,48.821,49.040,22650.000,48.528
2021-06-22,48.850,49.080,48.400,49.080,27836.000,48.568
2021-06-21,47.920,48.760,47.760,48.700,21788.000,48.191
2021-06-18,47.860,48.050,47.490,47.880,32849.000,47.380
2021-06-17,47.740,48.610,47.670,48.360,33038.000,47.855
2021-06-16,48.390,48.740,46.880,47.740,65285.000,47.242
2021-06-15,49.650,49.650,48.271,48.560,27556.000,48.053
2021-06-14,50.000,50.280,49.371,49.580,43569.000,49.062
2021-06-11,49.700,49.855,49.420,49.790,40008.000,49.270
2021-06-10,49.040,49.690,48.660,49.620,50581.000,49.102
2021-06-09,48.180,49.350,48.180,49.040,61317.000,48.476
2021-06-08,48.420,48.600,47.140,47.910,36536.000,47.359
2021-06-07,47.050,48.531,46.970,48.066,66373.000,47.514
2021-06-04,46.520,47.099,46.410,46.880,26015.000,46.341
2021-06-03,46.180,46.550,45.750,46.150,32736.000,45.620
2021-06-02,46.650,46.920,46.260,46.680,45137.000,46.143
2021-06-01,47.300,47.300,46.340,46.540,54883.000,46.005
2021-05-28,46.500,47.550,46.500,46.830,46710.000,46.292
2021-05-27,46.540,46.540,45.990,46.390,23632.000,45.857
2021-05-26,46.050,46.500,45.900,46.490,24514.000,45.956
2021-05-25,46.090,46.230,45.750,45.850,27569.000,45.323
2021-05-24,46.290,46.538,45.850,45.900,28029.000,45.372
2021-05-21,46.760,46.770,45.930,45.970,35405.000,45.442
2021-05-20,45.460,46.660,45.460,46.420,36723.000,45.886
2021-05-19,44.910,45.390,44.670,45.190,33787.000,44.671
2021-05-18,45.540,46.670,45.500,45.800,33884.000,45.274
2021-05-17,45.000,45.570,44.950,45.570,35651.000,45.046
2021-05-14,43.870,45.250,43.780,45.115,32083.000,44.597
2021-05-13,44.170,44.520,42.840,43.630,74234.000,43.129
2021-05-12,44.370,44.730,43.760,43.790,59019.000,43.287
2021-05-11,42.960,45.230,42.500,44.730,91182.000,44.216
2021-05-10,45.550,45.750,44.290,44.320,75169.000,43.811
2021-05-07,44.910,46.180,44.850,45.540,76550.000,45.017
2021-05-06,44.030,44.490,43.470,44.380,98626.000,43.870
2021-05-05,45.550,46.015,44.550,44.780,50406.000,44.265
2021-05-04,47.350,47.350,45.260,45.500,98620.000,44.977
2021-05-03,48.130,48.310,47.490,47.610,110409.000,47.063
2021-04-30,47.910,48.740,47.720,47.950,41451.000,47.399
2021-04-29,48.840,49.000,47.610,47.970,49716.000,47.419
2021-04-28,48.120,48.870,47.780,48.610,85809.000,48.051
2021-04-27,48.570,48.770,48.043,48.395,47074.000,47.839
2021-04-26,47.090,48.660,47.050,48.513,54302.000,47.956
2021-04-23,47.030,47.350,46.610,47.090,46461.000,46.549
2021-04-22,46.680,47.850,46.430,46.900,56218.000,46.361
2021-04-21,45.330,46.710,45.040,46.670,55729.000,46.134
2021-04-20,45.110,45.820,44.572,45.430,39787.000,44.908
2021-04-19,45.590,46.240,44.970,45.320,52396.000,44.799
2021-04-16,46.330,46.430,45.680,46.010,52745.000,45.481
2021-04-15,46.220,46.760,46.070,46.370,81558.000,45.837
2021-04-14,45.140,46.520,45.140,45.900,78699.000,45.372
2021-04-13,43.900,45.020,43.900,44.930,48289.000,44.414
2021-04-12,44.370,44.430,43.450,43.820,46553.000,43.316
2021-04-09,44.830,44.830,44.269,44.550,29704.000,44.038
2021-04-08,44.460,45.180,44.460,44.770,73062.000,44.255
2021-04-07,45.530,45.573,44.330,44.420,46818.000,43.909
2021-04-06,46.430,46.750,45.830,45.910,122001.000,45.382
2021-04-05,46.260,46.660,46.063,46.410,75433.000,45.877
2021-04-01,46.170,47.070,45.921,46.120,73216.000,45.590
2021-03-31,44.000,46.000,44.000,45.710,66385.000,45.185
2021-03-30,43.120,44.130,42.700,43.790,67311.000,43.287
2021-03-29,44.090,44.150,43.205,43.430,77402.000,42.931
2021-03-26,44.630,44.729,43.250,44.250,60380.000,43.741
2021-03-25,43.650,44.600,42.824,44.470,87073.000,43.959
2021-03-24,46.010,46.240,43.860,43.960,77195.000,43.455
2021-03-23,48.170,48.170,46.045,46.180,65133.000,45.649
2021-03-22,47.500,48.500,47.500,48.060,47407.000,47.508
2021-03-19,46.230,47.220,46.140,47.190,137256.000,46.648
2021-03-18,47.800,47.800,46.007,46.080,73146.000,45.550
2021-03-17,46.970,48.440,46.420,47.950,53125.000,47.399
2021-03-16,48.040,48.460,46.845,47.630,72188.000,47.083
2021-03-15,47.680,47.980,47.200,47.900,51819.000,47.349
2021-03-12,47.170,47.340,46.160,47.290,91498.000,46.746
2021-03-11,46.760,47.752,46.250,47.630,127796.000,47.083
2021-03-10,45.820,46.640,45.410,45.610,82786.000,45.086
2021-03-09,43.820,45.615,43.600,45.200,55596.000,44.680
2021-03-08,43.690,44.290,42.340,42.640,185041.000,42.150
2021-03-05,43.590,43.740,40.840,43.690,185480.000,43.188
2021-03-04,44.310,44.840,42.460,43.250,170876.000,42.753
2021-03-03,46.240,46.520,44.355,44.500,142657.000,43.989
2021-03-02,48.000,48.000,46.947,46.970,73868.000,46.430
2021-03-01,47.910,48.699,47.860,48.530,62046.000,47.972
2021-02-26,47.270,47.845,45.985,47.010,79752.000,46.470
2021-02-25,48.400,49.100,46.540,46.980,142281.000,46.440
2021-02-24,47.910,48.730,47.470,48.350,71308.000,47.794
2021-02-23,48.360,48.580,45.770,48.160,153985.000,47.606
2021-02-22,51.240,51.240,49.390,49.540,109776.000,48.971
2021-02-19,51.140,52.320,50.970,51.630,51460.000,51.037
2021-02-18,51.100,51.123,50.001,50.570,130700.000,49.989
2021-02-17,51.680,52.040,50.500,52.020,166857.000,51.422
2021-02-16,53.100,53.240,51.630,51.750,136824.000,51.155
2021-02-12,52.950,53.210,52.220,53.020,73670.000,52.411
2021-02-11,53.680,53.755,52.490,52.880,190664.000,52.272
2021-02-10,54.950,55.030,52.610,53.330,125905.000,52.717
2021-02-09,54.820,54.840,54.174,54.300,118668.000,53.676
2021-02-08,53.740,54.830,53.550,54.830,141983.000,54.200
2021-02-05,52.590,53.355,52.286,53.300,76572.000,52.687
2021-02-04,52.460,52.820,51.850,52.580,103667.000,51.976
2021-02-03,52.790,52.960,51.865,51.910,69340.000,51.313
2021-02-02,52.690,52.950,51.860,52.850,71775.000,52.243
2021-02-01,51.800,51.860,50.850,51.810,89139.000,51.214
2021-01-29,50.500,51.300,49.500,50.350,66604.000,49.771
2021-01-28,50.470,51.010,49.867,50.330,53798.000,49.752
2021-01-27,50.140,51.940,49.030,49.970,120696.000,49.396
2021-01-26,52.210,52.569,50.935,51.010,116952.000,50.424
2021-01-25,52.000,52.360,50.950,52.170,107174.000,51.570
2021-01-22,50.720,51.580,50.500,51.470,50802.000,50.878
2021-01-21,52.130,52.380,50.820,50.820,81970.000,50.236
2021-01-20,52.680,52.890,52.088,52.200,74189.000,51.600
2021-01-19,51.870,52.580,51.510,52.530,100421.000,51.926
2021-01-15,51.780,52.679,50.922,51.320,95523.000,50.730
2021-01-14,50.300,51.820,50.300,51.740,96904.000,51.145
2021-01-13,49.500,50.290,49.430,49.670,95777.000,49.099
2021-01-12,49.100,50.060,49.100,49.540,106268.000,48.971
2021-01-11,49.040,49.319,48.091,49.030,79292.000,48.466
2021-01-08,49.270,50.395,48.500,49.340,76327.000,48.773
2021-01-07,48.080,49.892,48.000,49.809,67933.000,49.236
2021-01-06,46.350,48.225,46.210,47.380,90682.000,46.835
2021-01-05,46.080,46.580,46.020,46.580,111388.000,46.045
2021-01-04,46.260,46.760,45.596,46.210,99518.000,45.679
2020-12-31,47.120,47.120,45.780,45.940,70973.000,45.412
2020-12-30,46.910,47.540,46.830,46.928,70122.000,46.388
2020-12-29,48.210,48.210,45.940,46.580,126781.000,46.045
2020-12-28,49.890,50.000,48.260,48.370,84670.000,47.814
2020-12-24,50.260,50.386,49.290,49.327,30605.000,48.760
2020-12-23,50.170,50.260,48.900,50.090,61368.000,49.514
2020-12-22,49.920,50.490,49.690,50.100,77126.000,49.524
2020-12-21,48.090,49.920,47.750,49.610,74665.000,49.040
2020-12-18,48.910,48.985,48.450,48.590,75119.000,48.032
2020-12-17,48.580,48.680,48.120,48.650,79720.000,48.091
2020-12-16,48.740,48.740,47.913,48.200,58437.000,47.646
2020-12-15,49.780,49.780,48.265,48.810,116600.000,48.249
2020-12-14,50.420,51.051,49.367,49.430,209164.000,48.862
2020-12-11,49.300,49.590,48.580,49.150,70657.000,48.549
2020-12-10,47.200,49.440,47.200,49.390,88130.000,48.786
2020-12-09,48.670,48.990,46.880,47.490,132424.000,46.910
2020-12-08,47.770,48.490,47.541,48.470,124175.000,47.878
2020-12-07,46.790,48.100,46.780,47.340,114847.000,46.761
2020-12-04,45.970,46.460,45.780,46.230,51064.000,45.665
2020-12-03,45.240,45.830,45.080,45.830,56330.000,45.270
2020-12-02,45.020,45.070,44.211,44.960,50805.000,44.410
2020-12-01,45.670,46.139,44.770,45.010,70725.000,44.460
2020-11-30,44.570,44.800,43.730,44.700,61139.000,44.154
2020-11-27,42.630,43.795,42.570,43.731,37636.000,43.196
2020-11-25,41.800,41.930,41.563,41.900,44897.000,41.388
2020-11-24,42.180,42.180,41.410,41.510,63597.000,41.003
2020-11-23,42.050,42.140,41.430,41.920,44567.000,41.408
2020-11-20,41.410,41.679,41.100,41.560,202620.000,41.052
2020-11-19,41.170,41.510,40.920,41.300,44805.000,40.795
2020-11-18,41.820,42.040,41.025,41.030,56723.000,40.529
2020-11-17,41.600,41.760,41.096,41.730,34819.000,41.220
2020-11-16,42.370,42.390,41.630,41.990,58944.000,41.477
2020-11-13,41.520,41.850,41.470,41.690,37566.000,41.180
2020-11-12,41.300,41.810,41.083,41.300,34578.000,40.795
2020-11-11,40.880,41.260,40.627,41.240,31767.000,40.736
2020-11-10,40.140,40.625,39.640,40.481,42767.000,39.987
2020-11-09,41.420,41.420,40.290,40.446,50291.000,39.952
2020-11-06,41.030,41.030,40.414,40.560,29592.000,40.064
2020-11-05,41.440,41.640,40.969,41.429,29910.000,40.922
2020-11-04,39.130,41.270,39.130,40.920,74611.000,40.420
2020-11-03,38.630,39.180,38.460,39.000,28220.000,38.523
2020-11-02,38.430,38.510,37.440,38.160,39688.000,37.694
2020-10-30,38.710,38.790,37.630,37.930,51301.000,37.466
2020-10-29,38.810,39.436,38.500,39.250,39298.000,38.770
2020-10-28,39.360,39.360,38.760,38.810,52426.000,38.336
2020-10-27,39.610,40.020,39.400,39.990,27820.000,39.501
2020-10-26,39.610,40.150,39.200,39.530,54887.000,39.047
2020-10-23,40.000,40.000,39.395,39.660,27995.000,39.175
2020-10-22,39.280,39.830,39.275,39.650,24096.000,39.165
2020-10-21,40.020,40.120,39.100,39.150,39188.000,38.672
2020-10-20,40.800,40.890,40.200,40.200,60526.000,39.709
2020-10-19,41.740,41.780,40.570,40.680,86782.000,40.183
2020-10-16,41.240,41.810,41.240,41.450,35453.000,40.943
2020-10-15,40.850,41.229,40.570,41.100,27033.000,40.598
2020-10-14,42.170,42.380,41.430,41.430,64364.000,40.924
2020-10-13,41.400,42.230,41.400,42.110,47277.000,41.595
2020-10-12,41.860,41.950,41.405,41.590,40687.000,41.082
2020-10-09,41.160,41.410,40.840,41.350,40219.000,40.845
2020-10-08,41.000,41.000,40.676,40.830,34925.000,40.331
2020-10-07,40.140,40.683,39.850,40.500,36707.000,40.005
2020-10-06,39.600,40.290,39.550,39.550,44336.000,39.067
2020-10-05,38.660,39.905,38.660,39.880,142607.000,39.393
2020-10-02,38.910,39.180,38.220,38.220,36068.000,37.753
2020-10-01,39.110,39.320,38.890,39.320,26949.000,38.839
2020-09-30,39.160,39.570,38.857,38.960,27894.000,38.484
2020-09-29,39.220,39.462,38.984,39.150,21032.000,38.672
2020-09-28,39.190,39.420,38.860,39.160,40915.000,38.681
2020-09-25,38.170,39.170,38.140,39.130,27985.000,38.652
2020-09-24,38.110,38.565,37.650,38.140,42800.000,37.674
2020-09-23,39.540,39.740,38.580,38.640,113234.000,38.168
2020-09-22,39.530,39.635,38.704,39.625,31050.000,39.140
2020-09-21,39.750,39.828,38.920,39.440,76736.000,38.958
2020-09-18,40.160,40.440,39.565,40.410,62538.000,39.916
2020-09-17,39.610,39.950,39.280,39.803,32516.000,39.316
2020-09-16,39.350,40.290,39.320,39.960,54498.000,39.472
2020-09-15,38.760,39.250,38.501,39.070,47350.000,38.592
2020-09-14,36.880,38.260,36.880,38.248,51321.000,37.781
2020-09-11,36.240,36.700,35.930,36.220,15337.000,35.777
2020-09-10,36.520,36.958,35.857,35.890,19876.000,35.451
2020-09-09,35.850,36.514,35.850,36.370,54715.000,35.925
2020-09-08,35.010,36.030,34.962,35.370,228069.000,34.938
2020-09-04,36.390,36.390,34.320,35.735,114522.000,35.298
2020-09-03,37.920,37.920,36.121,36.290,63356.000,35.846
2020-09-02,37.740,37.770,37.130,37.750,32972.000,37.289
2020-09-01,38.080,38.166,37.460,37.550,53251.000,37.091
2020-08-31,37.780,38.320,37.590,38.140,64505.000,37.674
2020-08-28,37.390,37.830,37.278,37.690,29058.000,37.229
2020-08-27,37.610,37.610,37.023,37.330,43940.000,36.874
2020-08-26,37.670,37.800,37.440,37.550,63338.000,37.091
2020-08-25,37.400,37.720,37.000,37.560,118622.000,37.101
2020-08-24,38.370,38.370,37.100,37.290,247768.000,36.834
2020-08-21,38.140,38.143,37.830,38.130,37702.000,37.664
2020-08-20,38.400,38.420,38.070,38.180,32747.000,37.713
2020-08-19,38.600,38.902,38.400,38.400,74763.000,37.931
2020-08-18,38.890,38.890,38.210,38.610,36863.000,38.138
2020-08-17,37.950,38.820,37.950,38.785,35470.000,38.311
2020-08-14,38.130,38.150,37.710,37.810,43733.000,37.348
2020-08-13,37.820,38.380,37.820,38.218,28585.000,37.751
2020-08-12,37.790,38.000,37.520,37.860,145046.000,37.397
2020-08-11,38.470,38.470,37.420,37.470,52181.000,37.012
2020-08-10,38.480,38.580,38.160,38.380,62781.000,37.911
2020-08-07,38.500,38.950,38.172,38.470,28676.000,38.000
2020-08-06,38.850,38.980,38.500,38.540,47138.000,38.069
2020-08-05,38.920,38.920,38.570,38.855,60429.000,38.380
2020-08-04,39.000,39.000,38.254,38.700,38464.000,38.227
2020-08-03,37.760,38.954,37.630,38.930,79699.000,38.454
2020-07-31,38.500,38.990,36.850,37.320,76182.000,36.864
2020-07-30,37.580,38.360,37.500,38.180,42299.000,37.713
2020-07-29,38.400,38.650,37.800,37.850,86991.000,37.387
2020-07-28,39.050,39.130,38.355,38.355,54315.000,37.886
2020-07-27,38.700,39.151,38.380,39.140,74043.000,38.662
2020-07-24,38.800,38.800,37.760,38.080,122876.000,37.615
2020-07-23,39.950,40.170,38.827,39.060,58416.000,38.583
2020-07-22,40.150,40.390,39.720,39.960,64962.000,39.472
2020-07-21,41.070,41.070,40.060,40.170,74323.000,39.679
2020-07-20,40.780,41.297,40.490,40.930,112235.000,40.430
2020-07-17,40.050,40.880,39.800,40.780,86228.000,40.282
2020-07-16,40.080,40.080,39.325,39.760,60336.000,39.274
2020-07-15,39.930,40.405,39.630,40.220,92358.000,39.728
2020-07-14,38.460,39.180,37.850,39.180,51698.000,38.701
2020-07-13,39.580,40.360,38.400,38.530,141605.000,38.059
2020-07-10,39.570,39.670,38.920,39.030,94242.000,38.553
2020-07-09,39.690,39.798,38.830,39.560,80292.000,39.076
2020-07-08,39.060,39.679,38.940,39.590,63465.000,39.106
2020-07-07,38.040,39.385,38.040,39.000,126644.000,38.523
2020-07-06,38.550,38.650,38.081,38.260,142739.000,37.792
2020-07-02,37.980,38.420,37.811,38.030,49444.000,37.565
2020-07-01,37.670,37.940,37.350,37.749,37534.000,37.287
2020-06-30,37.490,38.010,37.350,37.970,50321.000,37.506
2020-06-29,37.880,38.060,37.212,37.594,70821.000,37.134
2020-06-26,38.830,38.830,37.490,37.680,67329.000,37.219
2020-06-25,38.320,38.970,38.180,38.970,59166.000,38.494
2020-06-24,38.960,39.260,37.976,38.330,140936.000,37.862
2020-06-23,38.720,39.590,38.610,39.040,116011.000,38.563
2020-06-22,37.600,38.350,37.230,38.259,58222.000,37.792
2020-06-19,37.000,37.160,36.500,37.160,35678.000,36.706
2020-06-18,36.130,36.710,36.130,36.510,30834.000,36.064
2020-06-17,36.400,36.657,36.220,36.320,24602.000,35.876
2020-06-16,36.860,36.860,35.565,36.330,58594.000,35.886
2020-06-15,34.750,36.040,34.750,36.030,36495.000,35.590
2020-06-12,35.320,35.510,34.349,35.060,32055.000,34.549
2020-06-11,35.810,35.850,34.280,34.510,65353.000,34.007
2020-06-10,35.810,36.200,35.810,36.010,29505.000,35.485
2020-06-09,35.430,35.892,35.360,35.600,52037.000,35.081
2020-06-08,35.080,35.610,34.840,35.610,48908.000,35.091
2020-06-05,35.430,35.560,34.680,34.980,72307.000,34.470
2020-06-04,35.550,35.830,34.980,35.130,66753.000,34.618
2020-06-03,36.230,36.230,35.640,35.670,67293.000,35.150
2020-06-02,36.010,36.219,35.318,36.206,69144.000,35.678
2020-06-01,35.990,36.199,35.665,36.170,55699.000,35.643
2020-05-29,35.540,36.000,34.908,35.880,71567.000,35.357
2020-05-28,35.500,36.120,35.241,35.360,54221.000,34.844
2020-05-27,35.780,35.780,33.920,35.430,111335.000,34.913
2020-05-26,37.510,37.510,35.770,35.770,93749.000,35.249
2020-05-22,36.670,37.010,36.376,37.010,72481.000,36.470
2020-05-21,37.000,37.000,35.852,36.430,155832.000,35.898
2020-05-20,36.390,36.910,36.120,36.910,131675.000,36.372
2020-05-19,36.960,37.210,35.960,35.960,145808.000,35.436
2020-05-18,37.580,37.648,36.635,37.250,259382.000,36.707
2020-05-15,34.440,35.460,34.260,35.385,47972.000,34.869
2020-05-14,34.450,34.750,33.840,34.490,126480.000,33.987
2020-05-13,35.540,35.900,33.801,34.803,71007.000,34.295
2020-05-12,36.280,36.640,35.295,35.300,96253.000,34.785
2020-05-11,34.390,36.050,34.280,36.000,74490.000,35.475
2020-05-08,33.920,34.480,33.650,34.390,61849.000,33.889
2020-05-07,33.840,33.840,33.280,33.530,46897.000,33.041
2020-05-06,32.850,33.310,32.670,33.000,74570.000,32.519
2020-05-05,32.650,33.020,32.496,32.700,40584.000,32.223
2020-05-04,30.860,32.180,30.860,32.160,29693.000,31.691
2020-05-01,31.250,31.469,30.650,31.020,117718.000,30.568
2020-04-30,32.260,32.260,31.600,31.620,27427.000,31.159
2020-04-29,32.770,32.860,32.152,32.340,108845.000,31.869
2020-04-28,33.950,33.950,32.217,32.260,54633.000,31.790
2020-04-27,33.410,33.410,32.800,33.010,53234.000,32.529
2020-04-24,32.090,32.859,31.930,32.790,40634.000,32.312
2020-04-23,32.530,32.740,31.570,31.710,72201.000,31.248
2020-04-22,31.930,32.100,31.420,31.996,45779.000,31.530
2020-04-21,32.010,32.270,30.560,31.230,313845.000,30.775
2020-04-20,31.120,32.699,31.035,32.020,114115.000,31.553
2020-04-17,31.040,31.050,30.360,31.023,76082.000,30.571
2020-04-16,29.180,29.450,28.740,29.450,36487.000,29.021
2020-04-15,28.610,28.920,28.290,28.650,30143.000,28.232
2020-04-14,28.560,29.099,28.560,29.079,39146.000,28.655
2020-04-13,28.500,29.448,27.570,27.910,28915.000,27.503
2020-04-09,28.000,28.070,27.640,27.980,26232.000,27.572
2020-04-08,27.210,27.500,26.762,27.390,20383.000,26.991
2020-04-07,28.780,28.780,26.880,26.880,33947.000,26.488
2020-04-06,27.320,27.450,26.920,27.450,31573.000,27.050
2020-04-03,26.340,26.500,25.911,26.210,54462.000,25.828
2020-04-02,25.490,26.340,25.140,26.140,35759.000,25.759
2020-04-01,25.980,26.359,24.764,25.509,27129.000,25.137
2020-03-31,27.130,27.130,26.435,26.870,58536.000,26.478
2020-03-30,26.790,27.072,26.370,27.072,18503.000,26.677
2020-03-27,26.550,27.093,26.155,26.499,25647.000,26.113
2020-03-26,26.210,27.060,25.830,26.711,95081.000,26.321
2020-03-25,25.780,26.240,25.330,25.639,59386.000,25.265
2020-03-24,25.570,25.570,24.650,25.420,166363.000,25.049
2020-03-23,24.150,24.539,23.350,23.914,72415.000,23.565
2020-03-20,24.460,24.989,23.740,23.870,27951.000,23.522
2020-03-19,23.840,24.910,23.456,24.403,31107.000,24.048
2020-03-18,22.950,24.480,22.950,24.081,109691.000,23.730
2020-03-17,23.600,24.680,22.770,24.040,26196.000,23.690
2020-03-16,22.890,24.005,22.319,22.581,14191.000,22.252
2020-03-13,25.000,25.000,22.875,24.679,27320.000,24.319
2020-03-12,24.630,26.120,22.850,23.910,25838.000,23.561
2020-03-11,27.600,27.949,26.768,26.768,7726.000,26.377
2020-03-10,28.770,28.770,26.848,27.954,10361.000,27.547
2020-03-09,28.500,29.100,27.975,28.020,119248.000,27.612
2020-03-06,30.420,30.610,30.152,30.600,14152.000,30.154
2020-03-05,30.300,31.100,30.300,30.670,13345.000,30.223
2020-03-04,30.690,30.902,30.298,30.902,12587.000,30.451
2020-03-03,30.740,30.740,29.420,29.881,15313.000,29.445
2020-03-02,29.780,30.510,29.140,30.508,19072.000,30.063
2020-02-28,29.000,29.000,27.867,28.963,15514.000,28.541
2020-02-27,30.060,30.160,28.950,28.950,37163.000,28.528
2020-02-26,29.490,29.756,29.150,29.679,21375.000,29.246
2020-02-25,29.200,29.200,28.750,28.984,2622.000,28.561
2020-02-24,29.200,29.200,28.700,28.938,10415.000,28.516
2020-02-21,29.700,29.760,29.480,29.680,7223.000,29.247
2020-02-20,30.020,30.020,29.486,29.740,8850.000,29.307
2020-02-19,29.983,30.120,29.983,30.030,1485.000,29.593
2020-02-18,29.870,29.886,29.660,29.886,3167.000,29.450
2020-02-14,29.760,29.890,29.760,29.856,5949.000,29.421
2020-02-13,30.010,30.010,29.758,29.758,554.000,29.324
2020-02-12,29.880,29.950,29.676,29.888,1485.000,29.452
2020-02-11,30.130,30.200,29.815,29.880,4438.000,29.444
2020-02-10,29.570,29.953,29.485,29.953,4799.000,29.516
2020-02-07,29.680,29.680,29.400,29.501,2800.000,29.071
2020-02-06,29.720,29.720,29.460,29.598,2695.000,29.167
2020-02-05,29.070,29.312,29.070,29.208,4716.000,28.782
2020-02-04,28.480,28.979,28.480,28.936,7196.000,28.514
2020-02-03,28.270,28.311,28.220,28.311,1360.000,27.898
2020-01-31,28.420,28.420,27.750,27.955,6954.000,27.547
2020-01-30,28.680,28.680,28.181,28.351,6931.000,27.938
2020-01-29,28.970,28.970,28.608,28.608,7487.000,28.191
2020-01-28,28.580,28.800,28.571,28.756,2473.000,28.336
2020-01-27,28.510,28.586,28.450,28.529,2875.000,28.113
2020-01-24,29.420,29.420,28.690,28.739,10032.000,28.320
2020-01-23,29.530,29.530,29.100,29.295,5979.000,28.868
2020-01-22,29.750,29.750,29.512,29.512,3030.000,29.081
2020-01-21,29.820,29.917,29.482,29.482,9887.000,29.052
2020-01-17,30.370,30.370,29.872,29.872,5638.000,29.436
2020-01-16,30.217,30.290,29.967,30.149,6078.000,29.710
2020-01-15,29.930,30.180,29.930,29.970,4682.000,29.533
2020-01-14,29.400,29.791,29.190,29.791,4393.000,29.357
2020-01-13,29.620,29.620,29.240,29.436,19420.000,29.007
2020-01-10,30.600,30.600,29.825,29.825,5370.000,29.390
2020-01-09,30.000,30.160,29.875,29.987,6240.000,29.550
2020-01-08,29.640,29.980,29.620,29.881,7221.000,29.445
2020-01-07,29.543,29.549,29.360,29.464,3699.000,29.035
2020-01-06,29.180,29.510,28.990,29.508,6441.000,29.077
2020-01-03,29.402,29.570,29.230,29.258,7271.000,28.831
2020-01-02,29.600,29.650,29.521,29.611,7434.000,29.179
2019-12-31,29.570,29.960,29.550,29.867,6061.000,29.431
2019-12-30,30.270,30.270,29.670,29.750,5964.000,29.316
2019-12-27,30.650,30.650,30.130,30.130,6678.000,29.690
2019-12-26,30.850,30.850,30.647,30.647,3189.000,30.200
2019-12-24,30.820,30.834,30.657,30.834,2466.000,30.384
2019-12-23,30.570,30.769,30.289,30.667,4410.000,30.220
2019-12-20,30.187,30.222,30.090,30.222,2900.000,29.781
2019-12-19,29.690,30.126,29.690,30.126,2390.000,29.686
2019-12-18,29.950,29.950,29.770,29.818,1530.000,29.383
2019-12-17,29.830,30.054,29.830,30.054,5026.000,29.616
2019-12-16,30.050,30.200,29.870,30.090,9624.000,29.652
2019-12-13,30.030,30.030,29.750,29.923,9812.000,29.251
2019-12-12,29.400,29.549,29.360,29.549,1216.000,28.884
2019-12-11,29.781,29.885,29.349,29.381,4804.000,28.720
2019-12-10,29.730,29.730,29.700,29.721,1611.000,29.053
2019-12-09,29.980,29.980,29.471,29.471,2486.000,28.809
2019-12-06,29.591,29.620,29.543,29.543,3991.000,28.879
2019-12-05,29.780,29.780,29.384,29.384,3904.000,28.724
2019-12-04,29.390,29.640,29.380,29.621,2813.000,28.955
2019-12-03,28.960,29.374,28.760,29.374,2055.000,28.714
2019-12-02,29.270,29.270,28.941,28.962,1190.000,28.311
2019-11-29,29.110,29.270,29.000,29.139,4092.000,28.484
2019-11-27,28.980,29.050,28.800,29.010,5204.000,28.357
2019-11-26,28.800,28.840,28.600,28.808,4846.000,28.161
2019-11-25,28.320,28.669,28.320,28.614,5138.000,27.971
2019-11-22,28.000,28.000,27.730,27.792,3939.000,27.167
2019-11-21,27.830,27.830,27.680,27.781,2148.000,27.157
2019-11-20,27.720,27.902,27.650,27.830,1737.000,27.204
2019-11-19,27.500,27.654,27.500,27.641,3189.000,27.020
2019-11-18,26.972,27.044,26.870,27.044,766.000,26.436
2019-11-15,26.784,26.899,26.784,26.878,1344.000,26.274
2019-11-14,26.840,26.840,26.460,26.598,7210.000,26.000
2019-11-13,26.610,26.860,26.510,26.756,7385.000,26.154
2019-11-12,26.570,26.738,26.570,26.606,3668.000,26.007
2019-11-11,26.790,26.790,26.500,26.511,7362.000,25.915
2019-11-08,26.000,26.805,26.000,26.805,26262.000,26.202
2019-11-07,26.400,26.400,26.179,26.179,714.000,25.590
2019-11-06,26.600,26.600,26.151,26.151,4954.000,25.563
2019-11-05,26.530,26.690,26.530,26.648,1139.000,26.049
2019-11-04,26.510,26.810,26.350,26.407,12510.000,25.813
2019-11-01,26.310,26.488,26.310,26.488,985.000,25.893
2019-10-31,25.890,25.950,25.872,25.942,1507.000,25.359
2019-10-30,26.090,26.134,26.050,26.134,3330.000,25.546
2019-10-29,26.210,26.210,25.970,26.018,1749.000,25.433
2019-10-28,25.750,25.980,25.600,25.980,6564.000,25.396
2019-10-25,25.250,25.650,25.250,25.650,3181.000,25.073
2019-10-24,25.290,25.363,25.290,25.363,789.000,24.793
2019-10-23,25.254,25.372,25.254,25.257,946.000,24.689
2019-10-22,25.400,25.400,25.240,25.271,528.000,24.703
2019-10-21,24.960,25.104,24.960,25.104,605.000,24.539
2019-10-18,24.650,24.652,24.630,24.652,406.000,24.097
2019-10-17,24.910,24.936,24.860,24.936,502.000,24.375
2019-10-16,24.540,24.565,24.510,24.552,1151.000,24.000
2019-10-15,24.470,24.520,24.470,24.510,788.000,23.959
2019-10-14,24.190,24.190,24.073,24.073,1162.000,23.531
2019-10-11,24.214,24.214,24.054,24.054,1081.000,23.513
2019-10-10,23.650,23.807,23.650,23.807,153.000,23.271
2019-10-09,23.920,23.920,23.724,23.724,601.000,23.191
2019-10-08,23.840,23.930,23.804,23.804,889.000,23.269
2019-10-07,24.340,24.340,24.251,24.251,1265.000,23.705
2019-10-04,24.269,24.269,24.269,24.269,149.000,23.723
2019-10-03,23.620,24.050,23.620,24.050,352.000,23.509
2019-10-02,23.784,23.784,23.771,23.771,539.000,23.237
2019-10-01,24.430,24.430,23.890,23.890,2608.000,23.353
2019-09-30,24.502,24.502,24.502,24.502,206.000,23.951
2019-09-27,24.560,24.780,24.460,24.477,1185.000,23.926
2019-09-26,24.940,24.940,24.655,24.655,508.000,24.101
2019-09-25,25.300,25.300,25.248,25.248,532.000,24.680
2019-09-24,25.840,25.840,25.486,25.486,122.000,24.913
2019-09-23,26.340,26.340,25.944,25.944,835.000,25.360
2019-09-20,26.305,26.305,26.204,26.240,1317.000,25.650
2019-09-19,26.008,26.008,26.008,26.008,37.000,25.423
2019-09-18,26.130,26.130,25.900,26.070,1977.000,25.484
2019-09-17,26.159,26.159,26.159,26.159,106.000,25.571
2019-09-16,25.620,26.115,25.620,26.115,401.000,25.528
2019-09-13,25.919,25.919,25.919,25.919,30.000,25.336
2019-09-12,26.150,26.150,26.020,26.048,1117.000,25.462
2019-09-11,25.921,26.082,25.921,26.082,638.000,25.496
2019-09-10,25.250,25.684,25.000,25.684,4508.000,25.107
2019-09-09,25.800,25.800,25.349,25.349,2257.000,24.779
2019-09-06,25.880,25.880,25.618,25.618,3035.000,25.042
2019-09-05,25.860,25.860,25.648,25.811,718.000,25.230
2019-09-04,25.542,25.542,25.542,25.542,55.000,24.968
2019-09-03,25.560,25.560,25.434,25.434,826.000,24.862
2019-08-30,25.770,25.829,25.770,25.822,4822.000,25.242
2019-08-29,25.950,25.950,25.950,25.950,132.000,25.367
2019-08-28,25.400,25.701,25.400,25.701,107.000,25.123
2019-08-27,25.840,25.990,25.340,25.445,1513.000,24.873
2019-08-26,25.870,25.870,25.815,25.815,148.000,25.235
2019-08-23,26.301,26.301,25.597,25.597,838.000,25.022
2019-08-22,26.379,26.379,26.336,26.336,377.000,25.744
2019-08-21,26.881,26.881,26.881,26.881,68.000,26.277
2019-08-20,26.714,26.714,26.714,26.714,73.000,26.113
2019-08-19,27.135,27.183,27.135,27.183,418.000,26.572
2019-08-16,26.810,26.922,26.810,26.922,200.000,26.317
2019-08-15,26.330,26.335,26.299,26.335,521.000,25.743
2019-08-14,26.610,26.610,26.430,26.430,1325.000,25.836
2019-08-13,26.890,26.890,26.760,26.833,2855.000,26.229
2019-08-12,26.880,26.880,26.530,26.530,1127.000,25.934
2019-08-09,27.350,27.350,26.940,27.126,2995.000,26.517
2019-08-08,27.070,27.352,27.070,27.352,468.000,26.737
2019-08-07,26.780,26.844,26.780,26.844,408.000,26.240
2019-08-06,26.230,26.605,26.230,26.605,592.000,26.007
2019-08-05,26.405,26.405,26.000,26.207,2281.000,25.618
2019-08-02,27.330,27.330,26.850,26.974,1254.000,26.367
2019-08-01,27.660,27.660,27.500,27.537,740.000,26.918
2019-07-31,27.850,27.959,27.656,27.656,1214.000,27.035
2019-07-30,27.590,27.690,27.495,27.690,656.000,27.067
2019-07-29,27.540,27.613,27.530,27.613,1891.000,26.992
2019-07-26,27.386,27.666,27.386,27.666,548.000,27.044
2019-07-25,27.390,27.390,27.147,27.147,247.000,26.536
2019-07-24,27.604,27.604,27.604,27.604,129.000,26.983
2019-07-23,27.510,27.510,27.359,27.394,5016.000,26.778
2019-07-22,27.490,27.550,27.474,27.474,722.000,26.856
2019-07-19,27.900,27.900,27.361,27.361,5594.000,26.746
2019-07-18,27.736,27.736,27.710,27.710,20171.000,27.087
2019-07-17,27.320,27.390,27.050,27.329,20123.000,26.715
2019-07-16,27.350,27.350,27.079,27.095,1832.000,26.486
2019-07-15,26.860,27.170,26.860,27.146,5769.000,26.536
2019-07-12,26.943,26.961,26.910,26.961,801.000,26.355
2019-07-11,26.980,27.020,26.980,27.020,269.000,26.412
2019-07-10,27.470,27.470,27.211,27.211,448.000,26.599
2019-07-09,27.186,27.229,27.150,27.229,573.000,26.617
2019-07-08,26.970,26.970,26.720,26.866,683.000,26.262
2019-07-05,27.600,27.600,27.234,27.234,671.000,26.621
2019-07-03,27.440,27.544,27.440,27.544,359.000,26.925
2019-07-02,27.100,27.114,27.100,27.114,351.000,26.504
2019-07-01,27.580,27.580,27.260,27.343,21833.000,26.728
2019-06-28,26.800,27.178,26.800,27.178,318.000,26.567
2019-06-27,26.180,26.507,26.180,26.507,2416.000,25.911
2019-06-26,25.953,25.953,25.953,25.953,26.000,25.369
2019-06-25,26.489,26.490,26.180,26.180,2869.000,25.591
2019-06-24,26.950,26.950,26.260,26.260,1361.000,25.670
2019-06-21,26.800,26.800,26.490,26.791,5000.000,26.189
2019-06-20,27.262,27.262,26.867,26.867,10837.000,26.263
2019-06-19,27.080,27.080,26.960,26.992,3442.000,26.385
2019-06-18,26.920,27.034,26.719,26.957,4075.000,26.351
2019-06-17,26.000,26.523,26.000,26.502,3391.000,25.906
2019-06-14,24.920,24.920,24.605,24.605,2312.000,24.052
