Date,Open,High,Low,Close,Volume,Adj Close,,2023-05-19
2023-05-19,9.500,9.510,9.390,9.410,582332.000,9.410
2023-05-18,9.380,9.530,9.370,9.530,290600.000,9.530
2023-05-17,9.180,9.380,9.180,9.360,267800.000,9.360
2023-05-16,9.140,9.200,9.115,9.150,169100.000,9.150
2023-05-15,9.120,9.220,9.040,9.220,460300.000,9.220
2023-05-12,9.180,9.180,8.985,9.060,322100.000,9.060
2023-05-11,9.140,9.180,9.090,9.150,293900.000,9.150
2023-05-10,9.060,9.145,9.011,9.110,195100.000,9.110
2023-05-09,8.950,8.995,8.920,8.960,153500.000,8.960
2023-05-08,8.980,9.040,8.930,9.030,324800.000,9.030
2023-05-05,8.820,8.958,8.783,8.950,173400.000,8.950
2023-05-04,8.690,8.758,8.665,8.710,131900.000,8.710
2023-05-03,8.790,8.880,8.730,8.730,150600.000,8.730
2023-05-02,8.910,8.940,8.765,8.790,207200.000,8.790
2023-05-01,8.920,8.975,8.900,8.950,180200.000,8.950
2023-04-28,8.850,8.940,8.800,8.920,460300.000,8.920
2023-04-27,8.850,8.940,8.800,8.940,223700.000,8.940
2023-04-26,8.840,8.840,8.690,8.705,401000.000,8.705
2023-04-25,8.900,8.900,8.695,8.700,301200.000,8.700
2023-04-24,9.000,9.015,8.850,8.930,362700.000,8.930
2023-04-21,9.000,9.020,8.940,8.990,270300.000,8.990
2023-04-20,9.030,9.141,9.005,9.035,160100.000,9.035
2023-04-19,9.040,9.150,9.040,9.110,138300.000,9.110
2023-04-18,9.210,9.255,9.140,9.160,162900.000,9.160
2023-04-17,9.150,9.165,9.070,9.160,759800.000,9.160
2023-04-14,9.220,9.310,9.130,9.230,175800.000,9.230
2023-04-13,9.150,9.290,9.110,9.260,197200.000,9.260
2023-04-12,9.280,9.320,9.085,9.100,216000.000,9.100
2023-04-11,9.270,9.290,9.210,9.230,112700.000,9.230
2023-04-10,9.190,9.280,9.030,9.280,211700.000,9.280
2023-04-06,9.110,9.280,9.075,9.250,145300.000,9.250
2023-04-05,9.280,9.290,9.100,9.170,265400.000,9.170
2023-04-04,9.430,9.440,9.320,9.370,282300.000,9.370
2023-04-03,9.320,9.400,9.270,9.400,294800.000,9.400
2023-03-31,9.220,9.400,9.210,9.380,264500.000,9.380
2023-03-30,9.190,9.265,9.165,9.230,290800.000,9.230
2023-03-29,9.050,9.150,9.040,9.150,211700.000,9.150
2023-03-28,8.970,9.008,8.890,8.960,270900.000,8.960
2023-03-27,9.120,9.120,8.950,8.980,219300.000,8.980
2023-03-24,9.070,9.120,9.000,9.080,374400.000,9.080
2023-03-23,9.070,9.220,8.960,9.080,257500.000,9.080
2023-03-22,9.070,9.220,8.910,8.920,392300.000,8.920
2023-03-21,8.990,9.100,8.940,9.080,201600.000,9.080
2023-03-20,8.900,8.910,8.790,8.900,242300.000,8.900
2023-03-17,8.950,8.990,8.810,8.860,210100.000,8.860
2023-03-16,8.600,8.920,8.570,8.920,372300.000,8.920
2023-03-15,8.480,8.600,8.390,8.590,420500.000,8.590
2023-03-14,8.510,8.650,8.510,8.630,287100.000,8.630
2023-03-13,8.260,8.495,8.170,8.400,502900.000,8.400
2023-03-10,8.440,8.480,8.260,8.300,139200.000,8.300
2023-03-09,8.680,8.751,8.420,8.440,279000.000,8.440
2023-03-08,8.600,8.700,8.590,8.670,179700.000,8.670
2023-03-07,8.700,8.780,8.615,8.620,211100.000,8.620
2023-03-06,8.760,8.875,8.685,8.690,198500.000,8.690
2023-03-03,8.530,8.730,8.530,8.710,114600.000,8.710
2023-03-02,8.310,8.515,8.300,8.490,147700.000,8.490
2023-03-01,8.460,8.480,8.350,8.370,122700.000,8.370
2023-02-28,8.310,8.465,8.310,8.390,209800.000,8.390
2023-02-27,8.460,8.460,8.345,8.350,346200.000,8.350
2023-02-24,8.340,8.370,8.255,8.320,253900.000,8.320
2023-02-23,8.610,8.640,8.430,8.540,191400.000,8.540
2023-02-22,8.480,8.540,8.380,8.460,154700.000,8.460
2023-02-21,8.580,8.670,8.450,8.460,237200.000,8.460
2023-02-17,8.810,8.814,8.666,8.740,177500.000,8.740
2023-02-16,8.980,9.080,8.900,8.900,317600.000,8.900
2023-02-15,8.930,9.130,8.910,9.110,196700.000,9.110
2023-02-14,8.720,8.930,8.630,8.910,298600.000,8.910
2023-02-13,8.730,8.835,8.640,8.780,223900.000,8.780
2023-02-10,8.750,8.780,8.590,8.660,208700.000,8.660
2023-02-09,9.080,9.140,8.810,8.860,203200.000,8.860
2023-02-08,9.070,9.140,8.920,8.920,253900.000,8.920
2023-02-07,8.940,9.155,8.890,9.120,459700.000,9.120
2023-02-06,8.870,8.985,8.830,8.900,284800.000,8.900
2023-02-03,9.030,9.265,8.950,9.000,390000.000,9.000
2023-02-02,9.100,9.359,9.070,9.240,660000.000,9.240
2023-02-01,8.580,8.870,8.520,8.810,409100.000,8.810
2023-01-31,8.420,8.570,8.410,8.570,279200.000,8.570
2023-01-30,8.540,8.590,8.425,8.440,344800.000,8.440
2023-01-27,8.490,8.750,8.490,8.710,203100.000,8.710
2023-01-26,8.510,8.590,8.390,8.530,256100.000,8.530
2023-01-25,8.280,8.400,8.170,8.390,2396900.000,8.390
2023-01-24,8.380,8.480,8.370,8.410,1178300.000,8.410
2023-01-23,8.230,8.460,8.214,8.450,340200.000,8.450
2023-01-20,7.960,8.210,7.950,8.210,198000.000,8.210
2023-01-19,7.910,7.978,7.870,7.890,211900.000,7.890
2023-01-18,8.190,8.240,8.010,8.020,290300.000,8.020
2023-01-17,8.080,8.155,8.050,8.150,271900.000,8.150
2023-01-13,7.870,8.045,7.870,8.040,649500.000,8.040
2023-01-12,7.930,7.990,7.750,7.980,273200.000,7.980
2023-01-11,7.800,7.880,7.730,7.870,1810200.000,7.870
2023-01-10,7.530,7.730,7.530,7.710,2794300.000,7.710
2023-01-09,7.550,7.710,7.540,7.590,255400.000,7.590
2023-01-06,7.330,7.470,7.210,7.430,191600.000,7.430
2023-01-05,7.280,7.330,7.221,7.260,97300.000,7.260
2023-01-04,7.290,7.409,7.230,7.390,193600.000,7.390
2023-01-03,7.290,7.400,7.110,7.160,1761763.000,7.160
2022-12-30,7.070,7.190,7.065,7.180,454900.000,7.180
2022-12-29,7.010,7.200,7.000,7.190,450300.000,7.190
2022-12-28,7.000,7.080,6.915,6.920,391200.000,6.920
2022-12-27,7.090,7.110,7.005,7.030,498600.000,7.030
2022-12-23,7.080,7.140,7.010,7.120,232900.000,7.120
2022-12-22,7.240,7.250,7.000,7.120,263600.000,7.120
2022-12-21,7.200,7.365,7.180,7.330,279300.000,7.330
2022-12-20,7.130,7.260,7.110,7.190,243500.000,7.190
2022-12-19,7.360,7.360,7.175,7.210,353700.000,7.210
2022-12-16,7.420,7.471,7.303,7.330,189800.000,7.330
2022-12-15,7.630,7.650,7.390,7.430,343700.000,7.430
2022-12-14,7.840,7.965,7.720,7.820,249600.000,7.820
2022-12-13,8.080,8.160,7.770,7.840,505400.000,7.840
2022-12-12,7.620,7.770,7.600,7.750,253300.000,7.744
2022-12-09,7.670,7.776,7.640,7.640,164900.000,7.634
2022-12-08,7.570,7.717,7.510,7.690,225400.000,7.684
2022-12-07,7.490,7.580,7.450,7.510,277700.000,7.504
2022-12-06,7.750,7.750,7.510,7.550,167200.000,7.544
2022-12-05,7.920,7.990,7.745,7.770,683300.000,7.764
2022-12-02,7.800,7.986,7.780,7.950,225200.000,7.944
2022-12-01,7.890,8.000,7.850,7.970,178900.000,7.964
2022-11-30,7.539,7.880,7.490,7.880,278500.000,7.874
2022-11-29,7.510,7.560,7.429,7.480,128400.000,7.474
2022-11-28,7.530,7.630,7.450,7.480,195300.000,7.474
2022-11-25,7.660,7.664,7.610,7.640,93400.000,7.634
2022-11-23,7.580,7.730,7.580,7.730,245600.000,7.724
2022-11-22,7.450,7.590,7.405,7.580,211700.000,7.574
2022-11-21,7.540,7.580,7.435,7.460,381000.000,7.454
2022-11-18,7.780,7.806,7.560,7.620,199900.000,7.614
2022-11-17,7.620,7.790,7.571,7.730,116900.000,7.724
2022-11-16,7.910,7.920,7.742,7.770,170700.000,7.764
2022-11-15,7.960,8.120,7.920,8.010,340800.000,8.004
2022-11-14,7.750,7.795,7.650,7.680,277100.000,7.674
2022-11-11,7.500,7.850,7.490,7.800,419200.000,7.794
2022-11-10,7.210,7.480,7.120,7.460,570600.000,7.454
2022-11-09,7.070,7.070,6.790,6.820,355000.000,6.815
2022-11-08,7.190,7.313,7.055,7.170,308100.000,7.164
2022-11-07,7.140,7.200,7.050,7.170,252600.000,7.164
2022-11-04,7.180,7.210,6.940,7.080,331200.000,7.074
2022-11-03,7.020,7.160,6.950,6.990,343100.000,6.984
2022-11-02,7.370,7.460,7.100,7.100,339300.000,7.094
2022-11-01,7.520,7.560,7.350,7.350,373900.000,7.344
2022-10-31,7.430,7.490,7.310,7.360,158700.000,7.354
2022-10-28,7.330,7.500,7.290,7.500,256400.000,7.494
2022-10-27,7.470,7.525,7.340,7.350,403800.000,7.344
2022-10-26,7.530,7.755,7.510,7.560,209500.000,7.554
2022-10-25,7.420,7.685,7.400,7.670,227000.000,7.664
2022-10-24,7.340,7.390,7.140,7.370,409200.000,7.364
2022-10-21,7.250,7.420,7.160,7.410,466400.000,7.404
2022-10-20,7.350,7.590,7.350,7.380,179400.000,7.374
2022-10-19,7.458,7.530,7.330,7.370,166400.000,7.364
2022-10-18,7.690,7.710,7.420,7.500,307900.000,7.494
2022-10-17,7.350,7.530,7.350,7.470,295000.000,7.464
2022-10-14,7.500,7.500,7.100,7.100,316600.000,7.094
2022-10-13,7.010,7.420,6.925,7.380,466800.000,7.374
2022-10-12,7.240,7.320,7.181,7.270,257100.000,7.264
2022-10-11,7.270,7.388,7.130,7.240,347800.000,7.234
2022-10-10,7.490,7.500,7.300,7.380,227400.000,7.374
2022-10-07,7.760,7.760,7.484,7.520,209500.000,7.514
2022-10-06,7.910,8.050,7.870,7.930,248500.000,7.924
2022-10-05,7.800,7.950,7.700,7.900,277200.000,7.894
2022-10-04,7.770,7.950,7.743,7.950,338100.000,7.944
2022-10-03,7.430,7.625,7.330,7.590,349900.000,7.584
2022-09-30,7.438,7.610,7.390,7.390,326800.000,7.384
2022-09-29,7.640,7.640,7.375,7.460,310300.000,7.454
2022-09-28,7.550,7.788,7.530,7.760,251200.000,7.754
2022-09-27,7.650,7.780,7.525,7.600,483200.000,7.594
2022-09-26,7.600,7.770,7.550,7.560,396600.000,7.554
2022-09-23,7.620,7.655,7.500,7.610,422800.000,7.604
2022-09-22,7.890,7.900,7.710,7.750,297200.000,7.744
2022-09-21,8.050,8.210,7.900,7.910,227200.000,7.904
2022-09-20,8.100,8.139,7.990,8.040,194100.000,8.034
2022-09-19,8.060,8.155,8.030,8.150,191900.000,8.143
2022-09-16,8.240,8.240,8.070,8.140,286500.000,8.133
2022-09-15,8.450,8.610,8.310,8.380,347100.000,8.373
2022-09-14,8.480,8.554,8.370,8.520,306700.000,8.513
2022-09-13,8.650,8.690,8.430,8.460,411900.000,8.453
2022-09-12,8.940,9.050,8.900,9.040,232600.000,9.033
2022-09-09,8.690,8.909,8.690,8.900,577400.000,8.893
2022-09-08,8.330,8.580,8.300,8.570,245800.000,8.563
2022-09-07,8.220,8.460,8.181,8.440,188400.000,8.433
2022-09-06,8.380,8.380,8.150,8.230,223200.000,8.223
2022-09-02,8.600,8.630,8.325,8.370,185800.000,8.363
2022-09-01,8.490,8.520,8.245,8.500,243000.000,8.493
2022-08-31,8.700,8.820,8.595,8.620,233300.000,8.613
2022-08-30,8.790,8.850,8.510,8.600,284500.000,8.593
2022-08-29,8.700,8.850,8.690,8.700,267700.000,8.693
2022-08-26,9.300,9.340,8.830,8.830,329600.000,8.823
2022-08-25,9.130,9.290,9.065,9.280,241000.000,9.273
2022-08-24,8.970,9.150,8.960,9.040,280200.000,9.033
2022-08-23,9.020,9.180,8.980,8.990,238500.000,8.983
2022-08-22,9.160,9.215,9.010,9.030,375000.000,9.023
2022-08-19,9.550,9.580,9.310,9.350,359100.000,9.342
2022-08-18,9.730,9.765,9.600,9.720,269800.000,9.712
2022-08-17,9.840,9.890,9.650,9.750,371500.000,9.742
2022-08-16,10.060,10.065,9.770,9.980,314600.000,9.972
2022-08-15,10.100,10.189,9.970,10.080,352700.000,10.072
2022-08-12,9.930,10.140,9.830,10.130,408800.000,10.122
2022-08-11,9.960,10.290,9.800,9.850,585900.000,9.842
2022-08-10,9.670,9.860,9.530,9.850,635600.000,9.842
2022-08-09,9.570,9.620,9.400,9.460,258200.000,9.452
2022-08-08,9.680,9.924,9.620,9.670,558800.000,9.662
2022-08-05,9.490,9.800,9.450,9.700,464600.000,9.692
2022-08-04,9.560,9.690,9.470,9.630,278400.000,9.622
2022-08-03,9.190,9.510,9.170,9.480,405200.000,9.472
2022-08-02,8.950,9.245,8.910,9.110,364900.000,9.103
2022-08-01,8.920,9.150,8.810,9.040,452100.000,9.033
2022-07-29,8.900,9.000,8.800,8.990,679600.000,8.983
2022-07-28,8.770,8.900,8.600,8.900,254000.000,8.893
2022-07-27,8.520,8.870,8.500,8.820,269400.000,8.813
2022-07-26,8.590,8.590,8.360,8.390,177300.000,8.383
2022-07-25,8.730,8.730,8.590,8.670,243100.000,8.663
2022-07-22,9.090,9.100,8.690,8.750,436600.000,8.743
2022-07-21,9.100,9.290,9.035,9.260,416500.000,9.253
2022-07-20,8.780,9.165,8.780,9.110,410600.000,9.103
2022-07-19,8.580,8.780,8.461,8.770,168700.000,8.763
2022-07-18,8.510,8.710,8.430,8.460,255300.000,8.453
2022-07-15,8.270,8.400,8.220,8.390,293400.000,8.383
2022-07-14,8.150,8.230,8.020,8.190,207400.000,8.183
2022-07-13,8.090,8.290,8.040,8.200,218100.000,8.193
2022-07-12,8.460,8.590,8.290,8.340,165000.000,8.333
2022-07-11,8.670,8.670,8.400,8.440,271800.000,8.433
2022-07-08,8.640,8.938,8.570,8.810,174000.000,8.803
2022-07-07,8.470,8.760,8.460,8.740,339900.000,8.733
2022-07-06,8.440,8.520,8.340,8.410,436800.000,8.403
2022-07-05,7.930,8.490,7.875,8.480,332600.000,8.473
2022-07-01,8.010,8.155,7.950,8.090,278900.000,8.083
2022-06-30,8.120,8.167,7.880,8.030,436100.000,8.024
2022-06-29,8.300,8.340,8.150,8.270,204100.000,8.263
2022-06-28,8.680,8.800,8.320,8.320,325400.000,8.313
2022-06-27,8.870,8.898,8.610,8.680,262400.000,8.673
2022-06-24,8.590,8.860,8.588,8.860,384300.000,8.853
2022-06-23,8.210,8.510,8.140,8.490,275000.000,8.483
2022-06-22,8.020,8.300,8.010,8.160,356700.000,8.153
2022-06-21,8.060,8.335,8.060,8.160,426800.000,8.153
2022-06-17,7.780,7.980,7.740,7.910,362200.000,7.904
2022-06-16,7.950,7.950,7.695,7.750,390900.000,7.744
2022-06-15,8.000,8.330,7.980,8.210,397200.000,8.203
2022-06-14,8.000,8.030,7.845,7.920,453200.000,7.914
2022-06-13,8.070,8.155,7.890,7.920,682000.000,7.914
2022-06-10,8.630,8.690,8.400,8.420,488700.000,8.413
2022-06-09,9.130,9.190,8.820,8.820,632800.000,8.813
2022-06-08,9.120,9.350,9.120,9.190,193200.000,9.183
2022-06-07,8.990,9.211,8.950,9.190,662200.000,9.183
2022-06-06,9.160,9.230,8.990,9.090,296600.000,9.083
2022-06-03,9.170,9.210,8.980,9.020,209300.000,9.013
2022-06-02,8.910,9.370,8.870,9.360,278000.000,9.352
2022-06-01,9.100,9.220,8.855,8.920,311900.000,8.913
2022-05-31,9.120,9.240,8.970,9.060,530000.000,9.053
2022-05-27,8.860,9.120,8.860,9.110,323100.000,9.103
2022-05-26,8.540,8.860,8.440,8.790,513900.000,8.783
2022-05-25,8.240,8.590,8.240,8.520,329600.000,8.513
2022-05-24,8.530,8.530,8.200,8.320,669500.000,8.313
2022-05-23,8.860,8.872,8.660,8.830,289300.000,8.823
2022-05-20,9.070,9.070,8.510,8.810,340500.000,8.803
2022-05-19,8.720,9.069,8.690,8.880,547800.000,8.873
2022-05-18,8.970,9.100,8.722,8.760,563500.000,8.753
2022-05-17,9.030,9.185,8.880,9.110,444800.000,9.103
2022-05-16,8.910,9.050,8.790,8.810,405000.000,8.803
2022-05-13,8.630,9.020,8.610,8.990,532100.000,8.983
2022-05-12,8.070,8.620,8.001,8.420,1408300.000,8.413
2022-05-11,8.390,8.710,8.200,8.240,902800.000,8.233
2022-05-10,8.878,8.910,8.425,8.630,2475300.000,8.623
2022-05-09,9.000,9.080,8.590,8.650,1014900.000,8.643
2022-05-06,9.430,9.510,9.110,9.250,605900.000,9.243
2022-05-05,10.070,10.070,9.420,9.560,606900.000,9.552
2022-05-04,9.870,10.220,9.545,10.190,643400.000,10.182
2022-05-03,9.860,10.000,9.760,9.870,427600.000,9.862
2022-05-02,9.570,9.890,9.510,9.890,458500.000,9.882
2022-04-29,9.790,10.125,9.570,9.600,594300.000,9.592
2022-04-28,9.770,10.015,9.495,9.940,783800.000,9.932
2022-04-27,9.540,9.750,9.430,9.470,825300.000,9.462
2022-04-26,10.010,10.010,9.620,9.630,1008300.000,9.622
2022-04-25,9.760,10.090,9.760,10.080,852100.000,10.072
2022-04-22,10.150,10.299,9.910,9.950,768500.000,9.942
2022-04-21,10.620,10.795,10.120,10.170,992200.000,10.162
2022-04-20,11.010,11.011,10.560,10.580,505000.000,10.571
2022-04-19,10.770,11.065,10.670,11.020,277800.000,11.011
2022-04-18,10.730,10.847,10.600,10.760,366300.000,10.751
2022-04-14,11.200,11.230,10.840,10.850,401500.000,10.841
2022-04-13,11.010,11.250,10.890,11.210,363000.000,11.201
2022-04-12,11.180,11.370,10.880,10.920,455300.000,10.911
2022-04-11,11.040,11.195,10.920,11.040,597400.000,11.031
2022-04-08,11.460,11.460,11.230,11.270,536600.000,11.261
2022-04-07,11.560,11.700,11.210,11.470,356500.000,11.461
2022-04-06,11.800,11.820,11.420,11.570,515800.000,11.561
2022-04-05,12.400,12.420,12.005,12.050,521000.000,12.040
2022-04-04,12.070,12.470,12.050,12.440,382900.000,12.430
2022-04-01,12.030,12.060,11.810,11.950,290300.000,11.940
2022-03-31,12.250,12.270,11.940,11.960,326400.000,11.950
2022-03-30,12.480,12.610,12.190,12.260,792700.000,12.250
2022-03-29,12.370,12.600,12.230,12.560,900300.000,12.550
2022-03-28,11.910,12.180,11.860,12.170,362200.000,12.160
2022-03-25,12.180,12.200,11.790,11.950,409200.000,11.940
2022-03-24,11.970,12.190,11.780,12.190,459400.000,12.180
2022-03-23,11.940,12.200,11.782,11.940,384400.000,11.930
2022-03-22,11.810,12.167,11.740,12.060,563200.000,12.050
2022-03-21,11.860,11.890,11.510,11.720,486400.000,11.711
2022-03-18,11.500,11.940,11.480,11.930,564400.000,11.920
2022-03-17,11.160,11.578,11.106,11.560,667000.000,11.551
2022-03-16,10.930,11.330,10.860,11.320,618000.000,11.311
2022-03-15,10.320,10.640,10.250,10.610,702200.000,10.601
2022-03-14,10.580,10.700,10.270,10.290,729800.000,10.282
2022-03-11,11.100,11.105,10.650,10.660,589700.000,10.651
2022-03-10,11.020,11.037,10.800,11.020,477700.000,11.011
2022-03-09,11.040,11.250,10.970,11.190,649300.000,11.181
2022-03-08,10.650,11.040,10.510,10.700,721100.000,10.691
2022-03-07,11.000,11.220,10.660,10.660,1511000.000,10.651
2022-03-04,11.330,11.507,11.103,11.190,587900.000,11.181
2022-03-03,11.910,11.925,11.480,11.530,745500.000,11.521
2022-03-02,11.800,11.920,11.604,11.890,719300.000,11.880
2022-03-01,12.010,12.125,11.690,11.780,575800.000,11.770
2022-02-28,11.800,12.160,11.790,12.080,487000.000,12.070
2022-02-25,11.860,11.980,11.642,11.970,913400.000,11.960
2022-02-24,10.830,11.820,10.830,11.790,1649400.000,11.780
2022-02-23,11.760,11.820,11.350,11.370,1064400.000,11.361
2022-02-22,11.620,11.880,11.520,11.630,1176800.000,11.621
2022-02-18,12.140,12.150,11.740,11.830,904000.000,11.820
2022-02-17,12.430,12.430,12.060,12.100,1010300.000,12.090
2022-02-16,12.625,12.650,12.420,12.600,721400.000,12.590
2022-02-15,12.710,12.940,12.604,12.920,422000.000,12.910
2022-02-14,12.480,12.650,12.310,12.430,515500.000,12.420
2022-02-11,13.000,13.085,12.440,12.520,808100.000,12.510
2022-02-10,13.040,13.400,12.928,12.990,866300.000,12.979
2022-02-09,13.050,13.320,12.920,13.320,742200.000,13.309
2022-02-08,12.600,12.840,12.520,12.820,1533800.000,12.810
2022-02-07,12.860,12.980,12.670,12.720,895900.000,12.710
2022-02-04,12.500,12.920,12.310,12.800,797000.000,12.790
2022-02-03,12.480,12.610,12.180,12.200,1466700.000,12.190
2022-02-02,13.380,13.380,12.920,13.110,1061500.000,13.099
2022-02-01,13.200,13.200,12.800,13.130,1008700.000,13.119
2022-01-31,12.370,13.000,12.330,13.000,851200.000,12.989
2022-01-28,11.998,12.310,11.730,12.310,1572000.000,12.300
2022-01-27,12.430,12.450,11.930,11.950,1296600.000,11.940
2022-01-26,12.800,12.843,12.140,12.280,2167500.000,12.270
2022-01-25,12.480,12.695,12.290,12.430,1801800.000,12.420
2022-01-24,12.340,12.840,11.880,12.840,4176300.000,12.830
2022-01-21,13.130,13.250,12.750,12.770,2484000.000,12.760
2022-01-20,13.620,13.840,13.262,13.300,1868900.000,13.289
2022-01-19,13.650,13.760,13.400,13.410,1657100.000,13.399
2022-01-18,13.870,13.870,13.525,13.550,2239300.000,13.539
2022-01-14,13.850,14.027,13.750,13.970,1682500.000,13.959
2022-01-13,14.590,14.590,13.880,13.900,2161500.000,13.889
2022-01-12,14.660,14.720,14.380,14.530,1454000.000,14.518
2022-01-11,14.140,14.510,14.040,14.460,1712200.000,14.448
2022-01-10,13.850,14.130,13.571,14.130,2545000.000,14.119
2022-01-07,14.280,14.440,14.010,14.130,1947900.000,14.119
2022-01-06,14.190,14.435,13.940,14.280,2934400.000,14.268
2022-01-05,14.790,14.860,14.240,14.240,3229300.000,14.228
2022-01-04,15.300,15.300,14.690,14.910,3030700.000,14.898
2022-01-03,15.360,15.360,15.040,15.250,2271700.000,15.238
2021-12-31,15.400,15.410,15.170,15.180,1367300.000,15.168
2021-12-30,15.290,15.460,15.220,15.310,1481500.000,15.298
2021-12-29,15.390,15.410,15.100,15.250,1754700.000,15.238
2021-12-28,15.630,15.650,15.325,15.370,2091800.000,15.358
2021-12-27,15.430,15.620,15.410,15.600,2088900.000,15.587
2021-12-23,15.350,15.410,15.140,15.360,1889100.000,15.348
2021-12-22,15.160,15.310,15.095,15.240,2487000.000,15.228
2021-12-21,14.880,15.170,14.680,15.170,1606700.000,15.158
2021-12-20,14.530,14.735,14.500,14.650,1757600.000,14.638
2021-12-17,14.580,15.010,14.525,14.900,2285300.000,14.888
2021-12-16,15.450,15.460,14.680,14.790,2511100.000,14.778
2021-12-15,14.950,15.280,14.615,15.280,2356300.000,15.268
2021-12-14,15.020,15.170,14.850,15.060,2662900.000,15.048
2021-12-13,15.530,15.550,15.130,15.240,2178500.000,15.228
2021-12-10,15.770,15.830,15.390,15.520,1848300.000,15.507
2021-12-09,16.030,16.150,15.539,15.580,2600900.000,15.567
2021-12-08,15.840,16.110,15.675,16.040,2932900.000,16.027
2021-12-07,15.720,15.880,15.615,15.840,2558800.000,15.827
2021-12-06,15.125,15.290,14.670,15.260,2918800.000,15.248
2021-12-03,15.670,15.720,14.900,15.190,4098300.000,15.178
2021-12-02,15.415,15.760,15.320,15.600,2956300.000,15.587
2021-12-01,16.370,16.400,15.440,15.470,6198800.000,15.457
2021-11-30,16.330,16.530,15.900,16.100,4992400.000,16.087
2021-11-29,16.280,16.410,16.070,16.380,4274000.000,16.367
2021-11-26,16.180,16.270,15.865,16.010,4180000.000,15.997
2021-11-24,15.870,16.280,15.840,16.280,3151800.000,16.267
2021-11-23,16.220,16.370,15.830,16.100,4574600.000,16.087
2021-11-22,17.110,17.110,16.270,16.300,7956100.000,16.287
2021-11-19,16.880,17.060,16.875,16.900,5918500.000,16.886
2021-11-18,16.970,17.070,16.700,16.840,7976500.000,16.826
2021-11-17,16.810,16.870,16.650,16.730,6534300.000,16.716
2021-11-16,16.480,16.800,16.410,16.770,5542500.000,16.756
2021-11-15,16.630,16.636,16.390,16.530,7582900.000,16.517
2021-11-12,16.190,16.450,16.120,16.450,3764500.000,16.437
2021-11-11,16.140,16.220,16.000,16.090,2476100.000,16.077
2021-11-10,16.130,16.310,15.780,15.910,3672000.000,15.897
2021-11-09,16.458,16.550,16.160,16.390,5028800.000,16.377
2021-11-08,15.910,16.020,15.860,15.990,3610400.000,15.977
2021-11-05,15.940,16.000,15.700,15.750,2371100.000,15.737
2021-11-04,15.680,15.875,15.630,15.820,1772300.000,15.807
2021-11-03,15.500,15.600,15.395,15.600,1428300.000,15.587
2021-11-02,15.510,15.520,15.360,15.470,1446900.000,15.457
2021-11-01,15.470,15.500,15.370,15.500,2482300.000,15.487
2021-10-29,15.180,15.320,15.160,15.320,1734100.000,15.308
2021-10-28,15.000,15.250,14.920,15.220,2215900.000,15.208
2021-10-27,15.060,15.140,14.900,14.930,338900.000,14.918
2021-10-26,15.220,15.240,14.980,15.040,663600.000,15.028
2021-10-25,15.030,15.070,14.830,15.040,410600.000,15.028
2021-10-22,15.120,15.160,14.880,14.940,274400.000,14.928
2021-10-21,15.070,15.320,15.060,15.310,277500.000,15.298
2021-10-20,15.170,15.220,15.030,15.120,210700.000,15.108
2021-10-19,15.000,15.160,14.970,15.160,211600.000,15.148
2021-10-18,14.730,14.924,14.730,14.920,145300.000,14.908
2021-10-15,14.750,14.780,14.680,14.780,177900.000,14.768
2021-10-14,14.600,14.650,14.532,14.640,103700.000,14.628
2021-10-13,14.310,14.440,14.300,14.440,257200.000,14.428
2021-10-12,14.240,14.270,14.170,14.230,80100.000,14.218
2021-10-11,14.220,14.405,14.210,14.230,74400.000,14.218
2021-10-08,14.450,14.450,14.280,14.310,118600.000,14.298
2021-10-07,14.300,14.475,14.270,14.390,154500.000,14.378
2021-10-06,13.890,14.115,13.810,14.100,80800.000,14.089
2021-10-05,13.950,14.100,13.885,14.040,76300.000,14.029
2021-10-04,14.150,14.150,13.750,13.900,211900.000,13.889
2021-10-01,14.240,14.250,14.000,14.250,120000.000,14.238
2021-09-30,14.230,14.260,14.110,14.160,124500.000,14.149
2021-09-29,14.350,14.360,14.110,14.160,383300.000,14.149
2021-09-28,14.580,14.580,14.250,14.270,335000.000,14.258
2021-09-27,14.860,14.860,14.670,14.800,94500.000,14.788
2021-09-24,14.800,14.920,14.770,14.910,143900.000,14.898
2021-09-23,14.810,14.930,14.790,14.930,133200.000,14.918
2021-09-22,14.580,14.750,14.510,14.730,118400.000,14.718
2021-09-21,14.520,14.620,14.430,14.560,140400.000,14.548
2021-09-20,14.570,14.630,14.260,14.430,349600.000,14.418
2021-09-17,15.020,15.020,14.855,14.930,98600.000,14.918
2021-09-16,14.950,15.048,14.880,15.030,124700.000,15.018
2021-09-15,14.970,15.010,14.820,15.010,165900.000,14.998
2021-09-14,15.070,15.085,14.930,14.990,122800.000,14.978
2021-09-13,15.180,15.180,14.911,15.030,351700.000,15.018
2021-09-10,15.210,15.270,15.090,15.120,158100.000,15.108
2021-09-09,15.140,15.230,15.100,15.180,217700.000,15.168
2021-09-08,15.370,15.373,15.070,15.210,374500.000,15.198
2021-09-07,15.430,15.460,15.322,15.410,289300.000,15.398
2021-09-03,15.230,15.360,15.230,15.350,283400.000,15.338
2021-09-02,15.310,15.350,15.170,15.230,301700.000,15.218
2021-09-01,15.220,15.320,15.160,15.240,1841900.000,15.228
2021-08-31,15.060,15.130,15.032,15.110,155300.000,15.098
2021-08-30,15.000,15.080,14.950,15.030,221500.000,15.018
2021-08-27,14.870,14.990,14.810,14.960,123000.000,14.948
2021-08-26,15.000,15.010,14.753,14.810,173900.000,14.798
2021-08-25,14.980,15.050,14.900,15.020,171500.000,15.008
2021-08-24,14.880,14.940,14.820,14.910,191000.000,14.898
2021-08-23,14.600,14.760,14.560,14.750,161900.000,14.738
2021-08-20,14.300,14.470,14.150,14.450,100000.000,14.438
2021-08-19,14.140,14.360,14.050,14.230,110200.000,14.218
2021-08-18,14.380,14.440,14.260,14.270,222500.000,14.258
2021-08-17,14.400,14.402,14.205,14.310,199600.000,14.298
2021-08-16,14.750,14.760,14.420,14.550,194200.000,14.538
2021-08-13,14.770,14.820,14.661,14.740,93600.000,14.728
2021-08-12,14.710,14.750,14.601,14.750,153500.000,14.738
2021-08-11,14.800,14.810,14.590,14.700,260900.000,14.688
2021-08-10,14.890,14.970,14.617,14.670,131600.000,14.658
2021-08-09,14.710,14.830,14.630,14.811,115200.000,14.799
2021-08-06,14.700,14.730,14.579,14.650,143700.000,14.638
2021-08-05,14.650,14.750,14.560,14.730,220200.000,14.718
2021-08-04,14.610,14.720,14.590,14.720,98600.000,14.708
2021-08-03,14.600,14.620,14.400,14.570,119300.000,14.558
2021-08-02,14.720,14.723,14.550,14.640,87700.000,14.628
2021-07-30,14.560,14.680,14.520,14.620,67300.000,14.608
2021-07-29,14.750,14.790,14.680,14.717,92800.000,14.705
2021-07-28,14.500,14.670,14.380,14.623,67000.000,14.611
2021-07-27,14.560,14.580,14.140,14.360,130900.000,14.348
2021-07-26,14.730,14.730,14.600,14.630,114100.000,14.618
2021-07-23,14.850,14.860,14.710,14.800,164000.000,14.788
2021-07-22,14.750,14.780,14.640,14.709,86300.000,14.697
2021-07-21,14.490,14.680,14.485,14.670,75700.000,14.658
2021-07-20,14.410,14.500,14.240,14.460,79800.000,14.448
2021-07-19,14.130,14.340,14.031,14.310,106000.000,14.298
2021-07-16,14.580,14.630,14.330,14.380,97900.000,14.368
2021-07-15,14.780,14.810,14.410,14.540,167100.000,14.528
2021-07-14,15.080,15.090,14.720,14.760,186900.000,14.748
2021-07-13,14.970,15.040,14.860,14.900,249100.000,14.888
2021-07-12,15.000,15.030,14.860,14.940,242900.000,14.928
2021-07-09,14.830,14.940,14.740,14.900,176100.000,14.888
2021-07-08,14.580,14.800,14.490,14.740,201800.000,14.728
2021-07-07,15.060,15.150,14.840,14.890,358500.000,14.878
2021-07-06,15.080,15.090,14.870,15.010,654000.000,14.998
2021-07-02,15.020,15.100,14.930,15.000,367200.000,14.988
2021-07-01,15.130,15.130,14.840,14.890,228800.000,14.878
