Date,Performance,Return,UGL:0.700:x1.0,VXZ:0.300:x-1.0,2022-06-16,2022-07-01,SM
2022-06-17,0.8305052986,146.1812500778,UGL:0.300:x1.0,VXZ:0.700:x-1.0
2022-06-16,-1.4005857003,144.9772066944,UGL:0.300:x1.0,VXZ:0.700:x-1.0
2022-06-15,2.8401523011,147.0365800083,UGL:0.700:x1.0,VXZ:0.300:x-1.0
2022-06-14,-0.7777618344,142.9758481665,UGL:0.700:x1.0,VXZ:0.300:x-1.0
2022-06-13,-5.6770121168,144.0965763421,UGL:0.700:x1.0,VXZ:0.300:x-1.0
2022-06-10,1.0551752377,152.7693084962,UGL:0.700:x1.0,VXZ:0.300:x-1.0
2022-06-09,-0.7577571232,151.1741562338,UGL:0.700:x1.0,VXZ:0.300:x-1.0
2022-06-08,-0.3320309216,152.3284358068,UGL:0.700:x1.0,VXZ:0.300:x-1.0
2022-06-07,1.1726008574,152.8358982483,UGL:0.700:x1.0,VXZ:0.300:x-1.0
2022-06-06,-0.4925218296,151.0645144566,UGL:0.700:x1.0,VXZ:0.300:x-1.0
2022-06-03,-1.9636203956,151.8122227938,UGL:0.700:x1.0,VXZ:0.300:x-1.0
2022-06-02,2.1948514253,154.8529468412,UGL:0.700:x1.0,VXZ:0.300:x-1.0
2022-06-01,0.9764418793,151.5271510076,UGL:0.700:x1.0,VXZ:0.300:x-1.0
2022-05-31,-1.3424658786,150.0618839280,UGL:0.700:x1.0,VXZ:0.300:x-1.0
2022-05-27,0.5761958394,152.1038258907,UGL:0.700:x1.0,VXZ:0.300:x-1.0
2022-05-26,-0.1542247855,151.2324309159,UGL:0.700:x1.0,VXZ:0.300:x-1.0
2022-05-25,-0.4645604513,151.4660290744,UGL:0.700:x1.0,VXZ:0.300:x-1.0
2022-05-24,0.8528556920,152.1729644849,UGL:0.700:x1.0,VXZ:0.300:x-1.0
2022-05-23,0.7236103608,150.8861235914,UGL:0.700:x1.0,VXZ:0.300:x-1.0
2022-05-20,-0.0744965488,149.8021397871,UGL:0.700:x1.0,VXZ:0.300:x-1.0
2022-05-19,3.0869013951,149.9138204094,UGL:0.700:x1.0,VXZ:0.300:x-1.0
2022-05-18,-1.4336627953,145.4247032170,UGL:0.700:x1.0,VXZ:0.300:x-1.0
2022-05-17,-0.6132127807,147.5399282769,UGL:0.700:x1.0,VXZ:0.300:x-1.0
2022-05-16,1.4117254288,148.4502441469,UGL:0.700:x1.0,VXZ:0.300:x-1.0
2022-05-13,1.5912922890,146.3837081158,UBT:0.300:x1.0,VXZ:0.700:x-1.0
2022-05-12,-0.0457120729,144.0908022898,UBT:0.300:x1.0,VXZ:0.700:x-1.0
2022-05-11,1.5576940305,144.1566993053,UBT:0.300:x1.0,VXZ:0.700:x-1.0
2022-05-10,1.2116126318,141.9456208430,UBT:0.300:x1.0,VXZ:0.700:x-1.0
2022-05-09,-2.2814278980,140.2463780114,UBT:0.300:x1.0,VXZ:0.700:x-1.0
2022-05-06,-0.8383351944,143.5206992843,UBT:0.300:x1.0,VXZ:0.700:x-1.0
2022-05-05,-6.3807384292,144.7340558125,UBT:0.300:x1.0,VXZ:0.700:x-1.0
2022-05-04,2.9338686345,154.5985872823,UBT:0.300:x1.0,VXZ:0.700:x-1.0
2022-05-03,1.7762498973,150.1921469902,UBT:0.300:x1.0,VXZ:0.700:x-1.0
2022-05-02,-0.8010397688,147.5709186984,UBT:0.300:x1.0,VXZ:0.700:x-1.0
2022-04-29,-2.0430804939,148.7625660133,UBT:0.700:x1.0,VXZ:0.300:x-1.0
2022-04-28,-0.2486048925,151.8652962581,UBT:0.700:x1.0,VXZ:0.300:x-1.0
2022-04-27,-1.7546328261,152.2437817481,UBT:0.700:x1.0,VXZ:0.300:x-1.0
2022-04-26,0.2165082522,154.9628100820,UBT:0.700:x1.0,VXZ:0.300:x-1.0
2022-04-25,1.6588112482,154.6280276419,UBT:0.700:x1.0,VXZ:0.300:x-1.0
2022-04-22,-1.7573594535,152.1048945422,UBT:0.700:x1.0,VXZ:0.300:x-1.0
2022-04-21,-1.9886674950,154.8257393084,UBT:0.700:x1.0,VXZ:0.300:x-1.0
2022-04-20,3.1240677324,157.9671812956,UBT:0.700:x1.0,VXZ:0.300:x-1.0
2022-04-19,-0.3705281720,153.1816818024,UBT:0.700:x1.0,VXZ:0.300:x-1.0
2022-04-18,-0.6985741645,153.7513739578,UBT:0.700:x1.0,VXZ:0.300:x-1.0
2022-04-14,-0.9053588365,154.8329972749,UGL:0.700:x1.0,VXZ:0.300:x-1.0
2022-04-13,1.2789838626,156.2475987166,UGL:0.700:x1.0,VXZ:0.300:x-1.0
2022-04-12,0.8305884626,154.2744533541,UGL:0.700:x1.0,VXZ:0.300:x-1.0
2022-04-11,0.0656357269,153.0036229147,UGL:0.700:x1.0,VXZ:0.300:x-1.0
2022-04-08,0.8472084452,152.9032637461,UGL:0.700:x1.0,VXZ:0.300:x-1.0
2022-04-07,0.6349821069,151.6187370017,UGL:0.700:x1.0,VXZ:0.300:x-1.0
2022-04-06,0.1209837392,150.6620598796,UGL:0.700:x1.0,VXZ:0.300:x-1.0
2022-04-05,-1.8874800006,150.4800035446,UGL:0.700:x1.0,VXZ:0.300:x-1.0
2022-04-04,1.1581181563,153.3749245719,UGL:0.700:x1.0,VXZ:0.300:x-1.0
2022-04-01,-0.9413395279,151.6189974342,UGL:0.700:x1.0,VXZ:0.300:x-1.0
2022-03-31,-0.3016399766,153.0598099264,UGL:0.700:x1.0,VXZ:0.300:x-1.0
2022-03-30,0.9158321529,153.5228963550,UGL:0.700:x1.0,VXZ:0.300:x-1.0
2022-03-29,0.4216834739,152.1296441597,UGL:0.700:x1.0,VXZ:0.300:x-1.0
2022-03-28,-2.4544215425,151.4908323552,UGL:0.700:x1.0,VXZ:0.300:x-1.0
2022-03-25,-0.2791204926,155.3026131483,UGL:0.700:x1.0,VXZ:0.300:x-1.0
2022-03-24,1.1620513453,155.7373078893,UGL:0.700:x1.0,VXZ:0.300:x-1.0
2022-03-23,1.8353749669,153.9483490284,UGL:0.700:x1.0,VXZ:0.300:x-1.0
2022-03-22,-0.6438948214,151.1737439749,UGL:0.700:x1.0,VXZ:0.300:x-1.0
2022-03-21,1.0973365464,152.1534521741,UGL:0.700:x1.0,VXZ:0.300:x-1.0
2022-03-18,-0.5343809591,150.5019393902,UGL:0.700:x1.0,VXZ:0.300:x-1.0
2022-03-17,1.0112408014,151.3105139659,UGL:0.700:x1.0,VXZ:0.300:x-1.0
2022-03-16,1.6373912947,149.7957185413,UGL:0.700:x1.0,VXZ:0.300:x-1.0
2022-03-15,-1.9611150084,147.3824904724,UGL:0.700:x1.0,VXZ:0.300:x-1.0
2022-03-14,-2.9515292197,150.3306473599,UGL:0.700:x1.0,VXZ:0.300:x-1.0
2022-03-11,-1.2165271422,154.9026441645,UGL:0.700:x1.0,VXZ:0.300:x-1.0
2022-03-10,0.6504660523,156.8102838290,UGL:0.700:x1.0,VXZ:0.300:x-1.0
2022-03-09,-4.1988794598,155.7968780270,UGL:0.700:x1.0,VXZ:0.300:x-1.0
2022-03-08,4.3042360829,162.6253191491,UGL:0.700:x1.0,VXZ:0.300:x-1.0
2022-03-07,0.5490377279,155.9143954804,UGL:0.700:x1.0,VXZ:0.300:x-1.0
2022-03-04,1.9626859255,155.0630408839,UGL:0.700:x1.0,VXZ:0.300:x-1.0
2022-03-03,0.6003650860,152.0782230052,UGL:0.700:x1.0,VXZ:0.300:x-1.0
2022-03-02,-0.8575752512,151.1706472190,UGL:0.700:x1.0,VXZ:0.300:x-1.0
2022-03-01,1.4958853748,152.4782630666,UGL:0.700:x1.0,VXZ:0.300:x-1.0
2022-02-28,0.5459976938,150.2309798112,UGL:0.700:x1.0,VXZ:0.300:x-1.0
2022-02-25,-0.1947593307,149.4151763938,UGL:0.700:x1.0,VXZ:0.300:x-1.0
2022-02-24,-0.2913898204,149.7067442470,UGL:0.700:x1.0,VXZ:0.300:x-1.0
2022-02-23,-0.1491115970,150.1442493053,UGL:0.700:x1.0,VXZ:0.300:x-1.0
2022-02-22,0.3388575824,150.3684661265,UGL:0.700:x1.0,VXZ:0.300:x-1.0
2022-02-18,-0.5419195755,149.8606519443,UGL:0.700:x1.0,VXZ:0.300:x-1.0
2022-02-17,1.0405241234,150.6772011933,UGL:0.700:x1.0,VXZ:0.300:x-1.0
2022-02-16,1.9129819605,149.1255142435,UGL:0.700:x1.0,VXZ:0.300:x-1.0
2022-02-15,-0.5353050456,146.3263181734,UGL:0.700:x1.0,VXZ:0.300:x-1.0
2022-02-14,0.8739280477,147.1138259062,UGL:0.700:x1.0,VXZ:0.300:x-1.0
2022-02-11,1.8045664795,145.8392953991,UGL:0.700:x1.0,VXZ:0.300:x-1.0
2022-02-10,-1.4545035782,143.2541785131,UGL:0.700:x1.0,VXZ:0.300:x-1.0
2022-02-09,0.9643572511,145.3685695589,UGL:0.700:x1.0,VXZ:0.300:x-1.0
2022-02-08,1.0077606444,143.9800871484,UGL:0.700:x1.0,VXZ:0.300:x-1.0
2022-02-07,1.4441470747,142.5435889578,UGL:0.700:x1.0,VXZ:0.300:x-1.0
2022-02-04,0.3488146941,140.5143550104,UGL:0.700:x1.0,VXZ:0.300:x-1.0
2022-02-03,-1.5660007007,140.0259240119,UGL:0.700:x1.0,VXZ:0.300:x-1.0
2022-02-02,0.3104321351,142.2536166453,UGL:0.700:x1.0,VXZ:0.300:x-1.0
2022-02-01,0.9369631779,141.8133823346,UGL:0.700:x1.0,VXZ:0.300:x-1.0
2022-01-31,2.4731449735,140.4969773904,UGL:0.300:x1.0,VXZ:0.700:x-1.0
2022-01-28,1.9687491956,137.1061436893,UGL:0.300:x1.0,VXZ:0.700:x-1.0
2022-01-27,-1.1798028525,134.4589835326,UGL:0.300:x1.0,VXZ:0.700:x-1.0
2022-01-26,-1.3009419749,136.0642737151,UGL:0.300:x1.0,VXZ:0.700:x-1.0
2022-01-25,-0.7555369489,137.8577226952,UGL:0.300:x1.0,VXZ:0.700:x-1.0
2022-01-24,1.0532245660,138.9072180523,UGL:0.300:x1.0,VXZ:0.700:x-1.0
2022-01-21,-2.6154044119,137.4594612383,UGL:0.300:x1.0,VXZ:0.700:x-1.0
2022-01-20,-0.7031578318,141.1511342304,UGL:0.300:x1.0,VXZ:0.700:x-1.0
2022-01-19,0.8962823712,142.1506778548,UGL:0.300:x1.0,VXZ:0.700:x-1.0
2022-01-18,-1.7288818112,140.8879242268,UGL:0.300:x1.0,VXZ:0.700:x-1.0
2022-01-14,-1.7422880744,143.3665626518,UBT:0.700:x1.0,VXZ:0.300:x-1.0
2022-01-13,0.5520944997,145.9087127535,UBT:0.700:x1.0,VXZ:0.300:x-1.0
2022-01-12,-0.5354421215,145.1075817759,UBT:0.700:x1.0,VXZ:0.300:x-1.0
2022-01-11,1.3860687856,145.8887314949,UBT:0.700:x1.0,VXZ:0.300:x-1.0
2022-01-10,0.7542231271,143.8942580991,UBT:0.700:x1.0,VXZ:0.300:x-1.0
2022-01-07,-0.4668351495,142.8170985127,UBT:0.700:x1.0,VXZ:0.300:x-1.0
2022-01-06,0.3746608686,143.4869460116,UBT:0.700:x1.0,VXZ:0.300:x-1.0
2022-01-05,-1.4535073447,142.9513631926,UBT:0.700:x1.0,VXZ:0.300:x-1.0
2022-01-04,-0.7429002959,145.0598183058,UBT:0.700:x1.0,VXZ:0.300:x-1.0
2022-01-03,-2.7630949957,146.1455339096,UBT:0.700:x1.0,VXZ:0.300:x-1.0
2021-12-31,0.5580691454,150.2984220890,UGL:0.300:x1.0,VXZ:0.700:x-1.0
2021-12-30,0.0035408186,149.4643079031,UGL:0.300:x1.0,VXZ:0.700:x-1.0
2021-12-29,0.9733137492,149.4590158305,UGL:0.300:x1.0,VXZ:0.700:x-1.0
2021-12-28,0.0950130083,148.0183330437,UGL:0.300:x1.0,VXZ:0.700:x-1.0
2021-12-27,0.9565884820,147.8778298690,UGL:0.300:x1.0,VXZ:0.700:x-1.0
2021-12-23,-0.0341860249,146.4766510957,UGL:0.300:x1.0,VXZ:0.700:x-1.0
2021-12-22,1.6572522646,146.5267427645,UGL:0.300:x1.0,VXZ:0.700:x-1.0
2021-12-21,1.1752485435,144.1380122917,UGL:0.300:x1.0,VXZ:0.700:x-1.0
2021-12-20,-0.4226197593,142.4637096194,UGL:0.300:x1.0,VXZ:0.700:x-1.0
2021-12-17,-1.6071165612,143.0683447134,UGL:0.300:x1.0,VXZ:0.700:x-1.0
2021-12-16,-1.0330474491,145.4051753675,UGL:0.300:x1.0,VXZ:0.700:x-1.0
2021-12-15,2.4319352392,146.9229592502,UGL:0.300:x1.0,VXZ:0.700:x-1.0
2021-12-14,-0.9828679472,143.4347197551,UGL:0.300:x1.0,VXZ:0.700:x-1.0
2021-12-13,-1.6157043675,144.8584873966,UGL:0.300:x1.0,VXZ:0.700:x-1.0
2021-12-10,1.2682721062,147.2374086385,UGL:0.300:x1.0,VXZ:0.700:x-1.0
2021-12-09,-0.6631835781,145.3934243928,UGL:0.300:x1.0,VXZ:0.700:x-1.0
2021-12-08,0.6185562547,146.3640869819,UGL:0.300:x1.0,VXZ:0.700:x-1.0
2021-12-07,3.1464890361,145.4643084039,UGL:0.300:x1.0,VXZ:0.700:x-1.0
2021-12-06,2.6546163275,141.0269120774,UGL:0.300:x1.0,VXZ:0.700:x-1.0
2021-12-03,-2.1875759497,137.3800001623,UGL:0.300:x1.0,VXZ:0.700:x-1.0
2021-12-02,1.1685702706,140.4525053910,UGL:0.300:x1.0,VXZ:0.700:x-1.0
2021-12-01,-1.0886577714,138.8301772135,UGL:0.300:x1.0,VXZ:0.700:x-1.0
2021-11-30,0.4575842456,140.3581976399,UBT:0.700:x1.0,VXZ:0.300:x-1.0
2021-11-29,0.6431869977,139.7188661204,UBT:0.700:x1.0,VXZ:0.300:x-1.0
2021-11-26,1.2639162729,138.8259556243,UBT:0.700:x1.0,VXZ:0.300:x-1.0
2021-11-24,2.2499259998,137.0932122062,UBT:0.700:x1.0,VXZ:0.300:x-1.0
2021-11-23,-1.7795714228,134.0765881888,UBT:0.700:x1.0,VXZ:0.300:x-1.0
2021-11-22,-1.8600029530,136.5058065119,UBT:0.700:x1.0,VXZ:0.300:x-1.0
2021-11-19,1.6528923944,139.0929392901,UBT:0.700:x1.0,VXZ:0.300:x-1.0
2021-11-18,0.3669767726,136.8312657062,UBT:0.700:x1.0,VXZ:0.300:x-1.0
2021-11-17,0.5749126780,136.3309627391,UBT:0.700:x1.0,VXZ:0.300:x-1.0
2021-11-16,-0.3423791063,135.5516590659,UBT:0.700:x1.0,VXZ:0.300:x-1.0
2021-11-15,-0.3875844362,136.0173540672,UGL:0.700:x1.0,VXZ:0.300:x-1.0
2021-11-12,0.4563124974,136.5465873880,UGL:0.700:x1.0,VXZ:0.300:x-1.0
2021-11-11,1.0798523039,135.9263385181,UGL:0.700:x1.0,VXZ:0.300:x-1.0
2021-11-10,1.5915615750,134.4742156028,UGL:0.700:x1.0,VXZ:0.300:x-1.0
2021-11-09,0.3655069919,132.3675052514,UGL:0.700:x1.0,VXZ:0.300:x-1.0
2021-11-08,0.3627936759,131.8854546933,UGL:0.700:x1.0,VXZ:0.300:x-1.0
2021-11-05,1.5551273318,131.4087121959,UGL:0.700:x1.0,VXZ:0.300:x-1.0
2021-11-04,1.3063445082,129.3964329014,UGL:0.700:x1.0,VXZ:0.300:x-1.0
2021-11-03,-0.8162760592,127.7278669263,UGL:0.700:x1.0,VXZ:0.300:x-1.0
2021-11-02,0.0333420040,128.7790595587,UGL:0.700:x1.0,VXZ:0.300:x-1.0
2021-11-01,0.9241715900,128.7361363510,UGL:0.700:x1.0,VXZ:0.300:x-1.0
2021-10-29,-1.2849844422,127.5572881331,UGL:0.300:x1.0,VXZ:0.700:x-1.0
2021-10-28,0.9982456338,129.2177156761,UGL:0.300:x1.0,VXZ:0.700:x-1.0
2021-10-27,-0.8125502462,127.9405546752,UGL:0.300:x1.0,VXZ:0.700:x-1.0
2021-10-26,-0.8434152466,128.9886522869,UGL:0.300:x1.0,VXZ:0.700:x-1.0
2021-10-25,1.5465118461,130.0858158918,UGL:0.300:x1.0,VXZ:0.700:x-1.0
2021-10-22,-0.1907858601,128.1046621168,UGL:0.300:x1.0,VXZ:0.700:x-1.0
2021-10-21,0.6343470866,128.3495348808,UGL:0.300:x1.0,VXZ:0.700:x-1.0
2021-10-20,1.0089722570,127.5404855267,UGL:0.300:x1.0,VXZ:0.700:x-1.0
2021-10-19,0.5612730640,126.2664916559,UGL:0.300:x1.0,VXZ:0.700:x-1.0
2021-10-18,-0.6898939546,125.5617473891,UGL:0.300:x1.0,VXZ:0.700:x-1.0
2021-10-15,-1.0660431139,126.4340079666,UBT:0.300:x1.0,VXZ:0.700:x-1.0
2021-10-14,1.6199059046,127.7963723943,UBT:0.300:x1.0,VXZ:0.700:x-1.0
2021-10-13,0.8706379234,125.7591918204,UBT:0.300:x1.0,VXZ:0.700:x-1.0
2021-10-12,2.0188593558,124.6737350029,UBT:0.300:x1.0,VXZ:0.700:x-1.0
2021-10-11,-0.4279992166,122.2065565035,UBT:0.300:x1.0,VXZ:0.700:x-1.0
2021-10-08,-0.5453184386,122.7318478508,UBT:0.300:x1.0,VXZ:0.700:x-1.0
2021-10-07,0.2600588187,123.4047969628,UBT:0.300:x1.0,VXZ:0.700:x-1.0
2021-10-06,0.6675834296,123.0847043347,UBT:0.300:x1.0,VXZ:0.700:x-1.0
2021-10-05,0.5223166727,122.2684603537,UBT:0.300:x1.0,VXZ:0.700:x-1.0
2021-10-04,-1.2783963404,121.6331501310,UBT:0.300:x1.0,VXZ:0.700:x-1.0
2021-10-01,1.2402584604,123.2082397592,UBT:0.300:x1.0,VXZ:0.700:x-1.0
2021-09-30,0.7388956257,121.6988593597,UGL:0.300:x1.0,VXZ:0.700:x-1.0
2021-09-29,-0.7878758508,120.8062274297,UGL:0.300:x1.0,VXZ:0.700:x-1.0
2021-09-28,-2.9253484834,121.7655891008,UGL:0.300:x1.0,VXZ:0.700:x-1.0
2021-09-27,-0.1120802703,125.4349999701,UGL:0.300:x1.0,VXZ:0.700:x-1.0
2021-09-24,0.3739376627,125.5757456052,UGL:0.300:x1.0,VXZ:0.700:x-1.0
2021-09-23,0.7851290765,125.1079199735,UGL:0.300:x1.0,VXZ:0.700:x-1.0
2021-09-22,1.3584598713,124.1333132376,UGL:0.300:x1.0,VXZ:0.700:x-1.0
2021-09-21,1.8013864143,122.4696126946,UGL:0.300:x1.0,VXZ:0.700:x-1.0
2021-09-20,-2.2612567134,120.3024998070,UGL:0.300:x1.0,VXZ:0.700:x-1.0
2021-09-17,-1.3481704139,123.0857853925,UGL:0.300:x1.0,VXZ:0.700:x-1.0
2021-09-16,-1.1574751118,124.7678688869,UGL:0.300:x1.0,VXZ:0.700:x-1.0
2021-09-15,-0.1148357930,126.2289374215,UBT:0.700:x1.0,VXZ:0.300:x-1.0
2021-09-14,1.4474193241,126.3740600756,UBT:0.700:x1.0,VXZ:0.300:x-1.0
2021-09-13,1.0729419238,124.5709954157,UBT:0.700:x1.0,VXZ:0.300:x-1.0
2021-09-10,-1.5233072621,123.2486094149,UBT:0.700:x1.0,VXZ:0.300:x-1.0
2021-09-09,1.3224861393,125.1551062371,UBT:0.700:x1.0,VXZ:0.300:x-1.0
2021-09-08,0.7547095279,123.5215508480,UBT:0.700:x1.0,VXZ:0.300:x-1.0
2021-09-07,-1.4252223794,122.5963048544,UBT:0.700:x1.0,VXZ:0.300:x-1.0
2021-09-03,-1.4459635844,124.3688373574,UBT:0.700:x1.0,VXZ:0.300:x-1.0
2021-09-02,0.5796128844,126.1935501382,UBT:0.700:x1.0,VXZ:0.300:x-1.0
2021-09-01,0.4054230848,125.4663311175,UBT:0.700:x1.0,VXZ:0.300:x-1.0
2021-08-31,-0.6349784530,124.9597155838,UBT:0.300:x1.0,VXZ:0.700:x-1.0
2021-08-30,0.3104070261,125.7582533957,UBT:0.300:x1.0,VXZ:0.700:x-1.0
2021-08-27,1.9674734479,125.3690989041,UBT:0.300:x1.0,VXZ:0.700:x-1.0
2021-08-26,-0.8771246193,122.9500885576,UBT:0.300:x1.0,VXZ:0.700:x-1.0
2021-08-25,0.1231531279,124.0380568919,UBT:0.300:x1.0,VXZ:0.700:x-1.0
2021-08-24,-0.5310910284,123.8854880384,UBT:0.300:x1.0,VXZ:0.700:x-1.0
2021-08-23,0.6187368924,124.5469456931,UBT:0.300:x1.0,VXZ:0.700:x-1.0
2021-08-20,1.2727293860,123.7810665685,UBT:0.300:x1.0,VXZ:0.700:x-1.0
2021-08-19,0.4959699693,122.2254671311,UBT:0.300:x1.0,VXZ:0.700:x-1.0
2021-08-18,-2.1299579913,121.6222572591,UBT:0.300:x1.0,VXZ:0.700:x-1.0
2021-08-17,-0.9644736223,124.2691376881,UBT:0.300:x1.0,VXZ:0.700:x-1.0
2021-08-16,0.4372299690,125.4793529486,UBT:0.300:x1.0,VXZ:0.700:x-1.0
2021-08-13,0.1315555845,124.9331079594,UBT:0.300:x1.0,VXZ:0.700:x-1.0
2021-08-12,0.5324526555,124.7689674150,UBT:0.300:x1.0,VXZ:0.700:x-1.0
2021-08-11,1.0644086131,124.1081502732,UBT:0.300:x1.0,VXZ:0.700:x-1.0
2021-08-10,0.0002462715,122.8010453693,UBT:0.300:x1.0,VXZ:0.700:x-1.0
2021-08-09,-0.2217293624,122.8007429461,UBT:0.300:x1.0,VXZ:0.700:x-1.0
2021-08-06,-0.5002234572,123.0736333287,UBT:0.300:x1.0,VXZ:0.700:x-1.0
2021-08-05,0.4000007629,123.6923715861,UBT:0.300:x1.0,VXZ:0.700:x-1.0
2021-08-04,0.2181701888,123.1995723568,UBT:0.300:x1.0,VXZ:0.700:x-1.0
2021-08-03,1.1536261252,122.9313727489,UBT:0.300:x1.0,VXZ:0.700:x-1.0
2021-08-02,-0.5254839406,121.5293780934,UBT:0.300:x1.0,VXZ:0.700:x-1.0
2021-07-30,0.2034125539,122.1713690175,UBT:0.700:x1.0,VXZ:0.300:x-1.0
2021-07-29,-0.5216140453,121.9233615939,UBT:0.700:x1.0,VXZ:0.300:x-1.0
2021-07-28,0.2657541478,122.5626656724,UBT:0.700:x1.0,VXZ:0.300:x-1.0
2021-07-27,1.0954151692,122.2378136125,UBT:0.700:x1.0,VXZ:0.300:x-1.0
2021-07-26,-0.8374715103,120.9133108637,UBT:0.700:x1.0,VXZ:0.300:x-1.0
2021-07-23,-0.8959310915,121.9344773730,UBT:0.700:x1.0,VXZ:0.300:x-1.0
2021-07-22,1.7935217937,123.0368023391,UBT:0.700:x1.0,VXZ:0.300:x-1.0
2021-07-21,-1.0133277292,120.8689906500,UBT:0.700:x1.0,VXZ:0.300:x-1.0
2021-07-20,-1.0120832359,122.1063279300,UBT:0.700:x1.0,VXZ:0.300:x-1.0
2021-07-19,1.8997399833,123.3547809891,UBT:0.700:x1.0,VXZ:0.300:x-1.0
2021-07-16,-0.5954155093,121.0550498062,UBT:0.700:x1.0,VXZ:0.300:x-1.0
2021-07-15,0.8507818905,121.7801476928,UBT:0.300:x1.0,VXZ:0.700:x-1.0
2021-07-14,0.9989482146,120.7528046981,UBT:0.300:x1.0,VXZ:0.700:x-1.0
2021-07-13,-1.1910028496,119.5584774225,UBT:0.300:x1.0,VXZ:0.700:x-1.0
2021-07-12,-0.7045001478,120.9995859390,UBT:0.300:x1.0,VXZ:0.700:x-1.0
2021-07-09,0.3643421385,121.8580762665,UBT:0.300:x1.0,VXZ:0.700:x-1.0
2021-07-08,-1.1720626418,121.4157076806,UBT:0.300:x1.0,VXZ:0.700:x-1.0
2021-07-07,0.1840357312,122.8556528915,UBT:0.300:x1.0,VXZ:0.700:x-1.0
2021-07-06,0.5344195073,122.6299699296,UBT:0.300:x1.0,VXZ:0.700:x-1.0
2021-07-02,0.3661260891,121.9780951943,UBT:0.300:x1.0,VXZ:0.700:x-1.0
2021-07-01,0.4315432474,121.5331306959,UBT:0.300:x1.0,VXZ:0.700:x-1.0
2021-06-30,0.5875213182,121.0109162582,UGL:0.700:x1.0,VXZ:0.300:x-1.0
2021-06-29,-1.7735472192,120.3041040005,UGL:0.700:x1.0,VXZ:0.300:x-1.0
2021-06-28,0.1719853685,122.4762786344,UGL:0.700:x1.0,VXZ:0.300:x-1.0
2021-06-25,0.3331606706,122.2659990055,UGL:0.700:x1.0,VXZ:0.300:x-1.0
2021-06-24,0.2973747152,121.8600093810,UGL:0.700:x1.0,VXZ:0.300:x-1.0
2021-06-23,0.1784218130,121.4987029590,UGL:0.700:x1.0,VXZ:0.300:x-1.0
2021-06-22,-0.1369048041,121.2823088647,UGL:0.700:x1.0,VXZ:0.300:x-1.0
2021-06-21,2.3199622800,121.4485778021,UGL:0.700:x1.0,VXZ:0.300:x-1.0
2021-06-18,-1.8802046903,118.6949008736,UGL:0.700:x1.0,VXZ:0.300:x-1.0
2021-06-17,-4.0355923875,120.9693726928,UGL:0.700:x1.0,VXZ:0.300:x-1.0
2021-06-16,-2.5334060252,126.0564991776,UGL:0.700:x1.0,VXZ:0.300:x-1.0
2021-06-15,-0.7839826644,129.3330299509,UGL:0.700:x1.0,VXZ:0.300:x-1.0
2021-06-14,-0.9503988911,130.3549904784,UGL:0.700:x1.0,VXZ:0.300:x-1.0
2021-06-11,-1.4540064442,131.6057702596,UGL:0.700:x1.0,VXZ:0.300:x-1.0
2021-06-10,1.8706852817,133.5475603938,UGL:0.700:x1.0,VXZ:0.300:x-1.0
2021-06-09,-0.5994499302,131.0951821169,UGL:0.700:x1.0,VXZ:0.300:x-1.0
2021-06-08,-0.5122429592,131.8857712807,UGL:0.700:x1.0,VXZ:0.300:x-1.0
2021-06-07,0.8955720508,132.5648252645,UGL:0.700:x1.0,VXZ:0.300:x-1.0
2021-06-04,2.2937128012,131.3881497175,UGL:0.700:x1.0,VXZ:0.300:x-1.0
2021-06-03,-3.0683246443,128.4420577958,UGL:0.700:x1.0,VXZ:0.300:x-1.0
2021-06-02,0.5623183175,132.5078281423,UGL:0.700:x1.0,VXZ:0.300:x-1.0
2021-06-01,-0.4830399194,131.7668788462,UGL:0.700:x1.0,VXZ:0.300:x-1.0
2021-05-28,0.3230418156,132.4064548792,UGL:0.700:x1.0,VXZ:0.300:x-1.0
2021-05-27,0.7914348743,131.9801039551,UGL:0.700:x1.0,VXZ:0.300:x-1.0
2021-05-26,0.2484110497,130.9437692992,UGL:0.700:x1.0,VXZ:0.300:x-1.0
2021-05-25,1.1169889823,130.6192965335,UGL:0.700:x1.0,VXZ:0.300:x-1.0
2021-05-24,1.0058615409,129.1764102631,UGL:0.700:x1.0,VXZ:0.300:x-1.0
2021-05-21,0.3460531633,127.8900137997,UGL:0.700:x1.0,VXZ:0.300:x-1.0
2021-05-20,1.1940787023,127.4489725983,UGL:0.700:x1.0,VXZ:0.300:x-1.0
2021-05-19,-0.0612004213,125.9450891127,UGL:0.700:x1.0,VXZ:0.300:x-1.0
2021-05-18,-0.4641254120,126.0222152393,UGL:0.700:x1.0,VXZ:0.300:x-1.0
2021-05-17,0.8807010163,126.6098436981,UGL:0.700:x1.0,VXZ:0.300:x-1.0
2021-05-14,2.9159493979,125.5045240789,UBT:0.700:x1.0,VXZ:0.300:x-1.0
2021-05-13,1.6889440200,121.9485656141,UBT:0.700:x1.0,VXZ:0.300:x-1.0
2021-05-12,-3.4284092502,119.9231310634,UBT:0.700:x1.0,VXZ:0.300:x-1.0
2021-05-11,-1.7603981251,124.1805484743,UBT:0.700:x1.0,VXZ:0.300:x-1.0
2021-05-10,-1.7508457815,126.4057936965,UBT:0.700:x1.0,VXZ:0.300:x-1.0
2021-05-07,-0.1622439896,128.6584039344,UBT:0.700:x1.0,VXZ:0.300:x-1.0
2021-05-06,0.2750166329,128.8674836812,UBT:0.700:x1.0,VXZ:0.300:x-1.0
2021-05-05,0.6460535748,128.5140486717,UBT:0.700:x1.0,VXZ:0.300:x-1.0
2021-05-04,0.5038436120,127.6891086209,UBT:0.700:x1.0,VXZ:0.300:x-1.0
2021-05-03,0.5843353156,127.0489804488,UBT:0.700:x1.0,VXZ:0.300:x-1.0
2021-04-30,-1.1739268820,126.3109012453,UGL:0.300:x1.0,VXZ:0.700:x-1.0
2021-04-29,-0.1049972946,127.8113126023,UGL:0.300:x1.0,VXZ:0.700:x-1.0
2021-04-28,0.0068821707,127.9456520755,UGL:0.300:x1.0,VXZ:0.700:x-1.0
2021-04-27,0.9969980982,127.9368472433,UGL:0.300:x1.0,VXZ:0.700:x-1.0
2021-04-26,0.4377298642,126.6739107621,UGL:0.300:x1.0,VXZ:0.700:x-1.0
2021-04-23,0.2827029603,126.1218378127,UGL:0.300:x1.0,VXZ:0.700:x-1.0
2021-04-22,-1.6858391984,125.7662927799,UGL:0.300:x1.0,VXZ:0.700:x-1.0
2021-04-21,1.6466971387,127.9228666090,UGL:0.300:x1.0,VXZ:0.700:x-1.0
2021-04-20,-1.0803589661,125.8504901880,UGL:0.300:x1.0,VXZ:0.700:x-1.0
2021-04-19,-1.0324565342,127.2249766301,UGL:0.300:x1.0,VXZ:0.700:x-1.0
2021-04-16,0.4509642971,128.5522224507,UGL:0.300:x1.0,VXZ:0.700:x-1.0
2021-04-15,2.5088493033,127.9751004385,UBT:0.700:x1.0,VXZ:0.300:x-1.0
2021-04-14,-0.6030863973,124.8429782485,UBT:0.700:x1.0,VXZ:0.300:x-1.0
2021-04-13,0.9371057148,125.6004575228,UBT:0.700:x1.0,VXZ:0.300:x-1.0
2021-04-12,-0.1255370485,124.4343758753,UBT:0.700:x1.0,VXZ:0.300:x-1.0
2021-04-09,-0.6121578068,124.5907834675,UBT:0.700:x1.0,VXZ:0.300:x-1.0
2021-04-08,1.0809914187,125.3581733119,UBT:0.700:x1.0,VXZ:0.300:x-1.0
2021-04-07,-0.7250692171,124.0175541934,UBT:0.700:x1.0,VXZ:0.300:x-1.0
2021-04-06,1.1075923706,124.9233348393,UBT:0.700:x1.0,VXZ:0.300:x-1.0
2021-04-05,-0.0752748797,123.5548507390,UBT:0.700:x1.0,VXZ:0.300:x-1.0
2021-04-01,2.4359743508,123.6479265670,UBT:0.700:x1.0,VXZ:0.300:x-1.0
2021-03-31,-0.2768362523,120.7075222846,UBT:0.700:x1.0,VXZ:0.300:x-1.0
2021-03-30,1.4456740345,121.0426121157,UBT:0.700:x1.0,VXZ:0.300:x-1.0
2021-03-29,-1.1476622946,119.3176675770,UBT:0.700:x1.0,VXZ:0.300:x-1.0
2021-03-26,-0.0400730739,120.7029295883,UBT:0.700:x1.0,VXZ:0.300:x-1.0
2021-03-25,-0.4794901553,120.7513183533,UBT:0.700:x1.0,VXZ:0.300:x-1.0
2021-03-24,0.5582372614,121.3330986164,UBT:0.700:x1.0,VXZ:0.300:x-1.0
2021-03-23,1.1206257103,120.6595321484,UBT:0.700:x1.0,VXZ:0.300:x-1.0
2021-03-22,2.8419328968,119.3223749368,UBT:0.700:x1.0,VXZ:0.300:x-1.0
2021-03-19,0.4699516897,116.0250216773,UBT:0.700:x1.0,VXZ:0.300:x-1.0
2021-03-18,-1.4517135205,115.4823106073,UBT:0.700:x1.0,VXZ:0.300:x-1.0
2021-03-17,-0.2515424806,117.1834790159,UBT:0.700:x1.0,VXZ:0.300:x-1.0
2021-03-16,-0.3306991566,117.4789885780,UBT:0.700:x1.0,VXZ:0.300:x-1.0
2021-03-15,1.1456241284,117.8687796381,UGL:0.700:x1.0,VXZ:0.300:x-1.0
2021-03-12,-0.0867076541,116.5337409837,UGL:0.700:x1.0,VXZ:0.300:x-1.0
2021-03-11,0.1255674906,116.6348723454,UGL:0.700:x1.0,VXZ:0.300:x-1.0
2021-03-10,0.9546121199,116.4886005328,UGL:0.700:x1.0,VXZ:0.300:x-1.0
2021-03-09,3.2846494746,115.3871012793,UGL:0.700:x1.0,VXZ:0.300:x-1.0
2021-03-08,-1.8972849963,111.7175706809,UGL:0.700:x1.0,VXZ:0.300:x-1.0
2021-03-05,1.1958433084,113.8781640006,UGL:0.700:x1.0,VXZ:0.300:x-1.0
2021-03-04,-1.9886889416,112.5324522011,UGL:0.700:x1.0,VXZ:0.300:x-1.0
2021-03-03,-1.9150014225,114.8157809399,UGL:0.700:x1.0,VXZ:0.300:x-1.0
2021-03-02,0.3908447389,117.0574324362,UGL:0.700:x1.0,VXZ:0.300:x-1.0
2021-03-01,0.6148219320,116.6017008231,UGL:0.700:x1.0,VXZ:0.300:x-1.0
2021-02-26,3.2056229471,115.8891886743,UBT:0.300:x1.0,VXZ:0.700:x-1.0
2021-02-25,-3.3439201548,112.2896072569,UBT:0.300:x1.0,VXZ:0.700:x-1.0
2021-02-24,1.8230948027,116.1743859638,UBT:0.300:x1.0,VXZ:0.700:x-1.0
2021-02-23,0.8011146284,114.0943380173,UBT:0.300:x1.0,VXZ:0.700:x-1.0
2021-02-22,-1.5449051478,113.1875757901,UBT:0.300:x1.0,VXZ:0.700:x-1.0
2021-02-19,-0.4350496830,114.9636552176,UBT:0.300:x1.0,VXZ:0.700:x-1.0
2021-02-18,-0.6962465081,115.4659896396,UBT:0.300:x1.0,VXZ:0.700:x-1.0
2021-02-17,0.1604193206,116.2755541249,UBT:0.300:x1.0,VXZ:0.700:x-1.0
2021-02-16,-1.7857742112,116.0893244194,UBT:0.300:x1.0,VXZ:0.700:x-1.0
2021-02-12,-0.2160026893,118.2001115287,UGL:0.300:x1.0,VXZ:0.700:x-1.0
2021-02-11,-0.3505021116,118.4559796304,UGL:0.300:x1.0,VXZ:0.700:x-1.0
2021-02-10,-0.9613446144,118.8726307112,UGL:0.300:x1.0,VXZ:0.700:x-1.0
2021-02-09,-0.6428459231,120.0264989951,UGL:0.300:x1.0,VXZ:0.700:x-1.0
2021-02-08,0.2485742779,120.8030766483,UGL:0.300:x1.0,VXZ:0.700:x-1.0
2021-02-05,0.4653272880,120.5035358542,UGL:0.300:x1.0,VXZ:0.700:x-1.0
2021-02-04,-0.7803623583,119.9453971904,UGL:0.300:x1.0,VXZ:0.700:x-1.0
2021-02-03,1.1137113405,120.8887676283,UGL:0.300:x1.0,VXZ:0.700:x-1.0
2021-02-02,1.0455709231,119.5572450320,UGL:0.300:x1.0,VXZ:0.700:x-1.0
2021-02-01,1.7776065933,118.3201242170,UGL:0.300:x1.0,VXZ:0.700:x-1.0
2021-01-29,-2.8363442176,116.2535926885,UGL:0.300:x1.0,VXZ:0.700:x-1.0
2021-01-28,1.5818097333,119.6471991017,UGL:0.300:x1.0,VXZ:0.700:x-1.0
2021-01-27,-5.3664721550,117.7840790746,UGL:0.300:x1.0,VXZ:0.700:x-1.0
2021-01-26,-0.5973151855,124.4633712351,UGL:0.300:x1.0,VXZ:0.700:x-1.0
2021-01-25,-1.2886660804,125.2112772078,UGL:0.300:x1.0,VXZ:0.700:x-1.0
2021-01-22,-0.6392684308,126.8458972602,UGL:0.300:x1.0,VXZ:0.700:x-1.0
2021-01-21,-0.4177000055,127.6620001251,UGL:0.300:x1.0,VXZ:0.700:x-1.0
2021-01-20,0.9674834040,128.1974810103,UGL:0.300:x1.0,VXZ:0.700:x-1.0
2021-01-19,0.8601445162,126.9690762692,UGL:0.300:x1.0,VXZ:0.700:x-1.0
2021-01-15,-2.2351306723,125.8862724005,UGL:0.300:x1.0,VXZ:0.700:x-1.0
2021-01-14,-1.0449050708,128.7643232851,UGL:0.300:x1.0,VXZ:0.700:x-1.0
2021-01-13,-0.1868881360,130.1239955126,UGL:0.300:x1.0,VXZ:0.700:x-1.0
2021-01-12,1.4576757046,130.3676371596,UGL:0.300:x1.0,VXZ:0.700:x-1.0
2021-01-11,-2.6253249065,128.4946025564,UGL:0.300:x1.0,VXZ:0.700:x-1.0
2021-01-08,-2.0338584863,131.9589538378,UGL:0.300:x1.0,VXZ:0.700:x-1.0
2021-01-07,0.7930884138,134.6985313487,UGL:0.300:x1.0,VXZ:0.700:x-1.0
2021-01-06,-0.5161044646,133.6386586307,UGL:0.300:x1.0,VXZ:0.700:x-1.0
2021-01-05,1.6703479573,134.3319518314,UGL:0.300:x1.0,VXZ:0.700:x-1.0
2021-01-04,-0.6302712300,132.1250045173,UGL:0.300:x1.0,VXZ:0.700:x-1.0
2020-12-31,0.4215081937,132.9630322562,UGL:0.700:x1.0,VXZ:0.300:x-1.0
2020-12-30,1.6788171598,132.4049346080,UGL:0.700:x1.0,VXZ:0.300:x-1.0
2020-12-29,-0.3437199822,130.2187990641,UGL:0.700:x1.0,VXZ:0.300:x-1.0
2020-12-28,-0.0621324317,130.6679308528,UGL:0.700:x1.0,VXZ:0.300:x-1.0
2020-12-24,0.4051014130,130.7491684906,UGL:0.700:x1.0,VXZ:0.300:x-1.0
2020-12-23,1.5885107755,130.2216387918,UGL:0.700:x1.0,VXZ:0.300:x-1.0
2020-12-22,-1.2322504925,128.1853999017,UGL:0.700:x1.0,VXZ:0.300:x-1.0
2020-12-21,-0.9253891212,129.7846721637,UGL:0.700:x1.0,VXZ:0.300:x-1.0
2020-12-18,-0.5916050381,130.9969032556,UGL:0.700:x1.0,VXZ:0.300:x-1.0
2020-12-17,1.7244648104,131.7764996666,UGL:0.700:x1.0,VXZ:0.300:x-1.0
2020-12-16,1.2872015771,129.5425834014,UGL:0.700:x1.0,VXZ:0.300:x-1.0
2020-12-15,2.2526795288,127.8963002081,UGL:0.700:x1.0,VXZ:0.300:x-1.0
2020-12-14,-0.9947729438,125.0786784243,UGL:0.700:x1.0,VXZ:0.300:x-1.0
2020-12-11,-0.4053181848,126.3354290914,UGL:0.700:x1.0,VXZ:0.300:x-1.0
2020-12-10,-0.3351115729,126.8495734801,UGL:0.700:x1.0,VXZ:0.300:x-1.0
2020-12-09,-3.1514698966,127.2760903885,UGL:0.700:x1.0,VXZ:0.300:x-1.0
2020-12-08,0.8413044511,131.4176789804,UGL:0.700:x1.0,VXZ:0.300:x-1.0
2020-12-07,1.9843862202,130.3212802489,UGL:0.700:x1.0,VXZ:0.300:x-1.0
2020-12-04,-0.2717508292,127.7855219598,UGL:0.700:x1.0,VXZ:0.300:x-1.0
2020-12-03,0.9959638938,128.1337264238,UGL:0.700:x1.0,VXZ:0.300:x-1.0
2020-12-02,1.0471920811,126.8701455818,UGL:0.700:x1.0,VXZ:0.300:x-1.0
2020-12-01,2.9504547261,125.5553400038,UGL:0.700:x1.0,VXZ:0.300:x-1.0
2020-11-30,-0.6124098422,121.9570523878,UGL:0.700:x1.0,VXZ:0.300:x-1.0
2020-11-27,-1.5730509547,122.7085315120,UGL:0.700:x1.0,VXZ:0.300:x-1.0
2020-11-25,0.4461351664,124.6696486096,UGL:0.700:x1.0,VXZ:0.300:x-1.0
2020-11-24,-2.0791554713,124.1159238262,UGL:0.700:x1.0,VXZ:0.300:x-1.0
2020-11-23,-2.5720358646,126.7512799993,UGL:0.700:x1.0,VXZ:0.300:x-1.0
2020-11-20,0.4258815191,130.0974326254,UGL:0.700:x1.0,VXZ:0.300:x-1.0
2020-11-19,-0.0191059468,129.5457213394,UGL:0.700:x1.0,VXZ:0.300:x-1.0
2020-11-18,-1.8190086612,129.5704770058,UGL:0.700:x1.0,VXZ:0.300:x-1.0
2020-11-17,-0.1243896025,131.9710416842,UGL:0.700:x1.0,VXZ:0.300:x-1.0
2020-11-16,-0.5722498332,132.1354043885,UGL:0.700:x1.0,VXZ:0.300:x-1.0
2020-11-13,2.5089008715,132.8959009601,UGL:0.300:x1.0,VXZ:0.700:x-1.0
2020-11-12,-1.5585018994,129.6432795887,UGL:0.300:x1.0,VXZ:0.700:x-1.0
2020-11-11,0.0376972237,131.6957605179,UGL:0.300:x1.0,VXZ:0.700:x-1.0
2020-11-10,-0.3115797712,131.6461335803,UGL:0.300:x1.0,VXZ:0.700:x-1.0
2020-11-09,0.7138226792,132.0575983431,UGL:0.300:x1.0,VXZ:0.700:x-1.0
2020-11-06,0.9276003205,131.1216224646,UGL:0.300:x1.0,VXZ:0.700:x-1.0
2020-11-05,1.4655221250,129.9165164417,UGL:0.300:x1.0,VXZ:0.700:x-1.0
2020-11-04,1.2222833053,128.0400610186,UGL:0.300:x1.0,VXZ:0.700:x-1.0
2020-11-03,2.0618381399,126.4939466267,UGL:0.300:x1.0,VXZ:0.700:x-1.0
2020-11-02,2.3211719281,123.9385346493,UGL:0.300:x1.0,VXZ:0.700:x-1.0
2020-10-30,-1.2099947420,121.1269694374,UGL:0.300:x1.0,VXZ:0.700:x-1.0
2020-10-29,2.9627696949,122.6105506534,UGL:0.300:x1.0,VXZ:0.700:x-1.0
2020-10-28,-5.2811485882,119.0824130088,UGL:0.300:x1.0,VXZ:0.700:x-1.0
2020-10-27,0.1128219517,125.7219774457,UGL:0.300:x1.0,VXZ:0.700:x-1.0
2020-10-26,-2.9984856032,125.5802953056,UGL:0.300:x1.0,VXZ:0.700:x-1.0
2020-10-23,-0.1061138902,129.4622007569,UGL:0.300:x1.0,VXZ:0.700:x-1.0
2020-10-22,-0.2614592938,129.5997240658,UGL:0.300:x1.0,VXZ:0.700:x-1.0
2020-10-21,1.5610913800,129.9394628677,UGL:0.300:x1.0,VXZ:0.700:x-1.0
2020-10-20,0.9530965259,127.9421687008,UGL:0.300:x1.0,VXZ:0.700:x-1.0
2020-10-19,-1.7661911574,126.7342687879,UGL:0.300:x1.0,VXZ:0.700:x-1.0
2020-10-16,-0.7367143109,129.0128829179,UGL:0.300:x1.0,VXZ:0.700:x-1.0
2020-10-15,-0.3097387960,129.9703934061,UBT:0.700:x1.0,VXZ:0.300:x-1.0
2020-10-14,0.4713394386,130.3742129234,UBT:0.700:x1.0,VXZ:0.300:x-1.0
2020-10-13,1.1457128465,129.7625906572,UBT:0.700:x1.0,VXZ:0.300:x-1.0
2020-10-12,0.5672307165,128.2927244322,UBT:0.700:x1.0,VXZ:0.300:x-1.0
2020-10-09,0.7580730972,127.5691132372,UBT:0.700:x1.0,VXZ:0.300:x-1.0
2020-10-08,1.1340725814,126.6093220283,UBT:0.700:x1.0,VXZ:0.300:x-1.0
2020-10-07,-0.9067131742,125.1895813119,UBT:0.700:x1.0,VXZ:0.300:x-1.0
2020-10-06,0.7726370029,126.3350781087,UBT:0.700:x1.0,VXZ:0.300:x-1.0
2020-10-05,-2.0174581578,125.3664505228,UBT:0.700:x1.0,VXZ:0.300:x-1.0
2020-10-02,-1.0614378445,127.9477426955,UBT:0.700:x1.0,VXZ:0.300:x-1.0
2020-10-01,-0.1798693415,129.3203983441,UBT:0.700:x1.0,VXZ:0.300:x-1.0
2020-09-30,-1.1664810733,129.5534252370,UBT:0.700:x1.0,VXZ:0.300:x-1.0
2020-09-29,0.5344370249,131.0824775278,UBT:0.700:x1.0,VXZ:0.300:x-1.0
2020-09-28,-0.2396969839,130.3856483478,UBT:0.700:x1.0,VXZ:0.300:x-1.0
2020-09-25,0.5837776698,130.6989297404,UBT:0.700:x1.0,VXZ:0.300:x-1.0
2020-09-24,0.8265018506,129.9403668943,UBT:0.700:x1.0,VXZ:0.300:x-1.0
2020-09-23,-0.4407154530,128.8752108914,UBT:0.700:x1.0,VXZ:0.300:x-1.0
2020-09-22,-0.4862275001,129.4456980861,UBT:0.700:x1.0,VXZ:0.300:x-1.0
2020-09-21,0.4496934462,130.0781739395,UBT:0.700:x1.0,VXZ:0.300:x-1.0
2020-09-18,-0.8466543288,129.4958396356,UBT:0.700:x1.0,VXZ:0.300:x-1.0
2020-09-17,-0.0744626764,130.6015835965,UBT:0.700:x1.0,VXZ:0.300:x-1.0
2020-09-16,-0.7902550000,130.6989054996,UBT:0.700:x1.0,VXZ:0.300:x-1.0
2020-09-15,-0.4473226603,131.7399873365,UBT:0.700:x1.0,VXZ:0.300:x-1.0
2020-09-14,-0.1209201121,132.3319380824,UBT:0.700:x1.0,VXZ:0.300:x-1.0
2020-09-11,0.6909126877,132.4921477359,UBT:0.700:x1.0,VXZ:0.300:x-1.0
2020-09-10,0.4138202171,131.5830239288,UBT:0.700:x1.0,VXZ:0.300:x-1.0
2020-09-09,0.5386450221,131.0407508092,UBT:0.700:x1.0,VXZ:0.300:x-1.0
2020-09-08,1.1462765703,130.3386879547,UBT:0.700:x1.0,VXZ:0.300:x-1.0
2020-09-04,-1.9293420734,128.8615778794,UBT:0.700:x1.0,VXZ:0.300:x-1.0
2020-09-03,-0.0398531777,131.3966690994,UBT:0.700:x1.0,VXZ:0.300:x-1.0
2020-09-02,0.6127091340,131.4490557252,UBT:0.700:x1.0,VXZ:0.300:x-1.0
2020-09-01,1.3693122941,130.6485600642,UBT:0.700:x1.0,VXZ:0.300:x-1.0
2020-08-31,-0.2400388935,128.8837391786,UGL:0.700:x1.0,VXZ:0.300:x-1.0
2020-08-28,2.4414256618,129.1938546778,UGL:0.700:x1.0,VXZ:0.300:x-1.0
2020-08-27,-1.7448559590,126.1148542625,UGL:0.700:x1.0,VXZ:0.300:x-1.0
2020-08-26,1.7054681623,128.3544546124,UGL:0.700:x1.0,VXZ:0.300:x-1.0
2020-08-25,0.1555454741,126.2021176753,UGL:0.700:x1.0,VXZ:0.300:x-1.0
2020-08-24,-0.9167392314,126.0061208572,UGL:0.700:x1.0,VXZ:0.300:x-1.0
2020-08-21,-1.5947000897,127.1719560698,UGL:0.700:x1.0,VXZ:0.300:x-1.0
2020-08-20,1.0857276401,129.2328321602,UGL:0.700:x1.0,VXZ:0.300:x-1.0
2020-08-19,-5.0105741368,127.8447859824,UGL:0.700:x1.0,VXZ:0.300:x-1.0
2020-08-18,1.5573335976,134.5884395243,UGL:0.700:x1.0,VXZ:0.300:x-1.0
2020-08-17,3.5582403134,132.5245895660,UGL:0.700:x1.0,VXZ:0.300:x-1.0
2020-08-14,-1.1237777082,127.9710713169,UGL:0.700:x1.0,VXZ:0.300:x-1.0
2020-08-13,2.5535890933,129.4255265328,UGL:0.700:x1.0,VXZ:0.300:x-1.0
2020-08-12,0.4057496383,126.2028249592,UGL:0.700:x1.0,VXZ:0.300:x-1.0
2020-08-11,-7.9895917602,125.6928267692,UGL:0.700:x1.0,VXZ:0.300:x-1.0
2020-08-10,-0.1245305182,136.6071830066,UGL:0.700:x1.0,VXZ:0.300:x-1.0
2020-08-07,-2.3243409911,136.7775127520,UGL:0.700:x1.0,VXZ:0.300:x-1.0
2020-08-06,1.6148676431,140.0323418750,UGL:0.700:x1.0,VXZ:0.300:x-1.0
2020-08-05,1.4356433535,137.8069421562,UGL:0.700:x1.0,VXZ:0.300:x-1.0
2020-08-04,3.3768713784,135.8565269567,UGL:0.700:x1.0,VXZ:0.300:x-1.0
2020-08-03,-0.0268381402,131.4186869318,UGL:0.700:x1.0,VXZ:0.300:x-1.0
2020-07-31,1.5476218297,131.4539667317,UGL:0.300:x1.0,VXZ:0.700:x-1.0
2020-07-30,-1.5533200111,129.4505615820,UGL:0.300:x1.0,VXZ:0.700:x-1.0
2020-07-29,0.7958594100,131.4930697476,UGL:0.300:x1.0,VXZ:0.700:x-1.0
2020-07-28,0.2030157768,130.4548326859,UGL:0.300:x1.0,VXZ:0.700:x-1.0
2020-07-27,1.3546438935,130.1905253794,UGL:0.300:x1.0,VXZ:0.700:x-1.0
2020-07-24,-0.1218110269,128.4504788121,UGL:0.300:x1.0,VXZ:0.700:x-1.0
2020-07-23,-0.5871753087,128.6071364858,UGL:0.300:x1.0,VXZ:0.700:x-1.0
2020-07-22,1.1442157269,129.3667460764,UGL:0.300:x1.0,VXZ:0.700:x-1.0
2020-07-21,0.5921799652,127.9032568958,UGL:0.300:x1.0,VXZ:0.700:x-1.0
2020-07-20,1.9262124038,127.1502983036,UGL:0.300:x1.0,VXZ:0.700:x-1.0
2020-07-17,1.6766567514,124.7473984414,UGL:0.300:x1.0,VXZ:0.700:x-1.0
2020-07-16,-0.2595760510,122.6903031896,UGL:0.300:x1.0,VXZ:0.700:x-1.0
2020-07-15,0.2066818638,123.0096066690,UGL:0.700:x1.0,VXZ:0.300:x-1.0
2020-07-14,1.7437105899,122.7558925024,UGL:0.700:x1.0,VXZ:0.300:x-1.0
2020-07-13,-1.6075450915,120.6520695880,UGL:0.700:x1.0,VXZ:0.300:x-1.0
2020-07-10,-0.3076042396,122.6232943372,UGL:0.700:x1.0,VXZ:0.300:x-1.0
2020-07-09,-1.1126581540,123.0016526354,UGL:0.700:x1.0,VXZ:0.300:x-1.0
2020-07-08,1.1113449844,124.3856395968,UGL:0.700:x1.0,VXZ:0.300:x-1.0
2020-07-07,0.4087324874,123.0184798907,UGL:0.700:x1.0,VXZ:0.300:x-1.0
2020-07-06,0.7755682630,122.5177102062,UGL:0.700:x1.0,VXZ:0.300:x-1.0
2020-07-02,0.4894986229,121.5748145289,UGL:0.700:x1.0,VXZ:0.300:x-1.0
2020-07-01,-0.8769260181,120.9826063369,UGL:0.700:x1.0,VXZ:0.300:x-1.0
2020-06-30,3.0365977361,122.0529201495,UGL:0.300:x1.0,VXZ:0.700:x-1.0
2020-06-29,2.2187954399,118.4558912379,UGL:0.300:x1.0,VXZ:0.700:x-1.0
2020-06-26,-3.0342432660,115.8846479535,UGL:0.300:x1.0,VXZ:0.700:x-1.0
2020-06-25,2.2247891082,119.5108993698,UGL:0.300:x1.0,VXZ:0.700:x-1.0
2020-06-24,-3.9361378946,116.9099006341,UGL:0.300:x1.0,VXZ:0.700:x-1.0
2020-06-23,2.2901777620,121.7001878457,UGL:0.300:x1.0,VXZ:0.700:x-1.0
2020-06-22,1.5921810994,118.9754388039,UGL:0.300:x1.0,VXZ:0.700:x-1.0
2020-06-19,0.1111305995,117.1108224240,UGL:0.300:x1.0,VXZ:0.700:x-1.0
2020-06-18,-0.2367645391,116.9808209364,UGL:0.300:x1.0,VXZ:0.700:x-1.0
2020-06-17,-0.2121089088,117.2584473589,UGL:0.300:x1.0,VXZ:0.700:x-1.0
2020-06-16,0.6631982854,117.5076916413,UGL:0.300:x1.0,VXZ:0.700:x-1.0
2020-06-15,0.9858923699,116.7335169584,UBT:0.300:x1.0,VXZ:0.700:x-1.0
2020-06-12,0.7008962601,115.5938856596,UBT:0.300:x1.0,VXZ:0.700:x-1.0
2020-06-11,-8.2602155995,114.7893315280,UBT:0.300:x1.0,VXZ:0.700:x-1.0
2020-06-10,1.5639854261,125.1249196606,UBT:0.300:x1.0,VXZ:0.700:x-1.0
2020-06-09,-1.4538637918,123.1981190337,UBT:0.300:x1.0,VXZ:0.700:x-1.0
2020-06-08,-0.2270959243,125.0156766912,UBT:0.300:x1.0,VXZ:0.700:x-1.0
2020-06-05,2.3972000717,125.3002284030,UBT:0.300:x1.0,VXZ:0.700:x-1.0
2020-06-04,-0.4577629053,122.3668501827,UBT:0.300:x1.0,VXZ:0.700:x-1.0
2020-06-03,0.7561312589,122.9295761821,UBT:0.300:x1.0,VXZ:0.700:x-1.0
2020-06-02,0.4396783033,122.0070427935,UBT:0.300:x1.0,VXZ:0.700:x-1.0
2020-06-01,-0.4719690424,121.4729525767,UBT:0.300:x1.0,VXZ:0.700:x-1.0
2020-05-29,0.7407248196,122.0489860072,UGL:0.300:x1.0,VXZ:0.700:x-1.0
2020-05-28,-0.7230385814,121.1515861393,UGL:0.300:x1.0,VXZ:0.700:x-1.0
2020-05-27,0.8931145545,122.0339385978,UGL:0.300:x1.0,VXZ:0.700:x-1.0
2020-05-26,-0.3295775755,120.9536836450,UGL:0.300:x1.0,VXZ:0.700:x-1.0
2020-05-22,0.4728688055,121.3536380230,UGL:0.300:x1.0,VXZ:0.700:x-1.0
2020-05-21,-1.8750921263,120.7824952803,UGL:0.300:x1.0,VXZ:0.700:x-1.0
2020-05-20,1.3469870782,123.0905566157,UGL:0.300:x1.0,VXZ:0.700:x-1.0
2020-05-19,-0.8450256259,121.4545791289,UGL:0.300:x1.0,VXZ:0.700:x-1.0
2020-05-18,2.2768100671,122.4896480439,UGL:0.300:x1.0,VXZ:0.700:x-1.0
2020-05-15,1.1432359780,119.7628748527,UGL:0.700:x1.0,VXZ:0.300:x-1.0
2020-05-14,1.8227730155,118.4091785226,UGL:0.700:x1.0,VXZ:0.300:x-1.0
2020-05-13,0.3879021878,116.2894851671,UGL:0.700:x1.0,VXZ:0.300:x-1.0
2020-05-12,-1.3528724091,115.8401387345,UGL:0.700:x1.0,VXZ:0.300:x-1.0
2020-05-11,-0.0181810428,117.4288005779,UGL:0.700:x1.0,VXZ:0.300:x-1.0
2020-05-08,-0.3597319003,117.4501542408,UGL:0.700:x1.0,VXZ:0.300:x-1.0
2020-05-07,3.6077081892,117.8741852874,UGL:0.700:x1.0,VXZ:0.300:x-1.0
2020-05-06,-2.2834390257,113.7697062772,UGL:0.700:x1.0,VXZ:0.300:x-1.0
2020-05-05,0.9949337461,116.4282749442,UGL:0.700:x1.0,VXZ:0.300:x-1.0
2020-05-04,0.4261898236,115.2813023640,UGL:0.700:x1.0,VXZ:0.300:x-1.0
2020-05-01,-0.9263976725,114.7920702424,UGL:0.700:x1.0,VXZ:0.300:x-1.0
2020-04-30,-3.1714978100,115.8654450283,UGL:0.700:x1.0,VXZ:0.300:x-1.0
2020-04-29,1.5449574208,119.6604743518,UGL:0.700:x1.0,VXZ:0.300:x-1.0
2020-04-28,-0.9046851537,117.8398981015,UGL:0.700:x1.0,VXZ:0.300:x-1.0
2020-04-27,0.1000374302,118.9157108832,UGL:0.700:x1.0,VXZ:0.300:x-1.0
2020-04-24,0.3187056783,118.7968695478,UGL:0.700:x1.0,VXZ:0.300:x-1.0
2020-04-23,1.1587015444,118.4194600045,UGL:0.700:x1.0,VXZ:0.300:x-1.0
2020-04-22,3.4463921437,117.0630486518,UGL:0.700:x1.0,VXZ:0.300:x-1.0
2020-04-21,-2.1907967623,113.1630076467,UGL:0.700:x1.0,VXZ:0.300:x-1.0
2020-04-20,-0.3435546522,115.6977093165,UGL:0.700:x1.0,VXZ:0.300:x-1.0
2020-04-17,-2.6534148547,116.0965644648,UGL:0.700:x1.0,VXZ:0.300:x-1.0
2020-04-16,-1.1785642738,119.2610550144,UGL:0.700:x1.0,VXZ:0.300:x-1.0
2020-04-15,-3.3223755251,120.6833862896,UGL:0.300:x1.0,VXZ:0.700:x-1.0
2020-04-14,0.9040331713,124.8307319767,UGL:0.300:x1.0,VXZ:0.700:x-1.0
2020-04-13,1.9996970302,123.7123314633,UGL:0.300:x1.0,VXZ:0.700:x-1.0
2020-04-09,3.2567857376,121.2869597315,UGL:0.300:x1.0,VXZ:0.700:x-1.0
2020-04-08,-0.2853858611,117.4614906566,UGL:0.300:x1.0,VXZ:0.700:x-1.0
2020-04-07,-1.6564965136,117.7976685474,UGL:0.300:x1.0,VXZ:0.700:x-1.0
2020-04-06,5.6823723199,119.7818507286,UGL:0.300:x1.0,VXZ:0.700:x-1.0
2020-04-03,1.5027303579,113.3413719802,UGL:0.300:x1.0,VXZ:0.700:x-1.0
2020-04-02,2.2603412145,111.6633725818,UGL:0.300:x1.0,VXZ:0.700:x-1.0
2020-04-01,-5.7196303071,109.1951887268,UGL:0.300:x1.0,VXZ:0.700:x-1.0
2020-03-31,-4.6864943436,115.8196441979,UGL:0.700:x1.0,VXZ:0.300:x-1.0
2020-03-30,0.0825411887,121.5144101565,UGL:0.700:x1.0,VXZ:0.300:x-1.0
2020-03-27,-2.2770520906,121.4141934381,UGL:0.700:x1.0,VXZ:0.300:x-1.0
2020-03-26,3.9717717757,124.2432775879,UGL:0.700:x1.0,VXZ:0.300:x-1.0
2020-03-25,-6.8050418011,119.4971245232,UGL:0.700:x1.0,VXZ:0.300:x-1.0
2020-03-24,14.6743691271,128.2227352559,UGL:0.700:x1.0,VXZ:0.300:x-1.0
2020-03-23,11.9927676162,111.8146419571,UGL:0.700:x1.0,VXZ:0.300:x-1.0
2020-03-20,1.7119803940,99.8409489622,UGL:0.700:x1.0,VXZ:0.300:x-1.0
2020-03-19,-0.3037485168,98.1604611133,UGL:0.700:x1.0,VXZ:0.300:x-1.0
2020-03-18,-9.7254463775,98.4595304767,UGL:0.700:x1.0,VXZ:0.300:x-1.0
2020-03-17,1.9357768620,109.0667597078,UGL:0.700:x1.0,VXZ:0.300:x-1.0
2020-03-16,-6.9243759545,106.9955643301,UGL:0.700:x1.0,VXZ:0.300:x-1.0
2020-03-13,-2.6654229536,114.9555164710,UGL:0.700:x1.0,VXZ:0.300:x-1.0
2020-03-12,-10.0912512024,118.1034735643,UGL:0.700:x1.0,VXZ:0.300:x-1.0
2020-03-11,-2.9416858626,131.3592671946,UGL:0.700:x1.0,VXZ:0.300:x-1.0
2020-03-10,-2.0722328741,135.3405613543,UGL:0.700:x1.0,VXZ:0.300:x-1.0
2020-03-09,-4.0573076711,138.2044800228,UGL:0.700:x1.0,VXZ:0.300:x-1.0
2020-03-06,-1.9311969133,144.0489907756,UGL:0.700:x1.0,VXZ:0.300:x-1.0
2020-03-05,0.7287774545,146.8856417553,UGL:0.700:x1.0,VXZ:0.300:x-1.0
2020-03-04,0.6324151667,145.8229172112,UGL:0.700:x1.0,VXZ:0.300:x-1.0
2020-03-03,3.0937303222,144.9065064866,UGL:0.700:x1.0,VXZ:0.300:x-1.0
2020-03-02,0.9472051959,140.5580203896,UGL:0.700:x1.0,VXZ:0.300:x-1.0
2020-02-28,1.6946374924,139.2391400206,UBT:0.300:x1.0,VXZ:0.700:x-1.0
2020-02-27,-3.7594652925,136.9188616567,UBT:0.300:x1.0,VXZ:0.700:x-1.0
2020-02-26,-0.2258364480,142.2673534316,UBT:0.300:x1.0,VXZ:0.700:x-1.0
2020-02-25,-2.8036739892,142.5893722050,UBT:0.300:x1.0,VXZ:0.700:x-1.0
2020-02-24,-2.7657995124,146.7024300786,UBT:0.300:x1.0,VXZ:0.700:x-1.0
2020-02-21,-0.6626063522,150.8753394823,UBT:0.300:x1.0,VXZ:0.700:x-1.0
2020-02-20,-0.0497056710,151.8817173895,UBT:0.300:x1.0,VXZ:0.700:x-1.0
2020-02-19,0.3524904161,151.9572487596,UBT:0.300:x1.0,VXZ:0.700:x-1.0
2020-02-18,-0.8353398766,151.4234954503,UBT:0.300:x1.0,VXZ:0.700:x-1.0
2020-02-14,0.6737045630,152.6990515188,UGL:0.300:x1.0,VXZ:0.700:x-1.0
2020-02-13,-0.5261455839,151.6771953329,UGL:0.300:x1.0,VXZ:0.700:x-1.0
2020-02-12,0.8763485956,152.4794592742,UGL:0.300:x1.0,VXZ:0.700:x-1.0
2020-02-11,-0.3157136863,151.1548161656,UGL:0.300:x1.0,VXZ:0.700:x-1.0
2020-02-10,0.6029647786,151.6335440172,UGL:0.300:x1.0,VXZ:0.700:x-1.0
2020-02-07,-0.6903930003,150.7247270007,UGL:0.300:x1.0,VXZ:0.700:x-1.0
2020-02-06,0.6311126544,151.7725540905,UGL:0.300:x1.0,VXZ:0.700:x-1.0
2020-02-05,0.8103046139,150.8207055324,UGL:0.300:x1.0,VXZ:0.700:x-1.0
2020-02-04,1.3438135233,149.6084215895,UGL:0.300:x1.0,VXZ:0.700:x-1.0
2020-02-03,0.6820161203,147.6246219560,UGL:0.300:x1.0,VXZ:0.700:x-1.0
2020-01-31,-0.3339872734,146.6246184220,UGL:0.700:x1.0,VXZ:0.300:x-1.0
2020-01-30,0.4646522453,147.1159670290,UGL:0.700:x1.0,VXZ:0.300:x-1.0
2020-01-29,0.4293788776,146.4355509535,UGL:0.700:x1.0,VXZ:0.300:x-1.0
2020-01-28,-0.5838796005,145.8094758626,UGL:0.700:x1.0,VXZ:0.300:x-1.0
2020-01-27,-0.1246935111,146.6658277116,UGL:0.700:x1.0,VXZ:0.300:x-1.0
2020-01-24,0.4910945870,146.8489388094,UGL:0.700:x1.0,VXZ:0.300:x-1.0
2020-01-23,0.1783431409,146.1312959252,UGL:0.700:x1.0,VXZ:0.300:x-1.0
2020-01-22,-0.0987707158,145.8711447439,UGL:0.700:x1.0,VXZ:0.300:x-1.0
2020-01-21,0.0642109299,146.0153651653,UGL:0.700:x1.0,VXZ:0.300:x-1.0
2020-01-17,0.3418069795,145.9216675056,UGL:0.700:x1.0,VXZ:0.300:x-1.0
2020-01-16,0.0350928194,145.4245960862,UGL:0.700:x1.0,VXZ:0.300:x-1.0
2020-01-15,0.8741818132,145.3735803982,UBT:0.300:x1.0,VXZ:0.700:x-1.0
2020-01-14,0.3449456435,144.1137640823,UBT:0.300:x1.0,VXZ:0.700:x-1.0
2020-01-13,0.2608829045,143.6183588103,UBT:0.300:x1.0,VXZ:0.700:x-1.0
2020-01-10,0.8635086889,143.2446579861,UBT:0.300:x1.0,VXZ:0.700:x-1.0
2020-01-09,1.3767472644,142.0183174749,UBT:0.300:x1.0,VXZ:0.700:x-1.0
2020-01-08,0.3574036666,140.0896372267,UBT:0.300:x1.0,VXZ:0.700:x-1.0
2020-01-07,-0.0455871947,139.5907348222,UBT:0.300:x1.0,VXZ:0.700:x-1.0
2020-01-06,0.0574893835,139.6543993451,UBT:0.300:x1.0,VXZ:0.700:x-1.0
2020-01-03,-0.3420315034,139.5741590217,UBT:0.300:x1.0,VXZ:0.700:x-1.0
2020-01-02,2.3524040174,140.0531850360,UBT:0.300:x1.0,VXZ:0.700:x-1.0
2019-12-31,0.6853641137,136.8342897078,UGL:0.700:x1.0,VXZ:0.300:x-1.0
2019-12-30,-0.1853145604,135.9028602740,UGL:0.700:x1.0,VXZ:0.300:x-1.0
2019-12-27,-0.4601868238,136.1551756391,UGL:0.700:x1.0,VXZ:0.300:x-1.0
2019-12-26,1.0610889394,136.7846405319,UGL:0.700:x1.0,VXZ:0.300:x-1.0
2019-12-24,1.5108236598,135.3484728568,UGL:0.700:x1.0,VXZ:0.300:x-1.0
2019-12-23,0.7099715201,133.3340307733,UGL:0.700:x1.0,VXZ:0.300:x-1.0
2019-12-20,-0.1896814129,132.3940705779,UGL:0.700:x1.0,VXZ:0.300:x-1.0
2019-12-19,0.6856617074,132.6456747680,UGL:0.700:x1.0,VXZ:0.300:x-1.0
2019-12-18,0.0212544820,131.7423677996,UGL:0.700:x1.0,VXZ:0.300:x-1.0
2019-12-17,-0.3533713113,131.7143725921,UGL:0.700:x1.0,VXZ:0.300:x-1.0
2019-12-16,0.3087710763,132.1814639645,UGL:0.700:x1.0,VXZ:0.300:x-1.0
2019-12-13,2.2867310496,131.7745821688,UBT:0.700:x1.0,VXZ:0.300:x-1.0
2019-12-12,-1.6317853463,128.8286181566,UBT:0.700:x1.0,VXZ:0.300:x-1.0
2019-12-11,1.4097943887,130.9656972124,UBT:0.700:x1.0,VXZ:0.300:x-1.0
2019-12-10,-0.0779484650,129.1450179954,UBT:0.700:x1.0,VXZ:0.300:x-1.0
2019-12-09,-0.1234978802,129.2457630838,UBT:0.700:x1.0,VXZ:0.300:x-1.0
2019-12-06,-0.2040866950,129.4055762273,UBT:0.700:x1.0,VXZ:0.300:x-1.0
2019-12-05,-0.5498598980,129.6702158853,UBT:0.700:x1.0,VXZ:0.300:x-1.0
2019-12-04,-1.0969216580,130.3871626045,UBT:0.700:x1.0,VXZ:0.300:x-1.0
2019-12-03,2.4999278314,131.8332702989,UBT:0.700:x1.0,VXZ:0.300:x-1.0
2019-12-02,-2.5975992921,128.6179152397,UBT:0.700:x1.0,VXZ:0.300:x-1.0
2019-11-29,-0.2002990963,132.0479929702,UGL:0.300:x1.0,VXZ:0.700:x-1.0
2019-11-27,-0.4202759577,132.3130147430,UGL:0.300:x1.0,VXZ:0.700:x-1.0
2019-11-26,1.1402204722,132.8714414662,UGL:0.300:x1.0,VXZ:0.700:x-1.0
2019-11-25,1.0361012318,131.3734939926,UGL:0.300:x1.0,VXZ:0.700:x-1.0
2019-11-22,0.3385301578,130.0262900002,UGL:0.300:x1.0,VXZ:0.700:x-1.0
2019-11-21,-0.9522387114,129.5875969039,UGL:0.300:x1.0,VXZ:0.700:x-1.0
2019-11-20,-0.9110130062,130.8334436012,UGL:0.300:x1.0,VXZ:0.700:x-1.0
2019-11-19,-0.2906626647,132.0363115726,UGL:0.300:x1.0,VXZ:0.700:x-1.0
2019-11-18,-0.0462773842,132.4212105920,UGL:0.300:x1.0,VXZ:0.700:x-1.0
2019-11-15,0.7407980094,132.4825200368,UGL:0.300:x1.0,VXZ:0.700:x-1.0
2019-11-14,0.6042534737,131.5083091007,UGL:0.300:x1.0,VXZ:0.700:x-1.0
2019-11-13,0.2597078549,130.7184383959,UGL:0.300:x1.0,VXZ:0.700:x-1.0
2019-11-12,0.0876004450,130.3798317317,UGL:0.300:x1.0,VXZ:0.700:x-1.0
2019-11-11,0.0915202853,130.2657183827,UGL:0.300:x1.0,VXZ:0.700:x-1.0
2019-11-08,0.2273210692,130.1466078359,UGL:0.300:x1.0,VXZ:0.700:x-1.0
2019-11-07,-0.9831416192,129.8514281810,UGL:0.300:x1.0,VXZ:0.700:x-1.0
2019-11-06,-0.2536391462,131.1407272503,UGL:0.300:x1.0,VXZ:0.700:x-1.0
2019-11-05,-1.5339023373,131.4741972817,UGL:0.300:x1.0,VXZ:0.700:x-1.0
2019-11-04,0.0304912019,133.5222989462,UGL:0.300:x1.0,VXZ:0.700:x-1.0
2019-11-01,1.2079675135,133.4815988023,UGL:0.300:x1.0,VXZ:0.700:x-1.0
2019-10-31,1.6285019669,131.8884294209,UBT:0.700:x1.0,VXZ:0.300:x-1.0
2019-10-30,2.0627658995,129.7750403364,UBT:0.700:x1.0,VXZ:0.300:x-1.0
2019-10-29,0.0428629007,127.1521883546,UBT:0.700:x1.0,VXZ:0.300:x-1.0
2019-10-28,-1.2742501266,127.0977105890,UBT:0.700:x1.0,VXZ:0.300:x-1.0
2019-10-25,-0.3180718319,128.7381567140,UBT:0.700:x1.0,VXZ:0.300:x-1.0
2019-10-24,-0.2050897372,129.1489431232,UBT:0.700:x1.0,VXZ:0.300:x-1.0
2019-10-23,0.2494196070,129.4143586913,UBT:0.700:x1.0,VXZ:0.300:x-1.0
2019-10-22,0.6468896950,129.0923769919,UBT:0.700:x1.0,VXZ:0.300:x-1.0
2019-10-21,-0.6623109029,128.2626590679,UBT:0.700:x1.0,VXZ:0.300:x-1.0
2019-10-18,-0.2613080987,129.1178204704,UBT:0.700:x1.0,VXZ:0.300:x-1.0
2019-10-17,-0.0890444451,129.4560997433,UBT:0.700:x1.0,VXZ:0.300:x-1.0
2019-10-16,0.2466533317,129.5714759451,UBT:0.700:x1.0,VXZ:0.300:x-1.0
2019-10-15,-0.7855701428,129.2526699284,UGL:0.700:x1.0,VXZ:0.300:x-1.0
2019-10-14,0.7691978564,130.2760799154,UGL:0.700:x1.0,VXZ:0.300:x-1.0
2019-10-11,0.0193996260,129.2816482484,UGL:0.700:x1.0,VXZ:0.300:x-1.0
2019-10-10,-0.8316061720,129.2565729566,UGL:0.700:x1.0,VXZ:0.300:x-1.0
2019-10-09,0.4323955375,130.3404925371,UGL:0.700:x1.0,VXZ:0.300:x-1.0
2019-10-08,-0.0367600307,129.7793324948,UGL:0.700:x1.0,VXZ:0.300:x-1.0
2019-10-07,-1.1597254402,129.8270569609,UGL:0.700:x1.0,VXZ:0.300:x-1.0
2019-10-04,0.7201817687,131.3503605074,UGL:0.700:x1.0,VXZ:0.300:x-1.0
2019-10-03,0.8980257910,130.4111630866,UGL:0.700:x1.0,VXZ:0.300:x-1.0
2019-10-02,0.8794048475,129.2504606152,UGL:0.700:x1.0,VXZ:0.300:x-1.0
2019-10-01,0.2602927242,128.1237342852,UGL:0.700:x1.0,VXZ:0.300:x-1.0
2019-09-30,0.6697508637,127.7911033410,UBT:0.700:x1.0,VXZ:0.300:x-1.0
2019-09-27,0.0099762346,126.9409154633,UBT:0.700:x1.0,VXZ:0.300:x-1.0
2019-09-26,0.7840515038,126.9282528031,UBT:0.700:x1.0,VXZ:0.300:x-1.0
2019-09-25,-1.9670365255,125.9408119729,UBT:0.700:x1.0,VXZ:0.300:x-1.0
2019-09-24,1.3445075353,128.4678209342,UBT:0.700:x1.0,VXZ:0.300:x-1.0
2019-09-23,-0.1396425509,126.7634764415,UBT:0.700:x1.0,VXZ:0.300:x-1.0
2019-09-20,1.1002394292,126.9407397285,UBT:0.700:x1.0,VXZ:0.300:x-1.0
2019-09-19,0.5221281387,125.5592869466,UBT:0.700:x1.0,VXZ:0.300:x-1.0
2019-09-18,0.9902671485,124.9071117688,UBT:0.700:x1.0,VXZ:0.300:x-1.0
2019-09-17,0.3593119868,123.6823263227,UBT:0.700:x1.0,VXZ:0.300:x-1.0
2019-09-16,1.4339406997,123.2395119837,UBT:0.700:x1.0,VXZ:0.300:x-1.0
2019-09-13,-1.2504114869,121.4973125698,UGL:0.700:x1.0,VXZ:0.300:x-1.0
2019-09-12,0.6339538743,123.0357659199,UGL:0.700:x1.0,VXZ:0.300:x-1.0
2019-09-11,0.9633389167,122.2606895418,UGL:0.700:x1.0,VXZ:0.300:x-1.0
2019-09-10,-1.3706884259,121.0941425408,UGL:0.700:x1.0,VXZ:0.300:x-1.0
2019-09-09,-0.2927568123,122.7770331235,UGL:0.700:x1.0,VXZ:0.300:x-1.0
2019-09-06,-1.1010932985,123.1375266212,UGL:0.700:x1.0,VXZ:0.300:x-1.0
2019-09-05,-2.8788283654,124.5084811634,UGL:0.700:x1.0,VXZ:0.300:x-1.0
2019-09-04,1.8816142890,128.1991136102,UGL:0.700:x1.0,VXZ:0.300:x-1.0
2019-09-03,1.2869778722,125.8314510473,UGL:0.700:x1.0,VXZ:0.300:x-1.0
2019-08-30,-0.7307731056,124.2326049120,UGL:0.300:x1.0,VXZ:0.700:x-1.0
2019-08-29,1.0401638410,125.1471466019,UGL:0.300:x1.0,VXZ:0.700:x-1.0
2019-08-28,0.2817794445,123.8588120253,UGL:0.300:x1.0,VXZ:0.700:x-1.0
2019-08-27,0.0174126200,123.5107840242,UGL:0.300:x1.0,VXZ:0.700:x-1.0
2019-08-26,0.4186643969,123.4892813049,UGL:0.300:x1.0,VXZ:0.700:x-1.0
2019-08-23,-2.8460732249,122.9744311444,UGL:0.300:x1.0,VXZ:0.700:x-1.0
2019-08-22,-0.3726425102,126.5769024747,UGL:0.300:x1.0,VXZ:0.700:x-1.0
2019-08-21,0.8105629876,127.0503460735,UGL:0.300:x1.0,VXZ:0.700:x-1.0
2019-08-20,-0.9888763164,126.0288032407,UGL:0.300:x1.0,VXZ:0.700:x-1.0
2019-08-19,0.5561474991,127.2875193735,UGL:0.300:x1.0,VXZ:0.700:x-1.0
2019-08-16,1.5499986417,126.5835282470,UGL:0.300:x1.0,VXZ:0.700:x-1.0
2019-08-15,2.5076426682,124.6514327327,UGL:0.300:x1.0,VXZ:0.700:x-1.0
2019-08-14,-5.1802098684,121.6020869158,UGL:0.300:x1.0,VXZ:0.700:x-1.0
2019-08-13,1.9141339108,128.2454714855,UGL:0.300:x1.0,VXZ:0.700:x-1.0
2019-08-12,-1.9371313852,125.8367868756,UGL:0.300:x1.0,VXZ:0.700:x-1.0
2019-08-09,-1.2707590335,128.3225635279,UGL:0.300:x1.0,VXZ:0.700:x-1.0
2019-08-08,2.3975067029,129.9742227041,UGL:0.300:x1.0,VXZ:0.700:x-1.0
2019-08-07,1.6091614081,126.9310424533,UGL:0.300:x1.0,VXZ:0.700:x-1.0
2019-08-06,0.8758015734,124.9208641172,UGL:0.300:x1.0,VXZ:0.700:x-1.0
2019-08-05,-2.1470658501,123.8363038199,UGL:0.300:x1.0,VXZ:0.700:x-1.0
2019-08-02,-0.3914098992,126.5534905986,UGL:0.300:x1.0,VXZ:0.700:x-1.0
2019-08-01,0.4387603577,127.0507799283,UGL:0.300:x1.0,VXZ:0.700:x-1.0
2019-07-31,0.1254951510,126.4957666501,UBT:0.700:x1.0,VXZ:0.300:x-1.0
2019-07-30,0.1846584185,126.3372195655,UBT:0.700:x1.0,VXZ:0.300:x-1.0
2019-07-29,-0.0658645646,126.1043572538,UBT:0.700:x1.0,VXZ:0.300:x-1.0
2019-07-26,0.6598691473,126.1874700815,UBT:0.700:x1.0,VXZ:0.300:x-1.0
2019-07-25,-1.1562470448,125.3602564264,UBT:0.700:x1.0,VXZ:0.300:x-1.0
2019-07-24,0.9530073497,126.8266862381,UBT:0.700:x1.0,VXZ:0.300:x-1.0
2019-07-23,0.0679777062,125.6294285506,UBT:0.700:x1.0,VXZ:0.300:x-1.0
2019-07-22,0.0125875248,125.5440865604,UBT:0.700:x1.0,VXZ:0.300:x-1.0
2019-07-19,-0.2797952579,125.5282856562,UBT:0.700:x1.0,VXZ:0.300:x-1.0
2019-07-18,-0.1272222440,125.8804933071,UBT:0.700:x1.0,VXZ:0.300:x-1.0
2019-07-17,1.3282710481,126.0408452988,UBT:0.700:x1.0,VXZ:0.300:x-1.0
2019-07-16,-0.9830225973,124.3886271769,UBT:0.700:x1.0,VXZ:0.300:x-1.0
2019-07-15,0.0465909331,125.6235349126,UGL:0.700:x1.0,VXZ:0.300:x-1.0
2019-07-12,0.8352580226,125.5650329920,UGL:0.700:x1.0,VXZ:0.300:x-1.0
2019-07-11,-0.9422773783,124.5249285362,UGL:0.700:x1.0,VXZ:0.300:x-1.0
2019-07-10,2.4643481931,125.7094603434,UGL:0.700:x1.0,VXZ:0.300:x-1.0
2019-07-09,0.4028743214,122.6860489138,UGL:0.700:x1.0,VXZ:0.300:x-1.0
2019-07-08,-1.3736852318,122.1937616259,UGL:0.700:x1.0,VXZ:0.300:x-1.0
2019-07-05,-1.5112123236,123.8956985396,UGL:0.700:x1.0,VXZ:0.300:x-1.0
2019-07-03,0.4959317506,125.7967545978,UGL:0.700:x1.0,VXZ:0.300:x-1.0
2019-07-02,3.1064135084,125.1759672322,UGL:0.700:x1.0,VXZ:0.300:x-1.0
2019-07-01,-1.9534755620,121.4046371830,UGL:0.700:x1.0,VXZ:0.300:x-1.0
2019-06-28,0.6207495084,123.8234989755,UGL:0.700:x1.0,VXZ:0.300:x-1.0
2019-06-27,0.0202877445,123.0596070696,UGL:0.700:x1.0,VXZ:0.300:x-1.0
2019-06-26,-1.2143006914,123.0346461150,UGL:0.700:x1.0,VXZ:0.300:x-1.0
2019-06-25,-0.1930766839,124.5470214577,UGL:0.700:x1.0,VXZ:0.300:x-1.0
2019-06-24,2.2508624389,124.7879579087,UGL:0.700:x1.0,VXZ:0.300:x-1.0
2019-06-21,0.2889702148,122.0409832565,UGL:0.700:x1.0,VXZ:0.300:x-1.0
2019-06-20,3.9736856206,121.6893373170,UGL:0.700:x1.0,VXZ:0.300:x-1.0
2019-06-19,1.0596421387,117.0385916309,UGL:0.700:x1.0,VXZ:0.300:x-1.0
2019-06-18,0.5635364831,115.8114051802,UGL:0.700:x1.0,VXZ:0.300:x-1.0
2019-06-17,0.1190764583,115.1624229122,UGL:0.700:x1.0,VXZ:0.300:x-1.0
2019-06-14,0.6216584624,115.0254546746,UBT:0.300:x1.0,VXZ:0.700:x-1.0
2019-06-13,0.2475949750,114.3148070031,UBT:0.300:x1.0,VXZ:0.700:x-1.0
2019-06-12,-0.4258699331,114.0324683415,UBT:0.300:x1.0,VXZ:0.700:x-1.0
2019-06-11,-0.1931891832,114.5201753356,UBT:0.300:x1.0,VXZ:0.700:x-1.0
2019-06-10,-0.0826438373,114.7418441672,UBT:0.300:x1.0,VXZ:0.700:x-1.0
2019-06-07,0.3253101253,114.8367496637,UBT:0.300:x1.0,VXZ:0.700:x-1.0
2019-06-06,0.6046370537,114.4643854281,UBT:0.300:x1.0,VXZ:0.700:x-1.0
2019-06-05,0.6066767829,113.7764508479,UBT:0.300:x1.0,VXZ:0.700:x-1.0
2019-06-04,1.1839423992,113.0903579028,UBT:0.300:x1.0,VXZ:0.700:x-1.0
2019-06-03,0.1524252364,111.7670998196,UBT:0.300:x1.0,VXZ:0.700:x-1.0
2019-05-31,1.4138866443,111.5969978318,UGL:0.700:x1.0,VXZ:0.300:x-1.0
2019-05-30,1.0138282239,110.0411408383,UGL:0.700:x1.0,VXZ:0.300:x-1.0
2019-05-29,-0.2606047404,108.9367097289,UGL:0.700:x1.0,VXZ:0.300:x-1.0
2019-05-28,-0.6951226562,109.2213457334,UGL:0.700:x1.0,VXZ:0.300:x-1.0
2019-05-24,-0.0526626879,109.9858825214,UGL:0.700:x1.0,VXZ:0.300:x-1.0
2019-05-23,0.2671498633,110.0438345626,UGL:0.700:x1.0,VXZ:0.300:x-1.0
2019-05-22,0.0083197299,109.7506358888,UGL:0.700:x1.0,VXZ:0.300:x-1.0
2019-05-21,0.0131636649,109.7415056919,UGL:0.700:x1.0,VXZ:0.300:x-1.0
2019-05-20,-0.2920123981,109.7270615891,UGL:0.700:x1.0,VXZ:0.300:x-1.0
2019-05-17,-1.1981275589,110.0484166095,UGL:0.700:x1.0,VXZ:0.300:x-1.0
2019-05-16,-0.7075195796,111.3829261436,UGL:0.700:x1.0,VXZ:0.300:x-1.0
2019-05-15,1.8130537700,112.1765975348,UBT:0.300:x1.0,VXZ:0.700:x-1.0
2019-05-14,2.1531952419,110.1789931458,UBT:0.300:x1.0,VXZ:0.700:x-1.0
2019-05-13,-4.0906730337,107.8566293349,UBT:0.300:x1.0,VXZ:0.700:x-1.0
2019-05-10,2.9076852037,112.4568722840,UBT:0.300:x1.0,VXZ:0.700:x-1.0
2019-05-09,-0.1099650324,109.2793721493,UBT:0.300:x1.0,VXZ:0.700:x-1.0
2019-05-08,1.2369257373,109.3996735357,UBT:0.300:x1.0,VXZ:0.700:x-1.0
2019-05-07,-4.0257382504,108.0630142993,UBT:0.300:x1.0,VXZ:0.700:x-1.0
2019-05-06,-0.9156507054,112.5958275993,UBT:0.300:x1.0,VXZ:0.700:x-1.0
2019-05-03,2.1934652767,113.6363395440,UBT:0.300:x1.0,VXZ:0.700:x-1.0
2019-05-02,-0.9489454453,111.1972661230,UBT:0.300:x1.0,VXZ:0.700:x-1.0
2019-05-01,-0.8303047371,112.2625767317,UBT:0.300:x1.0,VXZ:0.700:x-1.0
2019-04-30,0.3511994437,113.2025024722,UGL:0.700:x1.0,VXZ:0.300:x-1.0
2019-04-29,-0.8333280647,112.8063272784,UGL:0.700:x1.0,VXZ:0.300:x-1.0
2019-04-26,1.3248734261,113.7542735648,UGL:0.700:x1.0,VXZ:0.300:x-1.0
2019-04-25,-0.2612245378,112.2668795118,UGL:0.700:x1.0,VXZ:0.300:x-1.0
2019-04-24,0.3793946585,112.5609162450,UGL:0.700:x1.0,VXZ:0.300:x-1.0
2019-04-23,-0.3531993617,112.1354802227,UGL:0.700:x1.0,VXZ:0.300:x-1.0
2019-04-22,0.2450481872,112.5329458693,UGL:0.700:x1.0,VXZ:0.300:x-1.0
2019-04-18,0.1826874718,112.2578600182,UGL:0.700:x1.0,VXZ:0.300:x-1.0
2019-04-17,-0.2895662557,112.0531529460,UGL:0.700:x1.0,VXZ:0.300:x-1.0
2019-04-16,-1.7047133855,112.3785633442,UGL:0.700:x1.0,VXZ:0.300:x-1.0
2019-04-15,-0.0966078461,114.3275198788,UGL:0.700:x1.0,VXZ:0.300:x-1.0
2019-04-12,-0.0647983857,114.4380760392,UGL:0.700:x1.0,VXZ:0.300:x-1.0
2019-04-11,-1.4959132268,114.5122781469,UGL:0.700:x1.0,VXZ:0.300:x-1.0
2019-04-10,0.5647819063,116.2512966701,UGL:0.700:x1.0,VXZ:0.300:x-1.0
2019-04-09,-0.0365186999,115.5984177228,UGL:0.700:x1.0,VXZ:0.300:x-1.0
2019-04-08,0.9528731705,115.6406481841,UGL:0.700:x1.0,VXZ:0.300:x-1.0
2019-04-05,0.0749154335,114.5491401604,UGL:0.700:x1.0,VXZ:0.300:x-1.0
2019-04-04,0.4430455531,114.4633894160,UGL:0.700:x1.0,VXZ:0.300:x-1.0
2019-04-03,-0.0196612154,113.9585013434,UGL:0.700:x1.0,VXZ:0.300:x-1.0
2019-04-02,0.1400964662,113.9809113759,UGL:0.700:x1.0,VXZ:0.300:x-1.0
2019-04-01,-0.0888267180,113.8214515446,UGL:0.700:x1.0,VXZ:0.300:x-1.0
2019-03-29,0.3391229809,113.9226452914,UBT:0.700:x1.0,VXZ:0.300:x-1.0
2019-03-28,0.5971608725,113.5376131533,UBT:0.700:x1.0,VXZ:0.300:x-1.0
2019-03-27,0.9342230504,112.8636356817,UBT:0.700:x1.0,VXZ:0.300:x-1.0
2019-03-26,0.2539599511,111.8189968386,UBT:0.700:x1.0,VXZ:0.300:x-1.0
2019-03-25,-0.0456478738,111.5357407260,UBT:0.700:x1.0,VXZ:0.300:x-1.0
2019-03-22,1.2809733532,111.5866776718,UBT:0.700:x1.0,VXZ:0.300:x-1.0
2019-03-21,0.4654904869,110.1753606600,UBT:0.700:x1.0,VXZ:0.300:x-1.0
2019-03-20,1.2214164857,109.6648810711,UBT:0.700:x1.0,VXZ:0.300:x-1.0
2019-03-19,-0.5825152807,108.3415791623,UBT:0.700:x1.0,VXZ:0.300:x-1.0
2019-03-18,0.0467059260,108.9763832471,UBT:0.700:x1.0,VXZ:0.300:x-1.0
2019-03-15,0.7205403566,108.9255085797,UGL:0.700:x1.0,VXZ:0.300:x-1.0
2019-03-14,-1.5412481223,108.1462710526,UGL:0.700:x1.0,VXZ:0.300:x-1.0
2019-03-13,1.1217649248,109.8391651226,UGL:0.700:x1.0,VXZ:0.300:x-1.0
2019-03-12,1.1809788405,108.6206962510,UGL:0.700:x1.0,VXZ:0.300:x-1.0
2019-03-11,0.4285383222,107.3528814366,UGL:0.700:x1.0,VXZ:0.300:x-1.0
2019-03-08,1.2678147633,106.8947962701,UGL:0.700:x1.0,VXZ:0.300:x-1.0
2019-03-07,-0.8698983991,105.5565349366,UGL:0.700:x1.0,VXZ:0.300:x-1.0
2019-03-06,-0.5698321228,106.4828273470,UGL:0.700:x1.0,VXZ:0.300:x-1.0
2019-03-05,0.1966153336,107.0930781074,UGL:0.700:x1.0,VXZ:0.300:x-1.0
2019-03-04,-0.8815920162,106.8829298783,UGL:0.700:x1.0,VXZ:0.300:x-1.0
2019-03-01,-1.9400390266,107.8335821291,UGL:0.700:x1.0,VXZ:0.300:x-1.0
2019-02-28,-0.4230784220,109.9669845457,UBT:0.700:x1.0,VXZ:0.300:x-1.0
2019-02-27,-1.3415570800,110.4342078496,UBT:0.700:x1.0,VXZ:0.300:x-1.0
2019-02-26,0.4557175055,111.9358917302,UBT:0.700:x1.0,VXZ:0.300:x-1.0
2019-02-25,-0.2806829106,111.4280943979,UBT:0.700:x1.0,VXZ:0.300:x-1.0
2019-02-22,1.1926506812,111.7417343503,UBT:0.700:x1.0,VXZ:0.300:x-1.0
2019-02-21,-1.3079147885,110.4247527841,UBT:0.700:x1.0,VXZ:0.300:x-1.0
2019-02-20,-0.0780223086,111.8881545034,UBT:0.700:x1.0,VXZ:0.300:x-1.0
2019-02-19,0.6025483725,111.9755203895,UBT:0.700:x1.0,VXZ:0.300:x-1.0
2019-02-15,0.5967738446,111.3048547984,UBT:0.700:x1.0,VXZ:0.300:x-1.0
2019-02-14,0.4889214322,110.6445570216,UBT:0.700:x1.0,VXZ:0.300:x-1.0
2019-02-13,-0.2679095811,110.1062240938,UBT:0.700:x1.0,VXZ:0.300:x-1.0
2019-02-12,-0.3235182671,110.4020016339,UBT:0.700:x1.0,VXZ:0.300:x-1.0
2019-02-11,-0.3967189194,110.7603315392,UBT:0.700:x1.0,VXZ:0.300:x-1.0
2019-02-08,0.6574169820,111.2014888843,UBT:0.700:x1.0,VXZ:0.300:x-1.0
2019-02-07,0.5915979634,110.4752061184,UBT:0.700:x1.0,VXZ:0.300:x-1.0
2019-02-06,0.1954293846,109.8254808106,UBT:0.700:x1.0,VXZ:0.300:x-1.0
2019-02-05,0.9443152916,109.6112681838,UBT:0.700:x1.0,VXZ:0.300:x-1.0
2019-02-04,-0.0403401444,108.5858751601,UBT:0.700:x1.0,VXZ:0.300:x-1.0
2019-02-01,-0.6497980871,108.6296965365,UBT:0.700:x1.0,VXZ:0.300:x-1.0
2019-01-31,1.8198726398,109.3401869800,UBT:0.700:x1.0,VXZ:0.300:x-1.0
2019-01-30,0.3228596407,107.3859003603,UBT:0.700:x1.0,VXZ:0.300:x-1.0
2019-01-29,0.6426813832,107.0403103988,UBT:0.700:x1.0,VXZ:0.300:x-1.0
2019-01-28,-0.6144636417,106.3567752048,UBT:0.700:x1.0,VXZ:0.300:x-1.0
2019-01-25,-0.0633821507,107.0143394119,UBT:0.700:x1.0,VXZ:0.300:x-1.0
2019-01-24,1.4396675541,107.0822104199,UBT:0.700:x1.0,VXZ:0.300:x-1.0
2019-01-23,-0.3200077400,105.5624619065,UBT:0.700:x1.0,VXZ:0.300:x-1.0
2019-01-22,0.1103977898,105.9013544374,UBT:0.700:x1.0,VXZ:0.300:x-1.0
2019-01-18,-0.1078856375,105.7845706096,UBT:0.700:x1.0,VXZ:0.300:x-1.0
2019-01-17,-0.1040190045,105.8988202269,UBT:0.700:x1.0,VXZ:0.300:x-1.0
2019-01-16,0.0761587648,106.0090898268,UBT:0.700:x1.0,VXZ:0.300:x-1.0
2019-01-15,0.1648968425,105.9284160536,UBT:0.700:x1.0,VXZ:0.300:x-1.0
2019-01-14,-0.3352980490,105.7540309957,UBT:0.700:x1.0,VXZ:0.300:x-1.0
2019-01-11,0.8140384856,106.1098151357,UBT:0.700:x1.0,VXZ:0.300:x-1.0
2019-01-10,-0.7787001016,105.2530150856,UBT:0.700:x1.0,VXZ:0.300:x-1.0
2019-01-09,-0.0415108130,106.0790527773,UBT:0.700:x1.0,VXZ:0.300:x-1.0
2019-01-08,-0.2601944861,106.1231053412,UBT:0.700:x1.0,VXZ:0.300:x-1.0
2019-01-07,0.0116537336,106.3999521498,UBT:0.700:x1.0,VXZ:0.300:x-1.0
2019-01-04,-0.5927437688,106.3875540277,UBT:0.700:x1.0,VXZ:0.300:x-1.0
2019-01-03,0.7816918682,107.0219197885,UBT:0.700:x1.0,VXZ:0.300:x-1.0
2019-01-02,0.9027193433,106.1918269128,UBT:0.700:x1.0,VXZ:0.300:x-1.0
2018-12-31,1.2555499216,105.2417889269,UBT:0.700:x1.0,VXZ:0.300:x-1.0
2018-12-28,1.1215069183,103.9368103856,UBT:0.700:x1.0,VXZ:0.300:x-1.0
2018-12-27,-0.6654222033,102.7840798195,UBT:0.700:x1.0,VXZ:0.300:x-1.0
2018-12-26,-0.7104811955,103.4726095376,UBT:0.700:x1.0,VXZ:0.300:x-1.0
2018-12-24,0.7337494003,104.2130234727,UBT:0.700:x1.0,VXZ:0.300:x-1.0
2018-12-21,-0.3630840224,103.4539308753,UBT:0.700:x1.0,VXZ:0.300:x-1.0
2018-12-20,-1.0115018145,103.8309243720,UBT:0.700:x1.0,VXZ:0.300:x-1.0
2018-12-19,1.6099135976,104.8919079239,UBT:0.700:x1.0,VXZ:0.300:x-1.0
2018-12-18,0.9447267062,103.2299942103,UBT:0.700:x1.0,VXZ:0.300:x-1.0
2018-12-17,-0.4625644910,102.2638800249,UBT:0.700:x1.0,VXZ:0.300:x-1.0
2018-12-14,0.3978372215,102.7391146878,UBT:0.700:x1.0,VXZ:0.300:x-1.0
2018-12-13,-0.3621007523,102.3319999027,UBT:0.700:x1.0,VXZ:0.300:x-1.0
2018-12-12,-0.5917325684,102.7038914664,UBT:0.700:x1.0,VXZ:0.300:x-1.0
2018-12-11,-0.0732366484,103.3152413979,UBT:0.700:x1.0,VXZ:0.300:x-1.0
2018-12-10,0.5797322860,103.3909614729,UBT:0.700:x1.0,VXZ:0.300:x-1.0
2018-12-07,-0.4725450331,102.7950255215,UBT:0.700:x1.0,VXZ:0.300:x-1.0
2018-12-06,-0.3940834671,103.2830846079,UBT:0.700:x1.0,VXZ:0.300:x-1.0
2018-12-04,1.0863073628,103.6917165194,UBT:0.700:x1.0,VXZ:0.300:x-1.0
2018-12-03,2.6190718667,102.5774105560,UBT:0.700:x1.0,VXZ:0.300:x-1.0
2018-11-30,-0.1063219877,99.9594019806,UGL:0.300:x1.0,VXZ:0.700:x-1.0
2018-11-29,1.3803232290,100.0657939218,UGL:0.300:x1.0,VXZ:0.700:x-1.0
2018-11-28,0.2255090680,98.7033684000,UGL:0.300:x1.0,VXZ:0.700:x-1.0
2018-11-27,0.6484080439,98.4812841739,UGL:0.300:x1.0,VXZ:0.700:x-1.0
2018-11-26,1.8128193490,97.8468374094,UGL:0.300:x1.0,VXZ:0.700:x-1.0
2018-11-23,0.3673816129,96.1046340089,UGL:0.300:x1.0,VXZ:0.700:x-1.0
2018-11-21,-0.3153747414,95.7528556235,UGL:0.300:x1.0,VXZ:0.700:x-1.0
2018-11-20,-3.9664897351,96.0557913270,UGL:0.300:x1.0,VXZ:0.700:x-1.0
2018-11-19,0.1064805229,100.0232013409,UGL:0.300:x1.0,VXZ:0.700:x-1.0
2018-11-16,0.3830166271,99.9168093998,UGL:0.300:x1.0,VXZ:0.700:x-1.0
2018-11-15,0.2306665189,99.5355716106,UGL:0.700:x1.0,VXZ:0.300:x-1.0
2018-11-14,1.1238839982,99.3065047531,UGL:0.700:x1.0,VXZ:0.300:x-1.0
2018-11-13,-1.6611391700,98.2028189848,UGL:0.700:x1.0,VXZ:0.300:x-1.0
2018-11-12,-0.9417401317,99.8616601371,UGL:0.700:x1.0,VXZ:0.300:x-1.0
2018-11-09,-1.9167512789,100.8110381405,UGL:0.700:x1.0,VXZ:0.300:x-1.0
2018-11-08,0.1886063022,102.7810961147,UGL:0.700:x1.0,VXZ:0.300:x-1.0
2018-11-07,0.8720540613,102.5876094181,UGL:0.700:x1.0,VXZ:0.300:x-1.0
2018-11-06,-0.1828019072,101.7007241229,UGL:0.700:x1.0,VXZ:0.300:x-1.0
2018-11-05,-0.9401856464,101.8869754572,UGL:0.700:x1.0,VXZ:0.300:x-1.0
2018-11-02,-0.0202423296,102.8539939450,UGL:0.700:x1.0,VXZ:0.300:x-1.0
2018-11-01,1.9186560566,102.8748182048,UGL:0.700:x1.0,VXZ:0.300:x-1.0
2018-10-31,-0.3371129352,100.9381620453,UGL:0.300:x1.0,VXZ:0.700:x-1.0
2018-10-30,-0.3095376455,101.2795886393,UGL:0.300:x1.0,VXZ:0.700:x-1.0
2018-10-29,-0.2294147296,101.5940605022,UGL:0.300:x1.0,VXZ:0.700:x-1.0
2018-10-26,0.1502272824,101.8276681717,UGL:0.300:x1.0,VXZ:0.700:x-1.0
2018-10-25,-0.1147478646,101.6749246955,UGL:0.300:x1.0,VXZ:0.700:x-1.0
2018-10-24,0.1414278769,101.7917285303,UGL:0.300:x1.0,VXZ:0.700:x-1.0
2018-10-23,0.3370232392,101.6479699644,UGL:0.300:x1.0,VXZ:0.700:x-1.0
2018-10-22,-0.1859034402,101.3065433704,UGL:0.300:x1.0,VXZ:0.700:x-1.0
2018-10-19,-1.0774697602,101.4952264881,UGL:0.300:x1.0,VXZ:0.700:x-1.0
2018-10-18,0.0613377291,102.6007182004,UGL:0.300:x1.0,VXZ:0.700:x-1.0
2018-10-17,-0.0875486125,102.5378238279,UGL:0.300:x1.0,VXZ:0.700:x-1.0
2018-10-16,-0.7597187722,102.6276729315,UGL:0.300:x1.0,VXZ:0.700:x-1.0
2018-10-15,0.9207841651,103.4133233621,UGL:0.700:x1.0,VXZ:0.300:x-1.0
2018-10-12,-0.9754951911,102.4697976909,UGL:0.700:x1.0,VXZ:0.300:x-1.0
2018-10-11,1.2047546976,103.4792326291,UGL:0.700:x1.0,VXZ:0.300:x-1.0
2018-10-10,0.2371732155,102.2474022473,UGL:0.700:x1.0,VXZ:0.300:x-1.0
2018-10-09,0.1511565480,102.0054725880,UGL:0.700:x1.0,VXZ:0.300:x-1.0
2018-10-08,-1.6772964518,101.8515173503,UGL:0.700:x1.0,VXZ:0.300:x-1.0
2018-10-05,-0.1869327805,103.5890121760,UGL:0.700:x1.0,VXZ:0.300:x-1.0
2018-10-04,0.1955591956,103.7830166547,UGL:0.700:x1.0,VXZ:0.300:x-1.0
2018-10-03,-0.6748817451,103.5804555491,UGL:0.700:x1.0,VXZ:0.300:x-1.0
2018-10-02,1.6725379078,104.2842509215,UGL:0.700:x1.0,VXZ:0.300:x-1.0
2018-10-01,-0.3206106870,102.5687497012,UGL:0.700:x1.0,VXZ:0.300:x-1.0
2018-09-28,0.8387257202,102.8986537820,UGL:0.700:x1.0,VXZ:0.300:x-1.0
2018-09-27,-1.1689912803,102.0427946180,UGL:0.700:x1.0,VXZ:0.300:x-1.0
2018-09-26,-1.1152794614,103.2497754904,UGL:0.700:x1.0,VXZ:0.300:x-1.0
2018-09-25,0.6705068457,104.4142865834,UGL:0.700:x1.0,VXZ:0.300:x-1.0
2018-09-24,-0.0634345265,103.7188446299,UGL:0.700:x1.0,VXZ:0.300:x-1.0
2018-09-21,-0.9425493716,103.7846799502,UGL:0.700:x1.0,VXZ:0.300:x-1.0
2018-09-20,0.4417996574,104.7722097549,UGL:0.700:x1.0,VXZ:0.300:x-1.0
2018-09-19,0.5925567615,104.3113625127,UGL:0.700:x1.0,VXZ:0.300:x-1.0
2018-09-18,-0.2707827494,103.6968995231,UGL:0.700:x1.0,VXZ:0.300:x-1.0
2018-09-17,0.7191314910,103.9784552430,UGL:0.700:x1.0,VXZ:0.300:x-1.0
2018-09-14,-0.7658108105,103.2360522809,UGL:0.700:x1.0,VXZ:0.300:x-1.0
2018-09-13,0.8253671892,104.0327462986,UGL:0.700:x1.0,VXZ:0.300:x-1.0
2018-09-12,1.1785170072,103.1811231626,UGL:0.700:x1.0,VXZ:0.300:x-1.0
2018-09-11,0.0400234514,101.9792800039,UGL:0.700:x1.0,VXZ:0.300:x-1.0
2018-09-10,-0.0850838253,101.9384807056,UGL:0.700:x1.0,VXZ:0.300:x-1.0
2018-09-07,-0.4921159765,102.0252877232,UGL:0.700:x1.0,VXZ:0.300:x-1.0
2018-09-06,-0.2679030023,102.5298535130,UGL:0.700:x1.0,VXZ:0.300:x-1.0
2018-09-05,0.3535644551,102.8052719230,UGL:0.700:x1.0,VXZ:0.300:x-1.0
2018-09-04,-0.6557712197,102.4430696421,UGL:0.700:x1.0,VXZ:0.300:x-1.0
2018-08-31,-0.2302673505,103.1192963092,UGL:0.700:x1.0,VXZ:0.300:x-1.0
2018-08-30,-0.6298798500,103.3572944125,UGL:0.700:x1.0,VXZ:0.300:x-1.0
2018-08-29,0.4844554875,104.0124478631,UGL:0.700:x1.0,VXZ:0.300:x-1.0
2018-08-28,-1.0701759645,103.5109832247,UGL:0.700:x1.0,VXZ:0.300:x-1.0
2018-08-27,0.6356283731,104.6307159988,UGL:0.700:x1.0,VXZ:0.300:x-1.0
2018-08-24,2.3537948496,103.9698541066,UGL:0.700:x1.0,VXZ:0.300:x-1.0
2018-08-23,-1.3013135038,101.5788953007,UGL:0.700:x1.0,VXZ:0.300:x-1.0
2018-08-22,0.2566531211,102.9181835207,UGL:0.700:x1.0,VXZ:0.300:x-1.0
2018-08-21,0.4295928074,102.6547169857,UGL:0.700:x1.0,VXZ:0.300:x-1.0
2018-08-20,0.7138883738,102.2156060938,UGL:0.700:x1.0,VXZ:0.300:x-1.0
2018-08-17,1.2041409940,101.4910731224,UGL:0.700:x1.0,VXZ:0.300:x-1.0
2018-08-16,-0.0218886804,100.2835181699,UGL:0.700:x1.0,VXZ:0.300:x-1.0
2018-08-15,-0.9577585247,100.3054737145,UGL:0.300:x1.0,VXZ:0.700:x-1.0
2018-08-14,0.0684581563,101.2754479506,UGL:0.300:x1.0,VXZ:0.700:x-1.0
2018-08-13,-0.8652888926,101.2061640766,UGL:0.300:x1.0,VXZ:0.700:x-1.0
2018-08-10,-0.0423981385,102.0895334702,UGL:0.300:x1.0,VXZ:0.700:x-1.0
2018-08-09,-0.1270328369,102.1328358915,UGL:0.300:x1.0,VXZ:0.700:x-1.0
2018-08-08,0.1866626076,102.2627431553,UGL:0.300:x1.0,VXZ:0.700:x-1.0
2018-08-07,0.1443625461,102.0722125017,UGL:0.300:x1.0,VXZ:0.700:x-1.0
2018-08-06,-0.3386408643,101.9250708743,UGL:0.300:x1.0,VXZ:0.700:x-1.0
2018-08-03,0.2461805811,102.2714036395,UGL:0.300:x1.0,VXZ:0.700:x-1.0
2018-08-02,-0.3468412324,102.0202495962,UGL:0.300:x1.0,VXZ:0.700:x-1.0
2018-08-01,1.7003490343,102.3753294505,UGL:0.300:x1.0,VXZ:0.700:x-1.0
2018-07-31,0.3994863747,100.6636952800,UGL:0.700:x1.0,VXZ:0.300:x-1.0
2018-07-30,-0.2977270044,100.2631576264,UGL:0.700:x1.0,VXZ:0.300:x-1.0
2018-07-27,0.0787255851,100.5625595224,UGL:0.700:x1.0,VXZ:0.300:x-1.0
2018-07-26,-1.0647887324,100.4834533359,UGL:0.700:x1.0,VXZ:0.300:x-1.0
2018-07-25,0.7749737417,101.5649050004,UGL:0.700:x1.0,VXZ:0.300:x-1.0
2018-07-24,0.0198750710,100.7838565760,UGL:0.700:x1.0,VXZ:0.300:x-1.0
2018-07-23,-0.6262913715,100.7638296933,UGL:0.700:x1.0,VXZ:0.300:x-1.0
2018-07-20,0.9110244291,101.3988821430,UGL:0.700:x1.0,VXZ:0.300:x-1.0
2018-07-19,-0.6337350761,100.4834533359,UGL:0.700:x1.0,VXZ:0.300:x-1.0
2018-07-18,0.0697594883,101.1243135815,UGL:0.700:x1.0,VXZ:0.300:x-1.0
2018-07-17,-1.5514800156,101.0538189545,UGL:0.700:x1.0,VXZ:0.300:x-1.0
2018-07-16,-0.1169265033,102.6463566649,UGL:0.700:x1.0,VXZ:0.300:x-1.0
2018-07-13,-0.2468593999,102.7665179609,UGL:0.300:x1.0,VXZ:0.700:x-1.0
2018-07-12,0.2144035184,103.0208345749,UGL:0.300:x1.0,VXZ:0.700:x-1.0
2018-07-11,-0.6228146853,102.8004268428,UGL:0.300:x1.0,VXZ:0.700:x-1.0
2018-07-10,-0.1554616119,103.4446955982,UGL:0.300:x1.0,VXZ:0.700:x-1.0
2018-07-09,0.1526669182,103.6057627870,UGL:0.300:x1.0,VXZ:0.700:x-1.0
2018-07-06,-0.0952134047,103.4478321697,UGL:0.300:x1.0,VXZ:0.700:x-1.0
2018-07-05,-0.0081862090,103.5464222438,UGL:0.300:x1.0,VXZ:0.700:x-1.0
2018-07-03,0.8004180878,103.5548994642,UGL:0.300:x1.0,VXZ:0.700:x-1.0
2018-07-02,-0.5579868709,102.7326090791,UGL:0.300:x1.0,VXZ:0.700:x-1.0
2018-06-29,0.3262159064,103.3090600707,UGL:0.700:x1.0,VXZ:0.300:x-1.0
2018-06-28,-0.3621812038,102.9731452915,UGL:0.700:x1.0,VXZ:0.300:x-1.0
2018-06-27,-0.7557540611,103.3474503312,UGL:0.700:x1.0,VXZ:0.300:x-1.0
2018-06-26,-0.7319244027,104.1344506712,UGL:0.700:x1.0,VXZ:0.300:x-1.0
2018-06-25,-0.4372345060,104.9022558809,UGL:0.700:x1.0,VXZ:0.300:x-1.0
2018-06-22,0.1825135492,105.3629390068,UGL:0.700:x1.0,VXZ:0.300:x-1.0
2018-06-21,1.3270902747,105.1709877043,UGL:0.700:x1.0,VXZ:0.300:x-1.0
2018-06-20,-0.6431121378,103.7935535494,UGL:0.700:x1.0,VXZ:0.300:x-1.0
2018-06-19,-0.3479034241,104.4653831079,UGL:0.700:x1.0,VXZ:0.300:x-1.0
2018-06-18,-0.2374739040,104.8300905825,UGL:0.700:x1.0,VXZ:0.300:x-1.0
2018-06-15,-1.0454017474,105.0796272757,UGL:0.300:x1.0,VXZ:0.700:x-1.0
2018-06-14,0.1289474350,106.1897366381,UGL:0.300:x1.0,VXZ:0.700:x-1.0
2018-06-13,0.1671520831,106.0529840355,UGL:0.300:x1.0,VXZ:0.700:x-1.0
2018-06-12,-0.2122873967,105.8760100791,UGL:0.300:x1.0,VXZ:0.700:x-1.0
2018-06-11,0.0910631624,106.1012496599,UGL:0.300:x1.0,VXZ:0.700:x-1.0
2018-06-08,0.0835443038,106.0047184110,UGL:0.300:x1.0,VXZ:0.700:x-1.0
2018-06-07,-0.0151875664,105.9162314328,UGL:0.300:x1.0,VXZ:0.700:x-1.0
2018-06-06,-0.0075932066,105.9323199743,UGL:0.300:x1.0,VXZ:0.700:x-1.0
2018-06-05,0.2893768245,105.9403642451,UGL:0.300:x1.0,VXZ:0.700:x-1.0
2018-06-04,-0.0988994269,105.6346819569,UGL:0.300:x1.0,VXZ:0.700:x-1.0
2018-06-01,-0.3185035389,105.7392574765,UGL:0.300:x1.0,VXZ:0.700:x-1.0
2018-05-31,-0.3006796877,106.0771168477,UGL:0.700:x1.0,VXZ:0.300:x-1.0
2018-05-30,0.1949367089,106.3970311085,UGL:0.700:x1.0,VXZ:0.300:x-1.0
2018-05-29,-0.0885291514,106.1900277633,UGL:0.700:x1.0,VXZ:0.300:x-1.0
2018-05-25,-0.4406950390,106.2841201929,UGL:0.700:x1.0,VXZ:0.300:x-1.0
2018-05-24,1.2132334200,106.7545823413,UGL:0.700:x1.0,VXZ:0.300:x-1.0
2018-05-23,0.1250478499,105.4749252978,UGL:0.700:x1.0,VXZ:0.300:x-1.0
2018-05-22,0.0000000000,105.3431958963,UGL:0.700:x1.0,VXZ:0.300:x-1.0
2018-05-21,0.0000000000,105.3431958963,UGL:0.700:x1.0,VXZ:0.300:x-1.0
2018-05-18,0.1072988785,105.3431958963,UGL:0.700:x1.0,VXZ:0.300:x-1.0
2018-05-17,0.1253389267,105.2302849807,UGL:0.700:x1.0,VXZ:0.300:x-1.0
2018-05-16,-0.3212646609,105.0985555792,UGL:0.700:x1.0,VXZ:0.300:x-1.0
2018-05-15,-0.9074386319,105.4372883260,UGL:0.300:x1.0,VXZ:0.700:x-1.0
2018-05-14,-0.2430309488,106.4028286990,UGL:0.300:x1.0,VXZ:0.700:x-1.0
2018-05-11,-0.0816806301,106.6620504923,UGL:0.300:x1.0,VXZ:0.700:x-1.0
2018-05-10,6.9084046063,106.7492439474,UGL:0.300:x1.0,VXZ:0.700:x-1.0
2018-05-09,-0.1179651020,99.8511242782,UGL:0.300:x1.0,VXZ:0.700:x-1.0
2018-05-08,0.0000000000,99.9690528734,UGL:0.300:x1.0,VXZ:0.700:x-1.0
2018-05-07,0.0039814807,99.9690528734,UGL:0.300:x1.0,VXZ:0.700:x-1.0
2018-05-04,0.0845673242,99.9650727833,UGL:0.300:x1.0,VXZ:0.700:x-1.0
2018-05-03,0.3370400499,99.8806064270,UGL:0.300:x1.0,VXZ:0.700:x-1.0
2018-05-02,0.0035541514,99.5450995737,UGL:0.300:x1.0,VXZ:0.700:x-1.0
2018-05-01,-0.5009823183,99.5415617159,UGL:0.300:x1.0,VXZ:0.700:x-1.0
2018-04-30,-0.8986721779,100.0427582454,UGL:0.700:x1.0,VXZ:0.300:x-1.0
2018-04-27,0.5858853300,100.9499675171,UGL:0.700:x1.0,VXZ:0.300:x-1.0
2018-04-26,-0.4831026336,100.3619615077,UGL:0.700:x1.0,VXZ:0.300:x-1.0
2018-04-25,-0.7504348929,100.8491664869,UGL:0.700:x1.0,VXZ:0.300:x-1.0
2018-04-24,0.6992711926,101.6116961098,UGL:0.700:x1.0,VXZ:0.300:x-1.0
2018-04-23,-1.2008053428,100.9060888985,UGL:0.700:x1.0,VXZ:0.300:x-1.0
2018-04-20,-0.9127577309,102.1325014324,UGL:0.700:x1.0,VXZ:0.300:x-1.0
2018-04-19,-0.3411165612,103.0733110475,UGL:0.700:x1.0,VXZ:0.300:x-1.0
2018-04-18,0.0650168275,103.4261146531,UGL:0.700:x1.0,VXZ:0.300:x-1.0
2018-04-17,-0.0487388543,103.3589139663,UGL:0.700:x1.0,VXZ:0.300:x-1.0
2018-04-16,1.1189251736,103.4093144814,UGL:0.700:x1.0,VXZ:0.300:x-1.0
2018-04-13,2.8799241448,102.2650451475,UGL:0.700:x1.0,VXZ:0.300:x-1.0
2018-04-12,-1.7904159859,99.4023333488,UGL:0.700:x1.0,VXZ:0.300:x-1.0
2018-04-11,0.8543600112,101.2144938263,UGL:0.700:x1.0,VXZ:0.300:x-1.0
2018-04-10,0.6633707140,100.3570830404,UGL:0.700:x1.0,VXZ:0.300:x-1.0
2018-04-09,0.3125782044,99.6957307595,UGL:0.700:x1.0,VXZ:0.300:x-1.0
2018-04-06,0.7876001772,99.3850746776,UGL:0.700:x1.0,VXZ:0.300:x-1.0
2018-04-05,-0.7812732131,98.6084344729,UGL:0.700:x1.0,VXZ:0.300:x-1.0
2018-04-04,-0.1442980014,99.3849020909,UGL:0.700:x1.0,VXZ:0.300:x-1.0
2018-04-03,-1.2040121545,99.5285197557,UGL:0.700:x1.0,VXZ:0.300:x-1.0
2018-04-02,-1.6605231490,100.7414591687,UGL:0.700:x1.0,VXZ:0.300:x-1.0
2018-03-29,0.0000000000,102.4425412811,UGL:0.700:x1.0,VXZ:0.300:x-1.0
2018-03-28,-2.0387219478,102.4425412811,UGL:0.700:x1.0,VXZ:0.300:x-1.0
2018-03-27,-1.1327711312,104.5745250756,UGL:0.700:x1.0,VXZ:0.300:x-1.0
2018-03-26,1.0383874150,105.7726875448,UGL:0.700:x1.0,VXZ:0.300:x-1.0
2018-03-23,1.8123542981,104.6856449820,UGL:0.700:x1.0,VXZ:0.300:x-1.0
2018-03-22,-0.5341256442,102.8221434459,UGL:0.700:x1.0,VXZ:0.300:x-1.0
2018-03-21,2.9186095564,103.3742920492,UGL:0.700:x1.0,VXZ:0.300:x-1.0
2018-03-20,-0.7540283070,100.4427600555,UGL:0.700:x1.0,VXZ:0.300:x-1.0
2018-03-19,0.3249847282,101.2058810469,UGL:0.700:x1.0,VXZ:0.300:x-1.0
2018-03-16,-0.2559103095,100.8780428137,UGL:0.700:x1.0,VXZ:0.300:x-1.0
2018-03-15,-0.9635687283,101.1368624715,UGL:0.700:x1.0,VXZ:0.300:x-1.0
2018-03-14,-1.2715165937,102.1208672130,UGL:0.700:x1.0,VXZ:0.300:x-1.0
2018-03-13,0.2667385475,103.4360740585,UGL:0.700:x1.0,VXZ:0.300:x-1.0
2018-03-12,2.4406500585,103.1609041612,UGL:0.700:x1.0,VXZ:0.300:x-1.0
2018-03-09,0.0000000000,100.7030940377,UGL:0.700:x1.0,VXZ:0.300:x-1.0
2018-03-08,-0.2523695422,100.7030940377,UGL:0.700:x1.0,VXZ:0.300:x-1.0
2018-03-07,-1.2630943407,100.9578809796,UGL:0.700:x1.0,VXZ:0.300:x-1.0
2018-03-06,1.9089173980,102.2493872029,UGL:0.700:x1.0,VXZ:0.300:x-1.0
2018-03-05,-0.3664254625,100.3340922596,UGL:0.700:x1.0,VXZ:0.300:x-1.0
2018-03-02,0.7680517568,100.7030940377,UGL:0.700:x1.0,VXZ:0.300:x-1.0
2018-03-01,-3.2526699619,99.9355373871,UGL:0.700:x1.0,VXZ:0.300:x-1.0
2018-02-28,0.3832963648,103.2953956949,UBT:0.300:x1.0,VXZ:0.700:x-1.0
2018-02-27,-0.0524249893,102.9009799793,UBT:0.300:x1.0,VXZ:0.700:x-1.0
2018-02-26,2.7703541836,102.9549541030,UBT:0.300:x1.0,VXZ:0.700:x-1.0
2018-02-23,0.5249130296,100.1796237065,UBT:0.300:x1.0,VXZ:0.700:x-1.0
2018-02-22,0.1836432874,99.6565136814,UBT:0.300:x1.0,VXZ:0.700:x-1.0
2018-02-21,-0.5509385457,99.4738366576,UBT:0.300:x1.0,VXZ:0.700:x-1.0
2018-02-20,-0.2731945970,100.0249124556,UBT:0.300:x1.0,VXZ:0.700:x-1.0
2018-02-16,0.2989236960,100.2989236960,UBT:0.300:x1.0,VXZ:0.700:x-1.0
2018-02-15,0.0000000000,100.0000000000,UBT:0.000:x1.0,UGL:0.000:x1.0,VXZ:0.000:x-1.0
